id,text,obj_index,Y_O,Y_L,E_O,E_L,M_O,M_L
1463610804121575424,"Supply chain problems? Biden opens the ports 24/7.  Republicans complain. High gas prices, Biden opens the SPROW.  Republicans complain. Falling bridges and decaying roads-Biden delivers funds. GOP complains. Drug prices/child care/education costs down. GOP complains.  Pattern?",1,Biden,NA,Biden,NA,Biden,NA
1298786964599177216,"@ddale8 Crenshaw’s statement about liberty, freedom and other countries is embarrassingly erroneous and ethnocentric. But it’s consistent with the level of ignorance one would expect of a full-time Trump sycophant.",1,Trump,NA,Trump,NA,Trump,NA
1293669089987239936,"@MyDailyCapital @LauraKi8833 @NickAdamsinUSA Well, IF Ms. Harris were actually a ""female version of Obama"", that would be wonderful, as he is an astounding leader!  tRump is a racist Nazi-loving throwback to the 1940's who left his brain behind on a golf course somewhere!",1,Harris,NA,Harris,NA,Harris,NA
1293669089987239936,"@MyDailyCapital @LauraKi8833 @NickAdamsinUSA Well, IF Ms. Harris were actually a ""female version of Obama"", that would be wonderful, as he is an astounding leader!  tRump is a racist Nazi-loving throwback to the 1940's who left his brain behind on a golf course somewhere!",2,tRump,D,tRump,D,tRump,D
1359650513353134080,"In eight years, the Obama administration created 12 million jobs. Trump in 3.8 years -- not eight, but 3.8 years -- created 17 million jobs.",1,Trump,T,Trump,NA,Trump,NA
1324104321831677952,"Joe Biden just took Michigan – bumping him up to 264 electoral votes. One more state wins him the presidency.

https://t.co/so6UGTK1Tn https://t.co/q3jmw2Bo2h",1,Joe Biden,NA,Joe Biden,NA,Joe Biden,NA
1319666713206706176,Something we've all HEARD COME OUT OF HIS MOUTH.....Who BUILT THE CAGES JOE? FACT CHECK showed those photos making the rounds that raised serious questions came from 2014.....And Biden called Trump Abraham Lincoln trying to be a smart ass about an earlier statement that he,2,Trump,NA,Trump,NA,Trump,NA
1306430235127296000,"Is it just me, or did Nixon do a hell of a lot less than Trump at this point?",1,Trump,T,Trump,NA,Trump,NA
1347381302895505408,Retweet if you want @SpeakerPelosi and @senatemajldr to impeach and remove Donald Trump so he cannot run in 2024,1,Donald Trump,D,Donald Trump,NA,Donald Trump,NA
1347381302895505408,Retweet if you want @SpeakerPelosi and @senatemajldr to impeach and remove Donald Trump so he cannot run in 2024,2,@SpeakerPelosi,NA,@SpeakerPelosi,NA,@SpeakerPelosi,NA
1347381302895505408,Retweet if you want @SpeakerPelosi and @senatemajldr to impeach and remove Donald Trump so he cannot run in 2024,3,@senatemajldr,NA,@senatemajldr,NA,@senatemajldr,NA
1340064977109991424,"RT @donwinslow: Donald Trump continues the same strategy:

Commit so many horrors that the American people are constantly exhausted, on the…",1,Donald Trump,D,Donald Trump,NA,Donald Trump,D
1465784308107415552,"If Dr. Oz can run for Senate, then Big Bird can too.",1,Senate,NA,Senate,NA,Senate,NA
1326425698211401728,"🌸✋🌼😷💮👐🌸😷🌼✋💮
#facemasks #facemasks4all
#gifts #shoppingonline #healthandsafety#onlineshopping #socialdistancing #Quarantine
CDC recommends the use of cloth face coverings to supplement social distancing in fight against spread of  #covid19
https://t.co/U3PLC00eep https://t.co/ZqWnhLwF5I",1,CDC,NA,CDC,NA,CDC,NA
1276699242824941568,"Historic moment earlier today for Washington, D.C. and its more than 700,000 disenfranchised residents. They deserve full representation in Congress, full stop. https://t.co/XitahkSu3Z",1,Congress,NA,Congress,NA,Congress,NA
1431336719542939648,RT @TheRealHoarse: Sean Spicer wants you to know that Trump didn’t make him a loser; he was and is a loser all on his own.,1,Trump,NA,Trump,NA,Trump,NA
1451689969634971648,@TomCottonAR @DonaldJTrumpJr https://t.co/BsQoDfVvsf,1,@TomCottonAR,NA,@TomCottonAR,NA,@TomCottonAR,NA
1396597726586966016,"@Build_Blue_Wall @andrewsaundry You do understand that more Clinton supporters voted for McCain than Bernie supporters voted for Trump? Also y'know who campaigned for Hillary despite losing a rigged primary? Bernie, how the fuck does she lose to Trump despite all that?",1,Bernie,NA,Bernie,NA,Bernie,NA
1396597726586966016,"@Build_Blue_Wall @andrewsaundry You do understand that more Clinton supporters voted for McCain than Bernie supporters voted for Trump? Also y'know who campaigned for Hillary despite losing a rigged primary? Bernie, how the fuck does she lose to Trump despite all that?",2,Trump,NA,Trump,NA,Trump,NA
1245883252264534016,"I have learned more about the deep roots of corruption in our government, politicians, and the media through 3+ years of President Trump than I did the entire previous 37 years of my life.

THAT’S why I trust in Trump.",1,President Trump,T,President Trump,T,President Trump,T
1245883252264534016,"I have learned more about the deep roots of corruption in our government, politicians, and the media through 3+ years of President Trump than I did the entire previous 37 years of my life.

THAT’S why I trust in Trump.",2,government,D,government,D,government,D
1352409626990571520,"RT @kylegriffin1: The Proud Boys now mock Trump:

In dozens of conversations on social media, members of the far-right group are calling Tr…",1,Trump,NA,Trump,NA,Trump,NA
1250189212638314496,RT @Acosta: After Fauci clarifies comments Trump jumps up to complain about press coverage again: “I guess I’m doing ok. I’m the president…,2,Fauci,NA,Fauci,NA,Fauci,NA
1250189212638314496,RT @Acosta: After Fauci clarifies comments Trump jumps up to complain about press coverage again: “I guess I’m doing ok. I’m the president…,3,Trump,NA,Trump,NA,Trump,NA
1258599988877131776,"If the FBI can do that to a three-star general working as an advisor to the President of the United States, what do you think they can do to the average citizen if they want to?

Remember, the scariest part of Nazi Germany was the Gestapo and for the Soviet Union, it was the KGB.",1,FBI,NA,FBI,D,FBI,D
1405219989712424960,".@POTUS: ""How would it be if the United States were viewed by the rest of the world as interfering with the elections directly of other countries and everybody knew it? What would it be like if we engaged in activities that he engaged in? It diminishes the standing of a country."" https://t.co/yFFwwSKxSl",1,@POTUS,NA,@POTUS,NA,@POTUS,NA
1246193854090563584,JUST IN: President Trump announces the CDC recommendation that Americans voluntarily wear non-medical face masks in public https://t.co/XlDsPb6adn,1,President Trump,NA,President Trump,NA,President Trump,NA
1246193854090563584,JUST IN: President Trump announces the CDC recommendation that Americans voluntarily wear non-medical face masks in public https://t.co/XlDsPb6adn,2,CDC,NA,CDC,NA,CDC,NA
1294079149934510080,Mitch is shutting down the Senate without a vote on any Covid relief bill — even on his own bill because he can’t round up his fractured Republicans! This is pathetic.,1,Senate,NA,Senate,NA,Senate,NA
1387832291930611712,Please share across all platforms. Do you Know this person?? Please contact the FBI with 319-AFO do not post names on social media #SageCopWhacker #DCRiots #CapitolRiots https://t.co/T3QTLGNB2i,1,FBI,NA,FBI,NA,FBI,NA
1238943232467197952,"Whens The last time you have seen a President speak publically when they have a ""Cold""....just think about that. They rescheduale, They put off appearences, They NEVER show weakness from our president because it has many implications. The last 2 speeches he was not himself.",1,President,NA,President,NA,President,NA
1283880008075956224,"Are Members of Congress, governors, mayors even.. violating ethics rules that bar government officials from using their public office to endorse specific groups or products. #BlackLivesMatter",2,governors,NA,governors,NA,governors,NA
1244673170893930496,"Breaking: #Submarines are not save from the virus. So far coronavirus has claimed 3 subs. Two Russian, one Dutch. Nod to @hdevreij for Dutch info, @NavyLookout for use of tweet, and @BarentsNews for #Russia news
https://t.co/LUCaTeIcxs",1,Navy,NA,Navy,NA,Navy,NA
1293331001368809472,Taylor Swift officially endorses Kamala Harris for VP of the United States in new tweet. 🇺🇸 https://t.co/Fz7ahz1N0m,1,Kamala Harris,NA,Kamala Harris,NA,Kamala Harris,NA
1293331001368809472,Taylor Swift officially endorses Kamala Harris for VP of the United States in new tweet. 🇺🇸 https://t.co/Fz7ahz1N0m,2,VP,NA,VP,NA,VP,NA
1384312612201009152,"RT @MeidasTouch: Ron Johnson, a senator who celebrates the Fourth of July in Moscow, Russia, is going to be removed from the U.S. Senate wi…",1,Senate,NA,Senate,NA,Senate,NA
1384312612201009152,"RT @MeidasTouch: Ron Johnson, a senator who celebrates the Fourth of July in Moscow, Russia, is going to be removed from the U.S. Senate wi…",2,senator,NA,senator,NA,senator,NA
1384312612201009152,"RT @MeidasTouch: Ron Johnson, a senator who celebrates the Fourth of July in Moscow, Russia, is going to be removed from the U.S. Senate wi…",3,Ron Johnson,NA,Ron Johnson,NA,Ron Johnson,NA
1324761653913686016,"First they asked what happens if Trump doesn’t concede. 

We explained that it doesn’t matter. 

But they kept asking.

Finally everyone understands. 

Same with the question what if he won’t leave the White House. 

Soon everyone will understand leaving isn’t up to him.",1,White House,NA,White House,NA,White House,NA
1324761653913686016,"First they asked what happens if Trump doesn’t concede. 

We explained that it doesn’t matter. 

But they kept asking.

Finally everyone understands. 

Same with the question what if he won’t leave the White House. 

Soon everyone will understand leaving isn’t up to him.",2,Trump,NA,Trump,NA,Trump,NA
1289035478176415744,"RT @Eleven_Films: Trump has an evil 3-step plan to get re-elected 🤬

#TrumpsEvilPlan

Brutal new film from @donwinslow 

 https://t.co/Uofm…",1,Trump,D,Trump,D,Trump,D
1319105873403432960,"RT @rob11563: @sendavidperdue More of this, Dave?  #WednesdayThoughts 

The CARES Act Sent You a $1,200 Check but Gave Millionaires and Bil…",1,@sendavidperdue,NA,@sendavidperdue,NA,@sendavidperdue,NA
1315449312852221952,Early voting begins in Texas in just 36 hours. My crystal balls says George Bush will endorse Biden within those 36 hours. It would cost Trump Texas and the election.,1,Biden,NA,Biden,NA,Biden,NA
1315449312852221952,Early voting begins in Texas in just 36 hours. My crystal balls says George Bush will endorse Biden within those 36 hours. It would cost Trump Texas and the election.,2,Trump,NA,Trump,NA,Trump,NA
1221015459727847424,'Take her out': Recording appears to capture Trump at private dinner saying he wants Ukraine amba... https://t.co/haZLiXO1GC via @GMA,1,Trump,NA,Trump,NA,Trump,NA
1307521594831630336,This is the American president.  Shame on us.   Shame on us. https://t.co/AlZVfwulDJ,1,president,NA,president,NA,president,NA
1225617135273115648,"RT @CAPAction: Trump is a criminal—and the 52 Senate Republicans who voted to “acquit” him are now complicit in his crimes.

It’s no surpri…",2,Trump,D,Trump,D,Trump,D
1300565773493174272,"Dr. Dale Bratzler, Chief Quality Officer at OU Medicine, says 26% of Oklahoma patients who died of COVID had no underlying conditions. The CDC says it's at 6% nationwide.",1,CDC,NA,CDC,NA,CDC,NA
1311698674527989760,"Second piece of anti-#sexwork legislation today is the intro of #EARNITAct in the House by @RepAnnWagner, who brought you/ran on #FOSTA &amp; @RepSylviaGarcia, who we hope will be open to learning more about the false bill of goods she's co-sponsoring, HR8454 (no link yet) (1/22",1,@RepAnnWagner,NA,@RepAnnWagner,NA,@RepAnnWagner,NA
1423640484766011392,"We’re honored. 

US Senator Max Cleland (ret.) endorses Marcus Flowers in his campaign against Rep. Marjorie Taylor Greene. 

“Marcus sat across the table and negotiated with Afghan warlords so I know he can deliver in Washington.” 

-Senator Max Cleland https://t.co/0bNWlQQHtS",2,Senator,NA,Senator,NA,Senator,NA
1423640484766011392,"We’re honored. 

US Senator Max Cleland (ret.) endorses Marcus Flowers in his campaign against Rep. Marjorie Taylor Greene. 

“Marcus sat across the table and negotiated with Afghan warlords so I know he can deliver in Washington.” 

-Senator Max Cleland https://t.co/0bNWlQQHtS",3,Marjorie Taylor Greene,NA,Marjorie Taylor Greene,NA,Marjorie Taylor Greene,NA
1362503852117929984,"@JSCCounterPunch @PattyArquette This story about the Ted Cruz family just keeps getting better &amp; better, doesn't it? What an tool @tedcruz is!",1,@tedcruz,D,@tedcruz,D,@tedcruz,D
1362503852117929984,"@JSCCounterPunch @PattyArquette This story about the Ted Cruz family just keeps getting better &amp; better, doesn't it? What an tool @tedcruz is!",2,Ted Cruz,D,Ted Cruz,D,Ted Cruz,D
1334769141794832384,"@4everpeggy @Rothbard1776 @SidneyPowell1 I have seen the debunked videos, I have not seen one that has not been debunked to date and it has been a freaking month. I don't trust anyone that speaks or works for Trump as he is the most dishonest President in history and people in his employ have been caught lying often.",2,Trump,D,Trump,D,Trump,D
1278364515877351424,"As in TX/FL/GA a central component of the AZ story is that the R gov not only opened early &amp; widely in response to Trump's cues, but has specifically blocked local D officials who raised concerns from acting to restrict or reconsider his decisions (exc belatedly allowing masks). https://t.co/WGuG4bqD25",1,Trump,NA,Trump,NA,Trump,NA
1312155879811104768,RT @BeschlossDC: Photograph of a President in physical distress can hurt him politically—look at this of Jimmy Carter near collapse during…,1,President,NA,President,NA,President,NA
1207403033732120576,"@justinamash
 represent your constituents in MI &amp; vote NO on the articles of impeachment of President Donald John Trump.  No proof of High Crimes &amp; Misdemeanors has been presented.  This is not ""your"" vote, rather it is ""our vote"", the people who sent you to DC. 
@realDonaldTrump",4,@justinamash,NA,@justinamash,NA,@justinamash,NA
1310227192098496512,"Census Bureau ""comfortable"" with IT as final response deadline looms https://t.co/CD7h7uAiKz by @DaveNyczepir https://t.co/hOiPKxFBtE",1,Census Bureau,NA,Census Bureau,NA,Census Bureau,NA
1382908625119682560,"RT @POTUS: This afternoon, Vice President Harris and I met with Congressional Asian Pacific American Caucus leaders in the Oval Office. We…",1,Vice President Harris,NA,Vice President Harris,NA,Vice President Harris,NA
1382908625119682560,"RT @POTUS: This afternoon, Vice President Harris and I met with Congressional Asian Pacific American Caucus leaders in the Oval Office. We…",2,@POTUS,NA,@POTUS,NA,@POTUS,NA
1347671970196975616,RT @TexasTribune: Julián and Joaquin Castro are calling on Ted Cruz to resign after he objected to Joe Biden's victory just before pro-Trum…,1,Joe Biden,NA,Joe Biden,NA,Joe Biden,NA
1347671970196975616,RT @TexasTribune: Julián and Joaquin Castro are calling on Ted Cruz to resign after he objected to Joe Biden's victory just before pro-Trum…,2,Joaquin Castro,NA,Joaquin Castro,NA,Joaquin Castro,NA
1347671970196975616,RT @TexasTribune: Julián and Joaquin Castro are calling on Ted Cruz to resign after he objected to Joe Biden's victory just before pro-Trum…,3,Ted Cruz,NA,Ted Cruz,NA,Ted Cruz,NA
1362623553863098368,"RT @starsandstripes: Shortly after sunrise on Jan. 15, FBI agents descended with guns drawn on a squat, red-brick apartment complex here, b…",1,FBI,NA,FBI,NA,FBI,NA
1394796431135940608,"When you care more about covering up for an impeached one-term, disgraceful president more than upholding your oath to protect and defend the Constitution of the US.  

These folks love power &amp; don’t care about American Democracy. #TodaysGOP https://t.co/3YFyPLqtaT",1,president,D,president,NA,president,D
1221891691629760512,"Ms. Raskin, READ THE TRANSCRIPT! Trump directed Zelensky to deal with Giuliani in investigationing the Bidens. This isn't hearsay. #ImpeachmentTrials",1,Trump,NA,Trump,NA,Trump,NA
1324865698313670656,"In true Philly fashion, Philadelphia Mayor Jim Kenney did not mince words when reporters asked him about President Donald Trump’s refusal to accept a loss to Democratic candidate Joe Biden. #Election2020 https://t.co/1T4qTPdPXs",1,President Donald Trump,NA,President Donald Trump,NA,President Donald Trump,NA
1324865698313670656,"In true Philly fashion, Philadelphia Mayor Jim Kenney did not mince words when reporters asked him about President Donald Trump’s refusal to accept a loss to Democratic candidate Joe Biden. #Election2020 https://t.co/1T4qTPdPXs",2,Joe Biden,NA,Joe Biden,NA,Joe Biden,NA
1298302704847130624,"If Trump stooge Peter Navarro is going to be that dishonest and abusive on air, MSBNC needs to stop booking him. Forever.",1,Trump,NA,Trump,NA,Trump,NA
1242395530677956608,U.S. Army Museum of Hawaii:  So That We May Never Forget the Price of Freedom https://t.co/X89yzXpiis,1,U.S. Army,NA,U.S. Army,NA,U.S. Army,NA
1350143944399740928,RT @kylegriffin1: Mike Pence telephoned Kamala Harris on Thursday to congratulate her and offer his assistance ahead of next week's swearin…,1,Mike Pence,NA,Mike Pence,NA,Mike Pence,NA
1350143944399740928,RT @kylegriffin1: Mike Pence telephoned Kamala Harris on Thursday to congratulate her and offer his assistance ahead of next week's swearin…,2,Kamala Harris,NA,Kamala Harris,NA,Kamala Harris,NA
1245206945965002752,RT @RandyRainbow: Weeks into a pandemic and Trump’s tone finally changed today. I think I’m ready to let him grab me by the pussy.,1,Trump,NA,Trump,NA,Trump,NA
1423656826491506688,"Trump supporters are taking Ivermectin, intended for cattle and sheep, as a cure for COVID-19.

I could not possibly be less surprised by this.",1,Trump,NA,Trump,NA,Trump,NA
1352249313158602752,"@RaphaelTiriel @crypto_simon69 @BrandonStraka Yes!  I saw an older screen record where it went to build back better aka joes website.  Weird how it followed him to the White House.

*actually not weird at all, one of the more transparent things about his campaign",1,White House,NA,White House,NA,White House,NA
1282330246843265024,RT @PeteButtigieg: Listening to medical experts should not be political.,1,@PeteButtigieg,NA,@PeteButtigieg,NA,@PeteButtigieg,NA
1244638173457788928,"RT @ddale8: Trump told Fox and Friends that ""nobody could have predicted something like this,"" which remains not even close to true.",1,Trump,NA,Trump,NA,Trump,NA
1204423222810365952,@realDonaldTrump Apparently you were reading a pop up book.,1,@realDonaldTrump,NA,@realDonaldTrump,NA,@realDonaldTrump,NA
1352012365487874048,"RT @JoyAnnReid: This is amazing. The Black woman Vice President swears in three new Democratic Senators: one Black, one Jewish, one Latino.…",1,Vice President,NA,Vice President,NA,Vice President,NA
1352012365487874048,"RT @JoyAnnReid: This is amazing. The Black woman Vice President swears in three new Democratic Senators: one Black, one Jewish, one Latino.…",2,Democratic Senators,NA,Democratic Senators,NA,Democratic Senators,NA
1254486067853606912,"RT @BernieSanders: If the Postal Service goes under, universal and affordable delivery would no longer be a guaranteed public service.

Tha…",1,Postal Service,NA,Postal Service,NA,Postal Service,NA
1254486067853606912,"RT @BernieSanders: If the Postal Service goes under, universal and affordable delivery would no longer be a guaranteed public service.

Tha…",2,@BernieSanders,NA,@BernieSanders,NA,@BernieSanders,NA
1325177654572576768,"RT @RBReich: Despite some of the highest Covid-19 death rates in America, Navajo Nation increased their turnout and went 97% for Biden...ye…",1,Biden,NA,Biden,NA,Biden,NA
1319384297829269504,@KeishaBottoms @JoeBiden I'd love to see you in his cabinet!! Fingers crossed.,1,@JoeBiden,T,@JoeBiden,T,@JoeBiden,T
1319384297829269504,@KeishaBottoms @JoeBiden I'd love to see you in his cabinet!! Fingers crossed.,2,cabinet,NA,cabinet,NA,cabinet,NA
1360451993639284736,RT @BeschlossDC: So TV viewers knew Pence was in danger but Trump did not?,2,Trump,NA,Trump,NA,Trump,NA
1321234828851724288,"@realDonaldTrump And you have said you will do nothing about COVID, that it's fake news. 225,000 people have died because of you and that number is rising every day because you refuse to do anything. You're a pathetic excuse for a leader. Vote Biden!",1,@realDonaldTrump,D,@realDonaldTrump,D,@realDonaldTrump,D
1321234828851724288,"@realDonaldTrump And you have said you will do nothing about COVID, that it's fake news. 225,000 people have died because of you and that number is rising every day because you refuse to do anything. You're a pathetic excuse for a leader. Vote Biden!",2,Biden,T,Biden,T,Biden,NA
1235003675300462592,"READ: Bernie Sanders Lists Trump's Health Budget Cuts: 'I'm Sure the American People Will Be Just Overjoyed by This Generous $100,000 Donation.' - Second Nexus https://t.co/uO90oVbRu8",1,Bernie Sanders,NA,Bernie Sanders,NA,Bernie Sanders,NA
1235003675300462592,"READ: Bernie Sanders Lists Trump's Health Budget Cuts: 'I'm Sure the American People Will Be Just Overjoyed by This Generous $100,000 Donation.' - Second Nexus https://t.co/uO90oVbRu8",2,Trump,NA,Trump,NA,Trump,NA
1366949611445846016,"@GregAbbott_TX Abbott, this tweet implies it’s open 100% right now. I already see lots on social media are ditching their masks now. You make me sick. You don’t care about anything except your trump base. May karma come a calling and not be packing lightly.",1,@GregAbbott_TX,D,@GregAbbott_TX,D,@GregAbbott_TX,D
1366949611445846016,"@GregAbbott_TX Abbott, this tweet implies it’s open 100% right now. I already see lots on social media are ditching their masks now. You make me sick. You don’t care about anything except your trump base. May karma come a calling and not be packing lightly.",2,trump,NA,trump,NA,trump,NA
1332372400575541248,"@JamalAlShalabi1 @RepMoBrooks Actually, you are wrong",1,@RepMoBrooks,NA,@RepMoBrooks,NA,@RepMoBrooks,NA
1465773437352235008,"@DjRodgers1231 @HRH_AlexNicole @NancyMace ""Covid policies"" while Biden is bragging about having the lowest jobless claims since 1969. Ok lmao.",1,@NancyMace,NA,@NancyMace,NA,@NancyMace,NA
1465773437352235008,"@DjRodgers1231 @HRH_AlexNicole @NancyMace ""Covid policies"" while Biden is bragging about having the lowest jobless claims since 1969. Ok lmao.",2,Biden,NA,Biden,NA,Biden,NA
1293947352135475200,RT @gtconway3d: I dare some journalist to ask Trump if he knows what Belarus is,1,Trump,NA,Trump,NA,Trump,NA
1308435223214985216,"I guess Republicans can accept 200,000 deaths from a white president but not affordable healthcare from a black one.",1,president,NA,president,NA,president,NA
1249832870815858688,"Salute to @PaulaReidCBS for pressing Trump on his lies and not letting up. 

Watch this. Watch all of it. 

#PressBriefing 

https://t.co/mewH8H3WyJ",1,Trump,NA,Trump,D,Trump,D
1270394227818663936,"@readyfredi83 @realDonaldTrump @OANN @jack @jack, allow me to help.  It's here in your Rules:

""Abuse/harassment: You may not engage in the targeted harassment of someone, or incite other people to do so. This includes wishing or hoping that someone experiences physical harm.""

#SuspendTrumpsAccount",1,@realDonaldTrump,NA,@realDonaldTrump,NA,@realDonaldTrump,NA
1318140110743904256,"RT @KimMangone: I would suggest getting used to saying KAMALA right, because you’re going to be calling her Vice President soon.",1,Vice President,NA,Vice President,NA,Vice President,NA
1318140110743904256,"RT @KimMangone: I would suggest getting used to saying KAMALA right, because you’re going to be calling her Vice President soon.",2,KAMALA,NA,KAMALA,NA,KAMALA,NA
1325114857969094656,"With news that Biden won, how do you feel? (Gifs only)",1,Biden,NA,Biden,NA,Biden,NA
1280600516473618432,"BREAKING: Nursing home experimented on Veterans with Trump’s unproven drug.

This connects Trump to a long &amp; shameful history beyond hoax medicines to some of history’s most shameful moments. https://t.co/f0VQhUZqDk",1,Trump,D,Trump,D,Trump,D
1308769434815746048,"RT @soledadobrien: The President is disgusting and racist, but it’s the people in the audience who break my heart. Cheering bigotry. Shamel…",1,President,D,President,D,President,D
1380859293935669248,RT @MeidasTouch: What did @GOPLeader know about the #GOPPedoRing?,1,@GOPLeader,NA,@GOPLeader,NA,@GOPLeader,NA
1241819803737866240,RT @jbouie: rand paul using the senate gym and pool despite knowing he might have coronavirus is a clue in the mystery of why his neighbor…,1,senate,NA,senate,NA,senate,NA
1241819803737866240,RT @jbouie: rand paul using the senate gym and pool despite knowing he might have coronavirus is a clue in the mystery of why his neighbor…,2,rand paul,NA,rand paul,D,rand paul,NA
1274115400444178432,"RT @charliekirk11: For all the media complaining about Trump’s upcoming rally:

Why were you so silent when hundreds of thousands of people…",1,Trump,NA,Trump,NA,Trump,NA
1242278207350394880,"In the days ahead, Trump will ask us to sacrifice the lives of seniors, the unwell, and other Americans vulnerable to COVID-19 to serve his political and other interests. We should reject this proposition. We need to stand together against this pandemic, leaving no one behind.",1,Trump,D,Trump,D,Trump,D
1303794203659505664,"“You just breathe the air and that's how it's passed. And so that's a very tricky one. That's a very delicate one,” Trump told Woodward on Feb. 7, yet continued to hold six more crowded, indoor rallies over the next month anyway. Our report on ""Rage"" today: https://t.co/ojL3P7IUz3",1,Trump,D,Trump,D,Trump,D
1216765336432758784,RT @joelockhart: I'm not going to retweet the offensive material @realDonaldTrump retweeted this morning.  But if there was ever a case for…,1,@realDonaldTrump,NA,@realDonaldTrump,NA,@realDonaldTrump,NA
1347059988586500096,"Quote/paraphrasing Barry McCaffrey just now: if you tried to storm Buckingham Palace, you'd be shot. If you tried to storm the Pentagon, they'd use lethal force. Are you saying we'd just give up our seat of government to a bunch of thugs? (Apparently yes, if they're white dudes.)",1,government,NA,government,NA,government,NA
1293975572360486912,President Trump deserves the Nobel Peace Prize.,1,President Trump,T,President Trump,T,President Trump,T
1350050690719223808,@BLaw Has Trump tried the law firm of Duck Dynasty?,1,Trump,NA,Trump,NA,Trump,NA
1381362540509331456,"RT @donie: Trump repeats election lies and insults McConnell in front of RNC donors in Palm Beach

https://t.co/huUhfb0yDs @Acosta https://…",1,Trump,D,Trump,D,Trump,D
1331631229414772736,The challenge before us right now is immense — we need bold action to fight this pandemic. That’s why @KamalaHarris and I are getting right to work preparing to get this virus under control.,1,@KamalaHarris,NA,@KamalaHarris,NA,@KamalaHarris,NA
1424353591452700672,"In the 01/03 White House meeting:

- With Rosen's job hanging in balance
- ""Spent nearly three hours with Mr. Trump and Mr. Clark, debating the merits of sending the letter to Georgia lawmakers""

That's more evidence of criminal coercion, 18 U.S.C. § 610.

https://t.co/dabXbPLclG",1,White House,NA,White House,NA,White House,NA
1424353591452700672,"In the 01/03 White House meeting:

- With Rosen's job hanging in balance
- ""Spent nearly three hours with Mr. Trump and Mr. Clark, debating the merits of sending the letter to Georgia lawmakers""

That's more evidence of criminal coercion, 18 U.S.C. § 610.

https://t.co/dabXbPLclG",2,Trump,NA,Trump,D,Trump,NA
1284870791595651072,The President is very stupid and anyone who can’t see that is also very stupid.,1,President,D,President,D,President,D
1298074748375699456,Kristin Urquiza’s father passed away from #Covid19. His only pre-existing condition was trusting Donald Trump. #RNChaos https://t.co/JZkC0FUcko,1,Donald Trump,NA,Donald Trump,D,Donald Trump,D
1439303163241246720,"Biden, along with leaders from Japan, India and Australia, plan to work on building secure semiconductor supply chains when they gather for their first in-person summit in Washington this week.

https://t.co/VSBf8wB5kC",1,Biden,NA,Biden,NA,Biden,NA
1272373797488693248,"Police need to use overwhelming force to put down this insurrection. If local governments refuse, the federal government should step in.

Nothing good can come from coddling these criminals for even one second. Many arrests, long sentences, no confusion.

https://t.co/5FzxuRh5WT",1,government,NA,government,NA,government,NA
1283616007530196992,RT @funder: Biden would’ve responded to Russia’s murder of our troops immediately. Trump still hasn’t. And that says everything. Vote Biden.,1,Biden,T,Biden,T,Biden,NA
1283616007530196992,RT @funder: Biden would’ve responded to Russia’s murder of our troops immediately. Trump still hasn’t. And that says everything. Vote Biden.,2,Trump,D,Trump,D,Trump,NA
1449428564168695808,@JamesHLawson3 @Jim_Jordan Let's just keep beating this dead horse while Biden is doing a way better job destroying America than breaking windows and taking a dump on Pelosi's desk ever did.,1,@Jim_Jordan,NA,@Jim_Jordan,NA,@Jim_Jordan,NA
1449428564168695808,@JamesHLawson3 @Jim_Jordan Let's just keep beating this dead horse while Biden is doing a way better job destroying America than breaking windows and taking a dump on Pelosi's desk ever did.,2,Biden,D,Biden,D,Biden,D
1275660198422745088,"RT @SenWarren: OSHA has completely abandoned workers by refusing to issue emergency COVID-19 safety standards, investigate safety complaint…",1,OSHA,D,OSHA,D,OSHA,NA
1275660198422745088,"RT @SenWarren: OSHA has completely abandoned workers by refusing to issue emergency COVID-19 safety standards, investigate safety complaint…",2,@SenWarren,NA,@SenWarren,NA,@SenWarren,NA
1324496016314257408,@realDonaldTrump Do the right thing for once in your life.,1,@realDonaldTrump,NA,@realDonaldTrump,D,@realDonaldTrump,NA
1399803341702639616,The CDC has announced that fully vaccinated bisexuals may return to doing finger guns in public.,1,CDC,NA,CDC,NA,CDC,NA
1428385266578952192,RT @HAMPTONETTE: @mtgreenee @JoeBiden @KamalaHarris https://t.co/15Aoxd7yiX,1,@JoeBiden,NA,@JoeBiden,NA,@JoeBiden,NA
1428385266578952192,RT @HAMPTONETTE: @mtgreenee @JoeBiden @KamalaHarris https://t.co/15Aoxd7yiX,2,@KamalaHarris,NA,@KamalaHarris,NA,@KamalaHarris,NA
1428385266578952192,RT @HAMPTONETTE: @mtgreenee @JoeBiden @KamalaHarris https://t.co/15Aoxd7yiX,3,@mtgreenee,NA,@mtgreenee,NA,@mtgreenee,NA
1272161843428065280,"@Equality3000 @Califemme @ToeMaroni @LoudmouthLira @realDonaldTrump I believe them.  The reason I believe them over him is, because of what he said on Access Hollywood and in videos where he talks about walking in on the contestants in beauty pageants, plus other things I don't have room to list. https://t.co/PML1ffNzBX",1,@realDonaldTrump,NA,@realDonaldTrump,NA,@realDonaldTrump,NA
1254968345125945344,"Day 1,194: Trump says he won't take responsibility for his 'disinfectant' controversy as the confirmed U.S. death toll tops 56,000.

Here tonight: 

@spettypi 
@theabstoddard 
#JeremyNoTwitterBash
@lipiroy 
@SteveSchmidtSES 
@jmeacham 

#11thHour #Coronavirus https://t.co/fgbshyTOHB",1,Trump,NA,Trump,NA,Trump,NA
1318220415639162880,@ProjectLincoln @thomaskaine5 We hope &amp; pray but even if Biden wins it will take a couple of years to clean up Trump’s mess.,1,Biden,NA,Biden,T,Biden,NA
1318220415639162880,@ProjectLincoln @thomaskaine5 We hope &amp; pray but even if Biden wins it will take a couple of years to clean up Trump’s mess.,2,Trump,D,Trump,D,Trump,D
1465441046440161280,"New post: ""Joint Statement By Florida Democratic Party Chair Manny Diaz and First Vice Chair Judy Mount on the Passing of Pioneering Former Congresswoman Carrie Meek"" by Florida Democratic Party #DemCast https://t.co/eRTApcPJHm",1,Congresswoman,NA,Congresswoman,NA,Congresswoman,NA
1435228173378129920,"I am honored to have President Trump's endorsement in our race for Lieutenant Governor to restore power back to the people of this great state!

Watch my full interview with @NatalieJHarp below ⬇️

https://t.co/C7qTdcbMqT #gapol",1,President Trump,NA,President Trump,NA,President Trump,T
1435228173378129920,"I am honored to have President Trump's endorsement in our race for Lieutenant Governor to restore power back to the people of this great state!

Watch my full interview with @NatalieJHarp below ⬇️

https://t.co/C7qTdcbMqT #gapol",2,Governor,NA,Governor,NA,Governor,NA
1267601595757408256,RT @StephenKing: Trump is politicizing the protests. ANTIFA? Give me a break. Those look like apolitical hooligans and smash-and-grab artis…,1,Trump,NA,Trump,NA,Trump,NA
1302919271119495168,"Anyone remember this from Trump in the 1990s? There are some STDs that are known to linger for decades and then accelerate neurological deterioration. Trump boasts of having escaped their ravages. Watching him fall apart, it’s hard not to wonder. 

https://t.co/3k8Vh1ecwp",1,Trump,NA,Trump,D,Trump,D
1312792454962307072,RT @Olivianuzzi: So Dr. Conley outright lied yesterday when he was asked if the president had received oxygen.,1,president,NA,president,NA,president,NA
1224862848364490752,"BREAKING: James O’Keefe of Project Veritas has just been suspended from Twitter...

For reporting on Bernie Sanders campaign officials praising gulags and violence against Trump supporters.

Big tech censorship is real and must be stopped.

BLOW. THIS. UP!",1,Bernie Sanders,NA,Bernie Sanders,NA,Bernie Sanders,D
1224862848364490752,"BREAKING: James O’Keefe of Project Veritas has just been suspended from Twitter...

For reporting on Bernie Sanders campaign officials praising gulags and violence against Trump supporters.

Big tech censorship is real and must be stopped.

BLOW. THIS. UP!",2,Trump,NA,Trump,NA,Trump,NA
1339717055063404544,@MikeFor10394583 A real leader you have selected for a senator!! https://t.co/iNIIUxBK8e Stop the steal,1,senator,NA,senator,NA,senator,NA
1312012158616637440,RT @justinbaragona: Just thinking about the big show the entire Trump family made at the debate of not wearing masks.,1,Trump,NA,Trump,NA,Trump,NA
1278117646811238400,"RT @keithellison: Look folks, elections have consequences. ⁦ Homelessness in Greater Minnesota could be solved if Congress passed ⁦@Ilhan⁩’…",1,Congress,NA,Congress,NA,Congress,NA
1278117646811238400,"RT @keithellison: Look folks, elections have consequences. ⁦ Homelessness in Greater Minnesota could be solved if Congress passed ⁦@Ilhan⁩’…",2,@Ilhan,NA,@Ilhan,D,@Ilhan,NA
1225814314520629248,"Mark my words: Donald Trump will take away protections for preexisting conditions the moment we stop fighting for even a second to protect them. Even today, he’s fighting in court to take them away. We must stop him.
https://t.co/AP9I8pMazL",1,Donald Trump,NA,Donald Trump,D,Donald Trump,D
1288298799094472704,"RT @JamesTodaroMD: Just finished a great meeting with Vice President Mike Pence and his Chief of Staff.

We are doing everything to restore…",1,Vice President Mike Pence,NA,Vice President Mike Pence,NA,Vice President Mike Pence,NA
1317985417476644864,"Believe them or dismiss them, but you should definitely LISTEN to the former Trump administration officials now sounding the alarm about the president for whom they once served.  Tonight at 9 pm ET and Pacific on @CNN — https://t.co/7TSV2yFAJH",1,Trump administration,NA,Trump administration,NA,Trump administration,NA
1317985417476644864,"Believe them or dismiss them, but you should definitely LISTEN to the former Trump administration officials now sounding the alarm about the president for whom they once served.  Tonight at 9 pm ET and Pacific on @CNN — https://t.co/7TSV2yFAJH",2,president,NA,president,NA,president,NA
1351023782157291520,"@RoArquette The disabling of panic buttons shows both advanced planning and inside assistance in the insurrection. It also shows the terrorists intended serious harm, contrary to the ""walk back"" by DOJ",1,DOJ,NA,DOJ,NA,DOJ,NA
1280167860183027712,"RT @MavericTV: Leftists be like, “We are the resistance...Now put your mask on like the government says!” 😆",1,government,NA,government,NA,government,NA
1434648766422847488,"RT @PerfectMisty: @SarlisSioux @POTUS @SecDebHaaland @Freedom4Horses @jaredpolis @GovofCO @SenFeinstein #haltthehelicopters
#wildhorses",1,@POTUS,NA,@POTUS,NA,@POTUS,NA
1434648766422847488,"RT @PerfectMisty: @SarlisSioux @POTUS @SecDebHaaland @Freedom4Horses @jaredpolis @GovofCO @SenFeinstein #haltthehelicopters
#wildhorses",2,@SecDebHaaland,NA,@SecDebHaaland,NA,@SecDebHaaland,NA
1434648766422847488,"RT @PerfectMisty: @SarlisSioux @POTUS @SecDebHaaland @Freedom4Horses @jaredpolis @GovofCO @SenFeinstein #haltthehelicopters
#wildhorses",3,@jaredpolis,NA,@jaredpolis,NA,@jaredpolis,NA
1434648766422847488,"RT @PerfectMisty: @SarlisSioux @POTUS @SecDebHaaland @Freedom4Horses @jaredpolis @GovofCO @SenFeinstein #haltthehelicopters
#wildhorses",4,@GovofCO,NA,@GovofCO,NA,@GovofCO,NA
1434648766422847488,"RT @PerfectMisty: @SarlisSioux @POTUS @SecDebHaaland @Freedom4Horses @jaredpolis @GovofCO @SenFeinstein #haltthehelicopters
#wildhorses",5,@SenFeinstein,NA,@SenFeinstein,NA,@SenFeinstein,NA
1354842114400595968,"RT @BylineTimes: 🔴 EXCLUSIVE by @BylineTimes and @allthecitizens 

£2.5 Million Government Contracts for Firm that Donated Over £240,000 to…",1,Government,NA,Government,NA,Government,NA
1274490852556054528,"RT @GeorgeTakei: Liberals had the big, hippie-filled free love crowds at Woodstock as their defining cultural moment. Trump wanted this mea…",1,Trump,NA,Trump,NA,Trump,NA
1267798074887409664,@neontaster Well you know the solution...more government and money. That's all that's missing,1,government,NA,government,D,government,NA
1354987354562449408,Trump is now here: https://t.co/G7cntB9NYW,1,Trump,NA,Trump,NA,Trump,NA
1304122777868230656,"RT @DailyCaller: Recap of the week @CNN has had:

- Audio of Jeff Zucker praising President Trump

- Audio of Chris Cuomo coaching Michael…",1,President Trump,NA,President Trump,NA,President Trump,NA
1305502619608195072,@realDonaldTrump I don't know... you gave away the surplus from Obama's Administration to the wealthiest 1%...,1,@realDonaldTrump,NA,@realDonaldTrump,D,@realDonaldTrump,NA
1300251036259618816,"@SamInspired With the way I know how the Government works Legislatively &amp; have dealt with Politicians in the passed.
I think I would make a Great President 1 day after doing some time in Congress 1st that is. To work up support in the background/ behind scene's that is

Pic of me w/ State Rep https://t.co/pWe8aZyroS",1,Government,NA,Government,NA,Government,NA
1300251036259618816,"@SamInspired With the way I know how the Government works Legislatively &amp; have dealt with Politicians in the passed.
I think I would make a Great President 1 day after doing some time in Congress 1st that is. To work up support in the background/ behind scene's that is

Pic of me w/ State Rep https://t.co/pWe8aZyroS",2,President,NA,President,NA,President,NA
1300251036259618816,"@SamInspired With the way I know how the Government works Legislatively &amp; have dealt with Politicians in the passed.
I think I would make a Great President 1 day after doing some time in Congress 1st that is. To work up support in the background/ behind scene's that is

Pic of me w/ State Rep https://t.co/pWe8aZyroS",3,Congress,NA,Congress,NA,Congress,NA
1347362438392524800,@ErieNotEerie @LindseyGrahamSC @realDonaldTrump What devastation did he cause🤔,1,@realDonaldTrump,NA,@realDonaldTrump,NA,@realDonaldTrump,NA
1347362438392524800,@ErieNotEerie @LindseyGrahamSC @realDonaldTrump What devastation did he cause🤔,2,@LindseyGrahamSC,NA,@LindseyGrahamSC,NA,@LindseyGrahamSC,NA
1335561644097871872,"🌸✋🌼😷💮👐🌸😷🌼✋💮
#facemasks #facemasks4all
#gifts #shoppingonline #Quarantine #healthandsafety #onlineshopping #socialdistancing
CDC recommends the use of cloth face coverings to supplement social distancing in fight against spread of  #covid19
https://t.co/U3PLC00eep https://t.co/5kh3tgGt7y",1,CDC,NA,CDC,NA,CDC,NA
1313623443531726848,"@MeidasTouch @robertgreenwald How creepy to hear someone say they will die for Donald Trump, the conman. Donald is broke &amp; took money from kid’s charities &amp; laundered money for the Russians. He’s lied on his taxes, committing tax fraud, &amp; has numerous rape allegations on kids as young as 13.  #VOTE",1,Donald Trump,D,Donald Trump,D,Donald Trump,D
1351769801501204480,"RT @KellyO: Three new senators, all Democrats, are scheduled to be sworn in tomorrow afternoon about 4:30pm. @ossoff @ReverendWarnock @Alex…",1,senators,NA,senators,NA,senators,NA
1351769801501204480,"RT @KellyO: Three new senators, all Democrats, are scheduled to be sworn in tomorrow afternoon about 4:30pm. @ossoff @ReverendWarnock @Alex…",2,@ossoff,NA,@ossoff,NA,@ossoff,NA
1351769801501204480,"RT @KellyO: Three new senators, all Democrats, are scheduled to be sworn in tomorrow afternoon about 4:30pm. @ossoff @ReverendWarnock @Alex…",3,@ReverendWarnock,NA,@ReverendWarnock,NA,@ReverendWarnock,NA
1274056397928517632,"RT @ChrisMurphyCT: The Chinese leader told Trump that he was going to set up concentration camps for millions of Muslims and Trump replied,…",2,Trump,NA,Trump,NA,Trump,NA
1351247364615450624,"RT @TheRickyDavila: First Lady Dr. Jill Biden already knows her way around the White House, her husband, who will be our President, was als…",1,White House,NA,White House,NA,White House,NA
1351247364615450624,"RT @TheRickyDavila: First Lady Dr. Jill Biden already knows her way around the White House, her husband, who will be our President, was als…",2,President,NA,President,NA,President,NA
1375145764729552896,"You call this a press conference?? Where’s all the ranting and gaslighting? Where are all the self aggrandizing lies? Where are all the demeaning and misogynistic insults? 

I mean really, it’s almost like President Biden is acting..*gasp*..presidential.",1,President Biden,NA,President Biden,T,President Biden,NA
1237485345807028224,@MTRichards400 @bob_bv @DavidShuster @BernieSanders He’s a Biden supporter and his profile pic is incredibly classist. What did you expect?,1,@BernieSanders,NA,@BernieSanders,NA,@BernieSanders,NA
1237485345807028224,@MTRichards400 @bob_bv @DavidShuster @BernieSanders He’s a Biden supporter and his profile pic is incredibly classist. What did you expect?,2,Biden,NA,Biden,NA,Biden,NA
1273809679693611008,"RT @nytimes: Senator Amy Klobuchar announced that she had withdrawn from consideration to be Joe Biden’s running mate
https://t.co/3swF4BKH…",1,Joe Biden,NA,Joe Biden,NA,Joe Biden,NA
1311496937963581440,"RT @KamalaHarris: Donald Trump is weak. 
 
He knows he can’t win if the people vote. 
 
So he is throwing up every roadblock he can to supp…",1,@KamalaHarris,NA,@KamalaHarris,NA,@KamalaHarris,NA
1311496937963581440,"RT @KamalaHarris: Donald Trump is weak. 
 
He knows he can’t win if the people vote. 
 
So he is throwing up every roadblock he can to supp…",2,Donald Trump,D,Donald Trump,D,Donald Trump,NA
1249883649979420672,"@realDonaldTrump Great job shaming the Fake News, Mr. President. https://t.co/gAfSnr2xk0",1,@realDonaldTrump,T,@realDonaldTrump,NA,@realDonaldTrump,NA
1249883649979420672,"@realDonaldTrump Great job shaming the Fake News, Mr. President. https://t.co/gAfSnr2xk0",2,President,T,President,NA,President,NA
1295362882675314688,"RT @jaketapper: I couldn’t believe it when I first saw it, but I checked, and yes, the president of the United States actually RTed this me…",1,president,NA,president,NA,president,NA
1297949377626071040,"While he was watching his wife have sex with other men, he was lobbying governments to impose sanctions on LGBTQ communities.
Organizing protests to private businesses who didn't live up to his hypocritical beliefs.",1,government,NA,government,NA,government,NA
1222966099999907840,"BREAKING: Bill Barr says Trump impeachment 100% valid 

cc: @MittRomney @lisamurkowski @SenatorCollins @SenAlexander @MarcoRubio @tedcruz @SenCoryGardner https://t.co/DBKliNWdEN",1,@MittRomney,NA,@MittRomney,NA,@MittRomney,NA
1222966099999907840,"BREAKING: Bill Barr says Trump impeachment 100% valid 

cc: @MittRomney @lisamurkowski @SenatorCollins @SenAlexander @MarcoRubio @tedcruz @SenCoryGardner https://t.co/DBKliNWdEN",2,@lisamurkowski,NA,@lisamurkowski,NA,@lisamurkowski,NA
1222966099999907840,"BREAKING: Bill Barr says Trump impeachment 100% valid 

cc: @MittRomney @lisamurkowski @SenatorCollins @SenAlexander @MarcoRubio @tedcruz @SenCoryGardner https://t.co/DBKliNWdEN",3,@SenatorCollins,NA,@SenatorCollins,NA,@SenatorCollins,NA
1222966099999907840,"BREAKING: Bill Barr says Trump impeachment 100% valid 

cc: @MittRomney @lisamurkowski @SenatorCollins @SenAlexander @MarcoRubio @tedcruz @SenCoryGardner https://t.co/DBKliNWdEN",4,@SenAlexander,NA,@SenAlexander,NA,@SenAlexander,NA
1222966099999907840,"BREAKING: Bill Barr says Trump impeachment 100% valid 

cc: @MittRomney @lisamurkowski @SenatorCollins @SenAlexander @MarcoRubio @tedcruz @SenCoryGardner https://t.co/DBKliNWdEN",5,@MarcoRubio,NA,@MarcoRubio,NA,@MarcoRubio,NA
1222966099999907840,"BREAKING: Bill Barr says Trump impeachment 100% valid 

cc: @MittRomney @lisamurkowski @SenatorCollins @SenAlexander @MarcoRubio @tedcruz @SenCoryGardner https://t.co/DBKliNWdEN",6,@tedcruz,NA,@tedcruz,NA,@tedcruz,NA
1222966099999907840,"BREAKING: Bill Barr says Trump impeachment 100% valid 

cc: @MittRomney @lisamurkowski @SenatorCollins @SenAlexander @MarcoRubio @tedcruz @SenCoryGardner https://t.co/DBKliNWdEN",7,@SenCoryGardner,NA,@SenCoryGardner,NA,@SenCoryGardner,NA
1222966099999907840,"BREAKING: Bill Barr says Trump impeachment 100% valid 

cc: @MittRomney @lisamurkowski @SenatorCollins @SenAlexander @MarcoRubio @tedcruz @SenCoryGardner https://t.co/DBKliNWdEN",8,Trump,D,Trump,NA,Trump,NA
1222966099999907840,"BREAKING: Bill Barr says Trump impeachment 100% valid 

cc: @MittRomney @lisamurkowski @SenatorCollins @SenAlexander @MarcoRubio @tedcruz @SenCoryGardner https://t.co/DBKliNWdEN",9,Bill Barr,NA,Bill Barr,NA,Bill Barr,NA
1308830952244871168,"Attorney General said influencers and celebrities will speak on this decision but they don’t understand. WELL as human beings and BLACK people, any one of us could have been Breonna Taylor. excuse the hell out of us for Breonna’s murder hitting too close to home.",1,Attorney General,NA,Attorney General,NA,Attorney General,NA
1267590687081418752,TRUMP JUST DECLARED WAR ON AMERICA,1,TRUMP,D,TRUMP,D,TRUMP,NA
1330664050670366720,"I spent all weekend triple checking that there is *not* a lost, enchanted village in Pennsylvania with 90,000 Trump voters that we forgot to count.",1,Trump,NA,Trump,NA,Trump,NA
1420627281194754048,"RFL President @clarebalding with an unintentional highlight of the Olympics, whilst interviewing 18 year old Gold Medal winning swimmer Matt Richards 😂 https://t.co/gR3bQ6JJpv",1,President,NA,President,NA,President,NA
1364295140400103424,Roy Blunt says the next hearing will look at the Defense Department and why it took so long for the National Guard to come to the Capitol on Jan. 6,1,Defense Department,NA,Defense Department,NA,Defense Department,NA
1364295140400103424,Roy Blunt says the next hearing will look at the Defense Department and why it took so long for the National Guard to come to the Capitol on Jan. 6,2,National Guard,NA,National Guard,NA,National Guard,NA
1364295140400103424,Roy Blunt says the next hearing will look at the Defense Department and why it took so long for the National Guard to come to the Capitol on Jan. 6,3,Roy Blunt,NA,Roy Blunt,NA,Roy Blunt,NA
1280630939484225536,"RT @keithboykin: Ilhan Omar:
Speaks about inequality
(Scandalous!)

Trump:
Lets 130,000 Americans die from Covid
Lets Russia put bounties o…",1,Trump,D,Trump,D,Trump,D
1280630939484225536,"RT @keithboykin: Ilhan Omar:
Speaks about inequality
(Scandalous!)

Trump:
Lets 130,000 Americans die from Covid
Lets Russia put bounties o…",2,Ilhan Omar,NA,Ilhan Omar,NA,Ilhan Omar,NA
1436767032519823360,ICYMI: Two Republican Senators  Blocked 9/11 Victims Funding Because They Said It Would Cost Too Much https://t.co/JVQya1ltVM,1,Republican Senators,D,Republican Senators,NA,Republican Senators,NA
1207780902819876864,"RT @tribelaw: Will Impeachment Drive Trump Batty? It’s a short drive!
https://t.co/RtUmHMfFii",1,Trump,NA,Trump,NA,Trump,NA
1277889867729514496,What if Trump didn’t exactly shoot anyone on Fifth Avenue but constantly did favors for dictators who offered bounties to those who did the shooting and succeeded in killing returning US vets?,1,Trump,D,Trump,D,Trump,NA
1343041746784178176,@realDonaldTrump Aren’t you at Mar-a-Lago with your family spreading Covid all over Florida? Please shut the hell up. https://t.co/sZmjWWeguJ,1,@realDonaldTrump,D,@realDonaldTrump,D,@realDonaldTrump,D
1364222002656014336,RT @DineshDSouza: These were “cages” under Trump. Now under Biden they are “shelters” or “migrant facilities.” https://t.co/EZzedIAVaJ,1,Trump,NA,Trump,NA,Trump,NA
1364222002656014336,RT @DineshDSouza: These were “cages” under Trump. Now under Biden they are “shelters” or “migrant facilities.” https://t.co/EZzedIAVaJ,2,Biden,NA,Biden,NA,Biden,NA
1331778027009814528,@thehill Please take quick POLL: Do you think Putin and Russia's FSB spy agency has compromised President Trump? See where you stand. Comments are also welcome. https://t.co/egahzsBvDt,1,President Trump,NA,President Trump,NA,President Trump,NA
1435007394841448448,"Dear @GOPLeader Kevin McCarthy,

Do you have a few minutes for a Zoom call Tuesday?

I have some questions. https://t.co/V57emxnmcA",1,@GOPLeader,NA,@GOPLeader,NA,@GOPLeader,NA
1435007394841448448,"Dear @GOPLeader Kevin McCarthy,

Do you have a few minutes for a Zoom call Tuesday?

I have some questions. https://t.co/V57emxnmcA",2,Kevin McCarthy,NA,Kevin McCarthy,NA,Kevin McCarthy,NA
1281013444423147520,"RT @SafetyPinDaily: Yet again, Trump is accused of doing something he falsely claimed Obama did || By Philip Bump https://t.co/q4VWn8Ttjm",1,Trump,NA,Trump,NA,Trump,NA
1319034729811734528,@MJMcKean @MichelleKinney Trump hates children he is a giant orange ogre,1,Trump,D,Trump,D,Trump,D
1241108658563342336,"the government: please stay in the damn house 

everybody: https://t.co/Cqs5EclwW3",1,government,NA,government,NA,government,NA
1256519888509829120,RT @RepRaulGrijalva: Veterans like the care they receive from the VA. That's why I've introduced H.Res.701 to express support for policies…,1,@RepRaulGrijalva,NA,@RepRaulGrijalva,NA,@RepRaulGrijalva,NA
1343426652441878528,@rockdj69 @russandpeggie @e3f3c53fc7ae44e @3days3nights I read the document regarding the Impoundment Control Act.  I didn't see anything saying that Congress was forced to implement Trump's recission.....,1,Congress,NA,Congress,NA,Congress,NA
1343426652441878528,@rockdj69 @russandpeggie @e3f3c53fc7ae44e @3days3nights I read the document regarding the Impoundment Control Act.  I didn't see anything saying that Congress was forced to implement Trump's recission.....,2,Trump,NA,Trump,NA,Trump,NA
1340632973767413760,@djrothkopf Another day of Trump. God help us.,1,Trump,D,Trump,D,Trump,NA
1333150095370383360,"RT @MSNBC: Obama: ""I'm less surprised by Donald Trump doing this. He has shown only a flimsy relationship to the truth. I'm more troubled t…",1,Donald Trump,NA,Donald Trump,NA,Donald Trump,D
1243713329593532416,"RT @texyellowdogdem: A pandemic-preparedness office that was part of the National Security Council was dissolved in 2018....

On January 28…",1,National Security Council,NA,National Security Council,NA,National Security Council,NA
1431995360973623296,RT @mirandadevine: This is for those poor misguided souls who think that the image of Biden with his head resting on his hands was an expre…,1,Biden,NA,Biden,NA,Biden,NA
1408632097074524160,"RT @stevendeknight: . @GOPLeader, like most Republicans in the Senate, only care about Law &amp; Order when it suits their needs, i.e. using a…",1,@GOPLeader,NA,@GOPLeader,D,@GOPLeader,NA
1408632097074524160,"RT @stevendeknight: . @GOPLeader, like most Republicans in the Senate, only care about Law &amp; Order when it suits their needs, i.e. using a…",2,Senate,NA,Senate,D,Senate,NA
1452682737790357504,RT @MarshaBlackburn: Twitter is censoring @RepJimBanks for refusing to go along with the Biden administration’s performance theater. @Jim_B…,2,@MarshaBlackburn,NA,@MarshaBlackburn,NA,@MarshaBlackburn,NA
1282834833786449920,RT @jonfavs: Just one of those days where it’s hard to fully comprehend the scale of the damage that Donald Trump has done to America.,1,Donald Trump,D,Donald Trump,D,Donald Trump,D
1325259021167824896,"In reality, the mistake was not in the booking, but in a garbled game of telephone. Giuliani and Lewandowski told the president on Saturday morning their intended location for the news conference and he misunderstood, assuming it was an upscale hotel

https://t.co/E3I8cECIxL",1,president,NA,president,NA,president,NA
1356324128777711616,"BREAKING

Former acting Def. Sec. Chris Miller stipulated in a Jan. 4 memo that the DC National Guard could not be equipped with weapons, body armor or helmets, or conduct searches or arrests, among other restrictions, without his ""personal authorization"".
https://t.co/CPGzVS0MDD",1,National Guard,NA,National Guard,NA,National Guard,NA
1203319729231937536,RT @BenjaminPDixon: “@PeteButtigieg literally doesn’t know what he’s talking about when it comes to...deficits or he’s deliberately lying..…,1,@PeteButtigieg,D,@PeteButtigieg,D,@PeteButtigieg,D
1325307553144844288,"RT @StevieStacks84: UPDATE: If trump wins I’m going to donate $15,000 of the $30,000 to the @IRIE @iriefoundation. The other $15,000 will b…",1,trump,NA,trump,NA,trump,NA
1352012952925315072,"Congratulations to Georgia’s U.S. Senators, @ossoff and @ReverendWarnock, who were sworn in moments ago. I am proud to call you my Senators and my friends. #gapol #InaugurationDay https://t.co/Rq748ZgRMm",1,Senators,T,Senators,T,Senators,T
1352012952925315072,"Congratulations to Georgia’s U.S. Senators, @ossoff and @ReverendWarnock, who were sworn in moments ago. I am proud to call you my Senators and my friends. #gapol #InaugurationDay https://t.co/Rq748ZgRMm",2,@ossoff,T,@ossoff,T,@ossoff,T
1352012952925315072,"Congratulations to Georgia’s U.S. Senators, @ossoff and @ReverendWarnock, who were sworn in moments ago. I am proud to call you my Senators and my friends. #gapol #InaugurationDay https://t.co/Rq748ZgRMm",3,@ReverendWarnock,T,@ReverendWarnock,T,@ReverendWarnock,T
1431954291191865344,"RT @ianmSC: Cases in Japan are up 1,516% in two months, but sure CDC, masks can stop cases in two weeks https://t.co/pbC75xW3mM",1,CDC,D,CDC,D,CDC,NA
1309304147594805248,A group of Republican senators have introduced a bill that would make it a violation of federal civil rights law for schools to allow transgender females to compete in girls sports. https://t.co/t4TuXmY9WY,1,Republican senators,NA,Republican senators,NA,Republican senators,NA
1344483311515627520,"@TeamTrump @realDonaldTrump I thought that's what all your frivolous court filings where for?  What are you, 1-60 now?  Get fucked, stay fucked.",1,@realDonaldTrump,D,@realDonaldTrump,NA,@realDonaldTrump,NA
1313194517395394560,"“Don’t be afraid of Covid,” Trump says, while in quarantine, in a hospital he was airlifted to, and been in for the last four days, where he needed to be hooked up to oxygen, and is taking experimental medicine, because there is no vaccine, cure or therapeutic. Nothing to fear...",1,Trump,NA,Trump,D,Trump,NA
1422255882310664192,"This doctor clearly has a degree in common sense, something some politicians seem to lack. Let's make sure that we are protecting all aspects of older Americans' bodies and add hearing, vision, and dental to Medicare! https://t.co/1pRDMhvSkf",1,Medicare,NA,Medicare,NA,Medicare,NA
1267521122200965120,"“Any push by Donald Trump to readmit Russia to the G7 gathering of economically advanced nations would be vetoed by the U.K., Boris Johnson's official spokesperson said Monday.” https://t.co/fYY1WCQHcv",1,Donald Trump,NA,Donald Trump,NA,Donald Trump,NA
1405051014831542272,It seems like a daily situation and great cause for concern when you hear almost daily about an officer being shot. Yet  Congress is more worried how to keep Trump off social media and claim Jan 6th THEY almost died when these lives are at far more risk EVERY DAY https://t.co/bfBfMMI9Rm,1,Congress,NA,Congress,D,Congress,NA
1405051014831542272,It seems like a daily situation and great cause for concern when you hear almost daily about an officer being shot. Yet  Congress is more worried how to keep Trump off social media and claim Jan 6th THEY almost died when these lives are at far more risk EVERY DAY https://t.co/bfBfMMI9Rm,2,Trump,NA,Trump,NA,Trump,NA
1410720762730848256,"@RepPressley @USProgressives That Supremely Political Court will probably nullify any voting rights legislation you guys pass out. After all, the Voting Rights Act of 1965 was an act of Congress signed into law (at great political expense) by LBJ.",1,Congress,NA,Congress,NA,Congress,NA
1204555685280800768,"I just posted ""Okay, President Boomer."" on Reddit

https://t.co/gIplCenToC",1,President,NA,President,NA,President,NA
1277760919058239488,"So the brits say it’s true, Aussies say it’s true, our pentagon says it’s true - so when will @gop stop worrying about politics &amp; start protecting our troops! Because, to keep up his kowtowing, Trump might do more to Putin other than sell him the bullets to kill our troops with.",1,Trump,D,Trump,D,Trump,NA
1283409167047258112,"Helen Aguirre Ferré is the spokeswoman for Florida governor Ron De Santis. She previously worked for Trump.

The ""alarmist"" headline she is criticizing tops an article that predicted 4,000 coronavirus deaths in Florida.

Florida now has 4,400 coronavirus deaths. https://t.co/6UvkTPZmbb",1,governor,NA,governor,NA,governor,NA
1283409167047258112,"Helen Aguirre Ferré is the spokeswoman for Florida governor Ron De Santis. She previously worked for Trump.

The ""alarmist"" headline she is criticizing tops an article that predicted 4,000 coronavirus deaths in Florida.

Florida now has 4,400 coronavirus deaths. https://t.co/6UvkTPZmbb",2,Trump,NA,Trump,NA,Trump,NA
1465483301599203328,"BREAKING NEWS: The January 6 Committee announces that it will hold a vote on Wednesday to refer Jeffrey Clark, the Trump Justice Department official who tried to help Trump steal the election, for prosecution for defying its subpoena. RT IF YOU THINK THAT CLARK MUST BE LOCKED UP!",1,Justice Department,NA,Justice Department,NA,Justice Department,NA
1465483301599203328,"BREAKING NEWS: The January 6 Committee announces that it will hold a vote on Wednesday to refer Jeffrey Clark, the Trump Justice Department official who tried to help Trump steal the election, for prosecution for defying its subpoena. RT IF YOU THINK THAT CLARK MUST BE LOCKED UP!",2,January 6 Committee,NA,January 6 Committee,NA,January 6 Committee,NA
1465483301599203328,"BREAKING NEWS: The January 6 Committee announces that it will hold a vote on Wednesday to refer Jeffrey Clark, the Trump Justice Department official who tried to help Trump steal the election, for prosecution for defying its subpoena. RT IF YOU THINK THAT CLARK MUST BE LOCKED UP!",3,Trump,D,Trump,NA,Trump,D
1350090666735493120,RT @hugolowell: Republican Sen. Tommy Tuberville now says to CBS that Biden inauguration could perhaps be delayed until after “we got this…,1,Sen. Tommy Tuberville,NA,Sen. Tommy Tuberville,NA,Sen. Tommy Tuberville,NA
1350090666735493120,RT @hugolowell: Republican Sen. Tommy Tuberville now says to CBS that Biden inauguration could perhaps be delayed until after “we got this…,2,Biden,NA,Biden,NA,Biden,NA
1314412657030631424,"@pquaife Between him, senator insider trading and governor covid spread. Woof.",1,governor,D,governor,NA,governor,NA
1314412657030631424,"@pquaife Between him, senator insider trading and governor covid spread. Woof.",2,senator,NA,senator,D,senator,NA
1284214174390849536,Hey! MAGAs! @realDonaldTrump ! @VP ! This is for you. https://t.co/lsc5CoMZ3c,1,@realDonaldTrump,NA,@realDonaldTrump,NA,@realDonaldTrump,NA
1284214174390849536,Hey! MAGAs! @realDonaldTrump ! @VP ! This is for you. https://t.co/lsc5CoMZ3c,2,@VP,NA,@VP,NA,@VP,NA
1271191021930643456,"Joe Biden's 'single greatest concern' is that Trump 'is going to try to steal this election' 

Creepy Joe knows he cant beat President Trump so he starts making up excuses. At least Hillary waited after she loss. What a bunch of ass....",1,President Trump,NA,President Trump,NA,President Trump,NA
1271191021930643456,"Joe Biden's 'single greatest concern' is that Trump 'is going to try to steal this election' 

Creepy Joe knows he cant beat President Trump so he starts making up excuses. At least Hillary waited after she loss. What a bunch of ass....",2,Joe Biden,D,Joe Biden,D,Joe Biden,D
1323762003370930176,"RT @kayleighmcenany: VOTE for President @realDonaldTrump!

No matter how long the line, VOTE!

Your vote matters. Make your voice HEARD‼️",1,President @realDonaldTrump,T,President @realDonaldTrump,T,President @realDonaldTrump,NA
1316253769269563392,"Anyone remember this way back when the tables were turned???

If Clinton Wins, Republicans Suggest Shrinking Size of Supreme Court https://t.co/p3wo7LYpcI",1,Supreme Court,NA,Supreme Court,NA,Supreme Court,NA
1214791066546823168,"RT @StephenKing: Trump did this.
It’s all on Donald Trump.
Retweet if you agree.",1,Donald Trump,NA,Donald Trump,NA,Donald Trump,NA
1318339368805912576,@maggieNYT It will be very humbling for him to have to ask President Biden for federal emergency assistance one day.,1,President Biden,NA,President Biden,NA,President Biden,NA
1321503149618831360,RT @carolecadwalla: Senate tech hearing STILL going on. The Republic senators are still shouting. And the @ProjectLincoln's @reedgalen &amp; Fa…,1,senators,NA,senators,NA,senators,NA
1321503149618831360,RT @carolecadwalla: Senate tech hearing STILL going on. The Republic senators are still shouting. And the @ProjectLincoln's @reedgalen &amp; Fa…,2,Senate,NA,Senate,NA,Senate,NA
1274675978074234880,"RT @RawStory: Trump protester taken for mental health evaluation ‘to keep her from talking to the press’: Tulsa lawmaker 
#TulsaTrumpRally…",1,Trump,NA,Trump,NA,Trump,NA
1234867414652739584,"RT @amyklobuchar: I announced my campaign 13 months ago in a Minnesota blizzard (I did that just to impress you, Dallas).

We didn’t let th…",1,@amyklobuchar,NA,@amyklobuchar,NA,@amyklobuchar,NA
1214103309902065664,@alx @georgelopez Trump and Nugent are not normal https://t.co/DppQIYUTRT,1,Trump,NA,Trump,NA,Trump,NA
1351012387424501760,@ChuckCallesto @ThyConsigliori FBI a corrupt org now,1,FBI,D,FBI,D,FBI,D
1392572762212864000,White House on Liz Cheney: 'Disturbing' to see her attacked for speaking truth https://t.co/EUIShsQ9nC via @YahooNews,1,White House,NA,White House,NA,White House,NA
1392572762212864000,White House on Liz Cheney: 'Disturbing' to see her attacked for speaking truth https://t.co/EUIShsQ9nC via @YahooNews,2,Liz Cheney,NA,Liz Cheney,NA,Liz Cheney,NA
1415374521851392000,"I just made a return at Lowe's and was asked for my ID.

A simple return requires my ID but voting for the president of the United States doesn't???

Let that shit sink in!!!!🖕",1,president,NA,president,NA,president,NA
1292255444250107904,"Today, trump signed executive orders to go AROUND CONGRESS, our elected officials, to determine how our tax dollars are spent.

Only Congress has that power.

Wasn't he just IMPEACHED for doing basically the same thing?",2,trump,D,trump,D,trump,D
1434936806634504192,"RT @MarkYoungTruth: We are suppose to trust the FDA on the vaccine, but the FDA says Ivermectin is dangerous even though they approved it i…",1,FDA,D,FDA,D,FDA,D
1219696387895570432,Schiff is playing videos of Trump saying he wants witnesses to testify as part of his opening statement for the removal trial. Using Trump’s own words against him. Awesome. #TrumpsRemovalTrial,1,Trump,NA,Trump,NA,Trump,NA
1343214289767849984,Trump's Blackwater Pardons Are the Latest Sign Iraqi Lives Don't Matter to Americans https://t.co/csxEZ1Ym3q,1,Trump,NA,Trump,NA,Trump,NA
1337545299582128128,@realDonaldTrump https://t.co/HHPXCxvKzl,1,@realDonaldTrump,NA,@realDonaldTrump,NA,@realDonaldTrump,NA
1389653111497805824,Jake Paul says he Faced-timed with Donald Trump recently: https://t.co/S3CcQ8YD82,1,Donald Trump,NA,Donald Trump,NA,Donald Trump,NA
1430579625026015232,"Kevin, you have one job: Sort Trump’s Starbursts! Leave the talking to adults. https://t.co/OizgS00Ej3",1,Trump,NA,Trump,NA,Trump,D
1375233406464897024,The White House's Virtual Passover Celebration https://t.co/cxKiOVJGv8 via @YouTube,1,White House,NA,White House,NA,White House,NA
1329797828743483392,There have been more GOP senators who've tested positive for coronavirus this year than documented cases of voter fraud,1,GOP senators,NA,GOP senators,NA,GOP senators,NA
1234217205920714752,"RT @bryanbehar: If getting votes from the most people is still the goal of elections, then my money is on Biden. 

If the goal is to person…",1,Biden,NA,Biden,T,Biden,NA
1240700937280180224,".@SenJeffMerkley Support S.2461 and H.R.5999 to designate more #publiclands within the Arctic National Wildlife Refuge as #Wilderness, but add all deserving lands in the Arctic Refuge to the Wilderness System to establish a 19.4 million-acre Arctic Refuge Wilderness! #KeepItWild",1,@SenJeffMerkley,NA,@SenJeffMerkley,NA,@SenJeffMerkley,NA
1294382437955444736,Trump’s handpicked hatchet man gutting your post office. https://t.co/exxfr2R2F9,1,Trump,NA,Trump,NA,Trump,NA
1345589953841963008,"RT @ElizLanders: Here’s the full letter from 11 GOP senators objecting to the Jan 6th Electoral College certification: Cruz, Johnson, Lankf…",1,GOP senators,NA,GOP senators,NA,GOP senators,NA
1307178959285547008,"@RightOfLeft_TX @DebbieVee @tburages @marcorubio Perhaps an Impeached President, trailing in every poll, that lost the popular vote by nearly two million votes, doesn’t really represent the United States’ best interests? I know there is no law precluding R’s from pushing an appointment through, nor indicting sitting President.",1,President,D,President,NA,President,NA
1311404084327407616,RT @chipfranklin: Do conservatives realize that Trump is a White Supremacist?,1,Trump,NA,Trump,D,Trump,D
1290819335162912768,RT @samanthamarika1: The left had four years to find a candidate and the best they came up with was Joe Biden...,1,Joe Biden,D,Joe Biden,D,Joe Biden,NA
1235389307898208256,"@GOP @realDonaldTrump Someone turn dictraitor""s mike OFF! Sick of it and GOP lies!",1,@realDonaldTrump,NA,@realDonaldTrump,NA,@realDonaldTrump,NA
1214313601349095424,RT @JoeBiden: Let's be clear: Donald Trump does not have the authority to take us into war with Iran without Congressional approval. A pres…,1,@JoeBiden,NA,@JoeBiden,NA,@JoeBiden,NA
1214313601349095424,RT @JoeBiden: Let's be clear: Donald Trump does not have the authority to take us into war with Iran without Congressional approval. A pres…,2,Donald Trump,NA,Donald Trump,NA,Donald Trump,NA
1347250666201341952,"RT @KenDilanianNBC: Congressman Tim Ryan just told reporters that as many as 60 Capitol Police officers were injured, including 15 hospital…",1,Capitol Police,NA,Capitol Police,NA,Capitol Police,NA
1359501069265608704,"If the Senate had a secret vote, they would vote to convict.

Everyone knows trump is guilty.",1,Senate,NA,Senate,NA,Senate,NA
1359501069265608704,"If the Senate had a secret vote, they would vote to convict.

Everyone knows trump is guilty.",2,trump,D,trump,D,trump,D
1247550823263080448,"@WhiteHouse On World Health Day, let us remember how Trump was unprepared and delayed a response to the coronavirus crisis resulting in people dying, economic collapse and the shutdown of America.",1,@WhiteHouse,NA,@WhiteHouse,NA,@WhiteHouse,NA
1247550823263080448,"@WhiteHouse On World Health Day, let us remember how Trump was unprepared and delayed a response to the coronavirus crisis resulting in people dying, economic collapse and the shutdown of America.",2,Trump,D,Trump,D,Trump,D
1254119734154530816,Sesame Street tried warning people for years about Trump and they still wouldn’t listen. #CNNSesameStreet https://t.co/ezKf6CmX7W,1,Trump,D,Trump,D,Trump,NA
1293176357317414912,"What does it say about Joe Biden that he's considering picking a communist sympathizer who praised Fidel Castro and Scientology to be his pick for vice president? 

https://t.co/zIoWYcRdMP",1,Joe Biden,D,Joe Biden,D,Joe Biden,NA
1293176357317414912,"What does it say about Joe Biden that he's considering picking a communist sympathizer who praised Fidel Castro and Scientology to be his pick for vice president? 

https://t.co/zIoWYcRdMP",2,vice president,NA,vice president,NA,vice president,NA
1353849346622558208,"I’d like to know if Steven Mnuchin will be investigated and charged with funneling $500B of PPP Covid relief loans, giving millions to himself, Kushner, Devin Nunes, Betsy DeVos, Joel Osteen, Kanye West, Tom Brady, $334K to Moscow Mitch’s wife Elaine Chao. Give that money back.",1,Moscow Mitch,NA,Moscow Mitch,NA,Moscow Mitch,D
1353849346622558208,"I’d like to know if Steven Mnuchin will be investigated and charged with funneling $500B of PPP Covid relief loans, giving millions to himself, Kushner, Devin Nunes, Betsy DeVos, Joel Osteen, Kanye West, Tom Brady, $334K to Moscow Mitch’s wife Elaine Chao. Give that money back.",2,Steven Mnuchin,D,Steven Mnuchin,D,Steven Mnuchin,D
1353849346622558208,"I’d like to know if Steven Mnuchin will be investigated and charged with funneling $500B of PPP Covid relief loans, giving millions to himself, Kushner, Devin Nunes, Betsy DeVos, Joel Osteen, Kanye West, Tom Brady, $334K to Moscow Mitch’s wife Elaine Chao. Give that money back.",3,Devin Nunes,NA,Devin Nunes,NA,Devin Nunes,D
1353849346622558208,"I’d like to know if Steven Mnuchin will be investigated and charged with funneling $500B of PPP Covid relief loans, giving millions to himself, Kushner, Devin Nunes, Betsy DeVos, Joel Osteen, Kanye West, Tom Brady, $334K to Moscow Mitch’s wife Elaine Chao. Give that money back.",4,Betsy DeVos,NA,Betsy DeVos,NA,Betsy DeVos,D
1353849346622558208,"I’d like to know if Steven Mnuchin will be investigated and charged with funneling $500B of PPP Covid relief loans, giving millions to himself, Kushner, Devin Nunes, Betsy DeVos, Joel Osteen, Kanye West, Tom Brady, $334K to Moscow Mitch’s wife Elaine Chao. Give that money back.",5,Elaine Chao,NA,Elaine Chao,NA,Elaine Chao,D
1306734231062806528,RT @hugolowell: Just in: FBI Director Christopher Wray testifies before Congress at worldwide threats hearing that Russia continues to acti…,1,FBI,NA,FBI,NA,FBI,NA
1306734231062806528,RT @hugolowell: Just in: FBI Director Christopher Wray testifies before Congress at worldwide threats hearing that Russia continues to acti…,2,Congress,NA,Congress,NA,Congress,NA
1206691539466039296,"RT @RepSpanberger: I have studied the articles of impeachment, both Republican and Democratic reports, deposition transcripts, and public t…",1,@RepSpanberger,NA,@RepSpanberger,NA,@RepSpanberger,NA
1223497947054247936,@JRubinBlogger @chrisjollyhale @BernieSanders @RashidaTlaib @HillaryClinton #TheTimeIsNow #Democrats https://t.co/V3Es6Kcysy,1,@BernieSanders,NA,@BernieSanders,NA,@BernieSanders,NA
1243355995939565568,"Trump: ""I don't believe you need 40,000 or 30,000 ventilators. You know, you go into major hospitals sometimes and they'll have two ventilators. Now all of a sudden they're saying, 'Can we order 30,000 ventilators?'""",1,Trump,NA,Trump,NA,Trump,NA
1310276217568817152,BREAKING: GOP sen. Thom Tillis is now down 10 points against Democrat Cal Cunningham in the North Carolina senate race in new poll,1,sen. Thom Tillis,NA,sen. Thom Tillis,NA,sen. Thom Tillis,NA
1312745178659270656,a sick old man pretending to sign blank pieces of paper is the perfect metaphor for the entire Trump presidency,1,Trump,D,Trump,D,Trump,D
1315371842744520704,"@amed0609 @mdkroner @HillaryClinton As much as I'd love for Trump to be in a federal prison, when you combine his veritable army of lawyers, the way the appeal system works in the US, and Trump's age, it is more likely that he would die of old age before seeing a single day in prison.",1,Trump,D,Trump,D,Trump,D
1207471830568595456,"Breaking: The majority of the House has voted to impeach President Trump, making him just the third chief executive in U.S. history to be impeached. The Senate is expected to hold a trial in January on whether to convict and remove him from office. https://t.co/euSYva6Etv",1,President Trump,NA,President Trump,NA,President Trump,NA
1207471830568595456,"Breaking: The majority of the House has voted to impeach President Trump, making him just the third chief executive in U.S. history to be impeached. The Senate is expected to hold a trial in January on whether to convict and remove him from office. https://t.co/euSYva6Etv",2,Senate,NA,Senate,NA,Senate,NA
1299841764245803008,"Rand Paul claims he was 'attacked by an angry mob' leaving White House. Problem is, there's video https://t.co/4OHGjQ6yA8",1,White House,NA,White House,NA,White House,NA
1299841764245803008,"Rand Paul claims he was 'attacked by an angry mob' leaving White House. Problem is, there's video https://t.co/4OHGjQ6yA8",2,Rand Paul,NA,Rand Paul,NA,Rand Paul,NA
1318560835430744064,"RT @VetAffairsDems: .@RepKathleenRice's Honoring All Veterans Act would change VA's motto to:

""To fulfill President Lincoln's promise to c…",1,President,NA,President,NA,President,NA
1318560835430744064,"RT @VetAffairsDems: .@RepKathleenRice's Honoring All Veterans Act would change VA's motto to:

""To fulfill President Lincoln's promise to c…",2,@VetAffairsDems,NA,@VetAffairsDems,NA,@VetAffairsDems,NA
1318560835430744064,"RT @VetAffairsDems: .@RepKathleenRice's Honoring All Veterans Act would change VA's motto to:

""To fulfill President Lincoln's promise to c…",3,@RepKathleenRice,NA,@RepKathleenRice,NA,@RepKathleenRice,NA
1352064516574621696,"If you not as happy as Nikora is about @JoeBiden and @KamalaHarris taking the helm, you doing it wrong. https://t.co/9GVrpZyhHt",1,@JoeBiden,NA,@JoeBiden,NA,@JoeBiden,NA
1352064516574621696,"If you not as happy as Nikora is about @JoeBiden and @KamalaHarris taking the helm, you doing it wrong. https://t.co/9GVrpZyhHt",2,@KamalaHarris,NA,@KamalaHarris,NA,@KamalaHarris,NA
1236677223450640384,Trump wants to leave sick people on that docked cruise ship so America’s coronavirus numbers don’t go up. After hearing this I had to wash my brain for 20 seconds with hot soapy water while singing “Happy Birthday” twice.,1,Trump,D,Trump,NA,Trump,NA
1231352260430458880,"RT @MrAndyNgo: The UK government is now saying it will not release the results of its research into the characteristics of grooming gangs,…",1,government,NA,government,NA,government,NA
1296464742685577216,"Trump Approval Surges During DNC

https://t.co/9bIiK7uf5A",1,Trump,NA,Trump,NA,Trump,NA
1227455505704026112,"@Culinary226 Here's the facts.
What do your union members do when they're needing care out of network? 
They're screwed. #MedicareForAll fixes that. 
Maybe you should talk with @NationalNurses &amp; get the facts.
#Bernie2020",1,Medicare,NA,Medicare,T,Medicare,NA
1284192253444067328,RT @funder: If you’re pro-Trump you’re pro-virus.,1,Trump,NA,Trump,D,Trump,D
1392599382680236032,A Bill That Removes Fauci from His Position Is About to Hit Congress - https://t.co/ySx2QY5yfc,1,Congress,NA,Congress,NA,Congress,NA
1392599382680236032,A Bill That Removes Fauci from His Position Is About to Hit Congress - https://t.co/ySx2QY5yfc,2,Fauci,NA,Fauci,NA,Fauci,NA
1227405288497668096,"RT @RepSwalwell: By recommending a reduction in Roger Stone’s sentence, President Trump is corrupting the Department of Justice to benefit…",1,President Trump,D,President Trump,D,President Trump,D
1227405288497668096,"RT @RepSwalwell: By recommending a reduction in Roger Stone’s sentence, President Trump is corrupting the Department of Justice to benefit…",2,Department of Justice,NA,Department of Justice,NA,Department of Justice,NA
1256413880915501056,"“I believe the people of this country are smart. And I don’t think that they will put a man in who’s incompetent,” Trump said dismissing polls showing Biden ahead. https://t.co/7d8jAAUhjA",1,Trump,NA,Trump,NA,Trump,NA
1256413880915501056,"“I believe the people of this country are smart. And I don’t think that they will put a man in who’s incompetent,” Trump said dismissing polls showing Biden ahead. https://t.co/7d8jAAUhjA",2,Biden,NA,Biden,NA,Biden,NA
1417222158170787840,RT @atrupar: Peter Doocy asks Jen Psaki if Biden might reach out to Trump and ask for his help to get more people vaccinated https://t.co/V…,1,Biden,NA,Biden,NA,Biden,NA
1417222158170787840,RT @atrupar: Peter Doocy asks Jen Psaki if Biden might reach out to Trump and ask for his help to get more people vaccinated https://t.co/V…,2,Trump,NA,Trump,NA,Trump,NA
1245878381507497984,@JoeBiden BACK UNIVERSAL HEALTHCARE YOU IDIOT!,1,@JoeBiden,NA,@JoeBiden,D,@JoeBiden,NA
1315745581885788160,"—@JakeTapper asks Fauci if Trump campaign should take down the ad featuring him. ""I think so,"" Fauci replies.",1,Fauci,NA,Fauci,NA,Fauci,NA
1315745581885788160,"—@JakeTapper asks Fauci if Trump campaign should take down the ad featuring him. ""I think so,"" Fauci replies.",2,Trump,NA,Trump,NA,Trump,NA
1298681873598746624,"I can't believe that so many of my friends in the USA are still on full government mandated lockdown...

The 'Land of the Free' has been out-freedom'd by nearly every country in Europe this year. That's wild.",1,government,D,government,D,government,NA
1338160842257395712,"“This court has allowed the plaintiff the chance to make his case and he has lost on the merits.”
Yet ANOTHER  @realDonaldTrump-appointed judge, this one in WI, I tosses out the president’s baseless claims.  Enough already!  You lost.  Pack and go home.
https://t.co/WWLmGcafUu",1,@realDonaldTrump,NA,@realDonaldTrump,NA,@realDonaldTrump,NA
1338160842257395712,"“This court has allowed the plaintiff the chance to make his case and he has lost on the merits.”
Yet ANOTHER  @realDonaldTrump-appointed judge, this one in WI, I tosses out the president’s baseless claims.  Enough already!  You lost.  Pack and go home.
https://t.co/WWLmGcafUu",2,president,NA,president,NA,president,NA
1384012397229182976,RT @amvetsupport: Today we saw a couple of trump supporting idiots in their pickups. When that first happened I thought they were uninforme…,1,trump,NA,trump,D,trump,NA
1349088834022068224,"trump says ""the 25th Amendment is of zero risk to me, but will come back to haunt Joe Biden and the Biden admin.""

Does he think impeachment is the same as the 25th Amendment, because that doesn't make any sense.",1,Biden admin,NA,Biden admin,NA,Biden admin,NA
1349088834022068224,"trump says ""the 25th Amendment is of zero risk to me, but will come back to haunt Joe Biden and the Biden admin.""

Does he think impeachment is the same as the 25th Amendment, because that doesn't make any sense.",2,Joe Biden,NA,Joe Biden,NA,Joe Biden,NA
1349088834022068224,"trump says ""the 25th Amendment is of zero risk to me, but will come back to haunt Joe Biden and the Biden admin.""

Does he think impeachment is the same as the 25th Amendment, because that doesn't make any sense.",3,trump,NA,trump,NA,trump,NA
1267908645259489280,"RT @mkraju: Sen. Tammy Duckworth, Democrat of Illinois, called Trump a “draft-dodging, wannabe tinpot dictator” who is perverting “the hono…",1,Sen. Tammy Duckworth,NA,Sen. Tammy Duckworth,NA,Sen. Tammy Duckworth,NA
1267908645259489280,"RT @mkraju: Sen. Tammy Duckworth, Democrat of Illinois, called Trump a “draft-dodging, wannabe tinpot dictator” who is perverting “the hono…",2,Trump,NA,Trump,NA,Trump,NA
1302757689055870976,"@hgprjmet @HeatherBee03 @realDonaldTrump Here's a quick video on why Trump's gestapo in Portland was literally the wrong thing to do if he'd actually had any interest in quelling violence. Beau is a former security contractor with real knowledge of insurgencies. 

https://t.co/rkbQRSvRbN",1,@realDonaldTrump,NA,@realDonaldTrump,D,@realDonaldTrump,D
1302757689055870976,"@hgprjmet @HeatherBee03 @realDonaldTrump Here's a quick video on why Trump's gestapo in Portland was literally the wrong thing to do if he'd actually had any interest in quelling violence. Beau is a former security contractor with real knowledge of insurgencies. 

https://t.co/rkbQRSvRbN",2,Trump,NA,Trump,D,Trump,D
1421197608496902144,RT @apoorva_nyc: NEW: CDC's internal report says Delta is more contagious than the common cold or the flu. And infections in vaccinated peo…,1,CDC,NA,CDC,NA,CDC,NA
1305274504898400256,@realDonaldTrump Trump will put all his supporters in a crowded arena or a crowd outside knowing that they could die just so he can get reelected and knowing that they will fall right in line His words will weed out the intelligent people And drawl in the ignorant,1,@realDonaldTrump,D,@realDonaldTrump,D,@realDonaldTrump,D
1305274504898400256,@realDonaldTrump Trump will put all his supporters in a crowded arena or a crowd outside knowing that they could die just so he can get reelected and knowing that they will fall right in line His words will weed out the intelligent people And drawl in the ignorant,2,Trump,D,Trump,D,Trump,D
1403143320700915712,"@Sethrogen @EthanBearman @RabbiPoupko @Eve_Barlow Seth, you’re indulging @Ilhan and @RepRashida-level logic.

They attack someone. Someone attacks back. Then they cry about being attacked.

Do you see how pathetic that is?

At this stage, you’re not even out to advance an argument on any issue, focused as you are on trolling.",1,@Ilhan,D,@Ilhan,D,@Ilhan,NA
1351954863962390528,Congratulations President Biden and Vice President Harris. So happy for you both and hopeful for the days ahead - Rick x #Inauguration2021 @POTUS @VP,1,President Biden,T,President Biden,NA,President Biden,T
1351954863962390528,Congratulations President Biden and Vice President Harris. So happy for you both and hopeful for the days ahead - Rick x #Inauguration2021 @POTUS @VP,2,Vice President Harris,T,Vice President Harris,NA,Vice President Harris,T
1351954863962390528,Congratulations President Biden and Vice President Harris. So happy for you both and hopeful for the days ahead - Rick x #Inauguration2021 @POTUS @VP,3,@POTUS,T,@POTUS,NA,@POTUS,NA
1351954863962390528,Congratulations President Biden and Vice President Harris. So happy for you both and hopeful for the days ahead - Rick x #Inauguration2021 @POTUS @VP,4,@VP,T,@VP,NA,@VP,NA
1382667566309539840,RT @TeaPainUSA: The “Hang Mike Pence” crowd is suddenly concerned about civil unrest.,1,Mike Pence,NA,Mike Pence,NA,Mike Pence,NA
1319071111951175680,RT @kaitlancollins: The FBI is about to hold an abruptly scheduled press conference on election security.,1,FBI,NA,FBI,NA,FBI,NA
1261040646632214528,Stand by for some news about taxpayer funds being paid to @realdonaldtrump's businesses!,1,@realdonaldtrump,D,@realdonaldtrump,NA,@realdonaldtrump,NA
1328446797530992640,"RT @sadmonsters: Biden should start his inaugural speech by saying, “Well, that was weird.”",1,Biden,NA,Biden,NA,Biden,NA
1427739086618382336,Trump literally orchestrated it so that the Taliban would take over Afghanistan. In his own words… https://t.co/Tgx6J0AIvx,1,Trump,D,Trump,NA,Trump,NA
1314648521644142592,"The Trump rally in Bemidji a few weeks ago has been associated with nine COVID-19 cases. Two have been hospitalized, and one person is in the ICU.",1,Trump,NA,Trump,NA,Trump,NA
1332708598451892224,"RT @tribelaw: “Trump said Thursday he would leave the White House if the electoral college voted for President-elect Biden next month, thou…",2,White House,NA,White House,NA,White House,NA
1332708598451892224,"RT @tribelaw: “Trump said Thursday he would leave the White House if the electoral college voted for President-elect Biden next month, thou…",3,Trump,NA,Trump,NA,Trump,NA
1306965212743041024,Joe Biden shows the qualities President Trump lacks at CNN's town hall | Analysis https://t.co/6yBfrLjZzy https://t.co/T68NOxCiez,1,President Trump,D,President Trump,NA,President Trump,NA
1306965212743041024,Joe Biden shows the qualities President Trump lacks at CNN's town hall | Analysis https://t.co/6yBfrLjZzy https://t.co/T68NOxCiez,2,Joe Biden,T,Joe Biden,NA,Joe Biden,NA
1245748640594919424,RT @olgaNYC1211: Hmmm. So Putin denies speaking to MbS like Trump claimed. Yet the stock and oil markets go up https://t.co/80WgkVYkwy,1,Trump,NA,Trump,NA,Trump,NA
1266097457399726080,New Report Claims Trump And Barr Are Reportedly Planning To Use Executive Order To Collect Information And Monitor People On Social Media https://t.co/yegP4kuoh1,1,Trump,D,Trump,NA,Trump,NA
1348044124977569792,@SenWhitehouse That must have been chilling. I really can't imagine how all of you are feeling and how you were able to carry on later that same day. I'm so glad you're ok.,1,@SenWhitehouse,NA,@SenWhitehouse,NA,@SenWhitehouse,NA
1203528935801114624,RT @paulsperry_: Still waiting for statements from Rep. Ilhan Omar and Rep. Rashida Tlaib condemning the Islamic terrorist attack on U.S. m…,1,Rep. Ilhan Omar,NA,Rep. Ilhan Omar,NA,Rep. Ilhan Omar,NA
1203528935801114624,RT @paulsperry_: Still waiting for statements from Rep. Ilhan Omar and Rep. Rashida Tlaib condemning the Islamic terrorist attack on U.S. m…,2,Rep. Rashida Tlaib,NA,Rep. Rashida Tlaib,NA,Rep. Rashida Tlaib,NA
1348860572671090688,RT @ThomasSalzman: #IBelieveIShould call my congressman and senator and tell them to vote to Impeach and convict. https://t.co/Kn70USSMRs,1,senator,NA,senator,NA,senator,NA
1348860572671090688,RT @ThomasSalzman: #IBelieveIShould call my congressman and senator and tell them to vote to Impeach and convict. https://t.co/Kn70USSMRs,2,congressman,NA,congressman,NA,congressman,NA
1257833804053397504,"“No, I will not make a statement to you FBI agents, and the reason is General Mike Flynn. Bye.”",1,FBI,NA,FBI,NA,FBI,NA
1353337657569517568,RT @joncoopertweets: The Senate needs to radically reform — if not outright eliminate — the Jim Crow filibuster. Pass it on.,1,Senate,NA,Senate,NA,Senate,NA
1277329125519134720,"How can the Supreme Court rule against Congress reviewing the President's records with the Russian money laundering Deutsche Bank when we now know that Russia put bounties on American troops that may have led to dead Americans, and Trump did nothing?",1,Supreme Court,D,Supreme Court,D,Supreme Court,NA
1277329125519134720,"How can the Supreme Court rule against Congress reviewing the President's records with the Russian money laundering Deutsche Bank when we now know that Russia put bounties on American troops that may have led to dead Americans, and Trump did nothing?",2,Congress,NA,Congress,NA,Congress,NA
1277329125519134720,"How can the Supreme Court rule against Congress reviewing the President's records with the Russian money laundering Deutsche Bank when we now know that Russia put bounties on American troops that may have led to dead Americans, and Trump did nothing?",4,Trump,D,Trump,D,Trump,D
1331255279523147776,@realDonaldTrump The only stench that’s out there is you,1,@realDonaldTrump,NA,@realDonaldTrump,NA,@realDonaldTrump,NA
1413560085780049920,"RT @DonaldJTrumpJr: David Chipman, Biden's radical ATF nominee, is a massive threat to our Second Amendment #2A rights. The Senate should r…",1,ATF,NA,ATF,D,ATF,NA
1413560085780049920,"RT @DonaldJTrumpJr: David Chipman, Biden's radical ATF nominee, is a massive threat to our Second Amendment #2A rights. The Senate should r…",2,Senate,NA,Senate,NA,Senate,NA
1413560085780049920,"RT @DonaldJTrumpJr: David Chipman, Biden's radical ATF nominee, is a massive threat to our Second Amendment #2A rights. The Senate should r…",3,Biden,NA,Biden,D,Biden,NA
1362839037556400128,"If the below is true, Louis DeJoy committed perjury. That’s a crime.

Last August @RepJeffries and I requested the @FBI to investigate Postmaster General DeJoy. No one should be above the law. https://t.co/QHq2LjhU2a",1,FBI,NA,FBI,NA,FBI,NA
1362839037556400128,"If the below is true, Louis DeJoy committed perjury. That’s a crime.

Last August @RepJeffries and I requested the @FBI to investigate Postmaster General DeJoy. No one should be above the law. https://t.co/QHq2LjhU2a",3,@RepJeffries,NA,@RepJeffries,NA,@RepJeffries,NA
1362839037556400128,"If the below is true, Louis DeJoy committed perjury. That’s a crime.

Last August @RepJeffries and I requested the @FBI to investigate Postmaster General DeJoy. No one should be above the law. https://t.co/QHq2LjhU2a",4,Louis DeJoy,D,Louis DeJoy,NA,Louis DeJoy,D
1204475115372630016,RT @C_3C_3: If President Trump is guilty of compromising US National Security by withholding military aid to Ukraine for a short time what…,1,President Trump,NA,President Trump,NA,President Trump,NA
1310351322529640448,"RT @TimmyLynch13: @realDonaldTrump This is hilarious stuff.
#TrumpMeltdown https://t.co/LhWgKiVIhY",1,@realDonaldTrump,NA,@realDonaldTrump,NA,@realDonaldTrump,NA
1241078785983655936,RT @dumptrump33: Joe Biden needs to do this everyday. Emphasize the difference between him and Trump. Give the American people some honest…,1,Joe Biden,NA,Joe Biden,NA,Joe Biden,NA
1241078785983655936,RT @dumptrump33: Joe Biden needs to do this everyday. Emphasize the difference between him and Trump. Give the American people some honest…,2,Trump,NA,Trump,NA,Trump,NA
1405412865402564608,RT @sahilkapur: Monmouth poll: 60% of voters support Biden's $1.9 trillion stimulus law (including 38% of self-identified Republicans). Not…,1,Biden,NA,Biden,NA,Biden,NA
1354196452671713280,"My career has come full circle. I started at the @StateDept in 1993, and, today, it's the honor of my life to lead the Department's women and men as the 71st Secretary of State.",2,@StateDept,NA,@StateDept,NA,@StateDept,NA
1323297837304696832,"Elderly Impeached Trump's Sr, America. https://t.co/zf8n3yJCNm",1,Trump,NA,Trump,NA,Trump,D
1251285849834164224,"Perspective: Trump’s ""LIBERATE MICHIGAN!"" tweets incite insurrection. 

That’s illegal. https://t.co/flnRk7scri",1,Trump,D,Trump,D,Trump,D
1279965045485699072,"RT @BettieRose100: Susan Rice is a proven phenomenon.

~ She worked w/@JoeBiden &amp; Pres O for 8 yrs w/no inhouse drama or back stabbing

~ S…",1,@JoeBiden,NA,@JoeBiden,NA,@JoeBiden,NA
1293301914722086912,"RT @tj_melon: @realDonaldTrump Trump focuses on stocks because he caters to those whose wealth is based in stocks - the rich. 

Obama/Biden…",1,@realDonaldTrump,NA,@realDonaldTrump,NA,@realDonaldTrump,NA
1293301914722086912,"RT @tj_melon: @realDonaldTrump Trump focuses on stocks because he caters to those whose wealth is based in stocks - the rich. 

Obama/Biden…",3,Biden,NA,Biden,NA,Biden,NA
1253130339779850240,"RT @MSNBC: WATCH: President Trump says he told Georgia Gov. Kemp ""I disagree, strongly, with his decision to open certain facilities ... bu…",1,President Trump,NA,President Trump,NA,President Trump,NA
1253130339779850240,"RT @MSNBC: WATCH: President Trump says he told Georgia Gov. Kemp ""I disagree, strongly, with his decision to open certain facilities ... bu…",2,Gov. Kemp,NA,Gov. Kemp,NA,Gov. Kemp,NA
1318692704763740160,RT @itsJeffTiedrich: Stormy Daniels told us that Trump finishes early,1,Trump,NA,Trump,NA,Trump,NA
1311153586970132480,RT @ZeldaDan1: What worked for Trump 4 years ago won’t work for him now. We are 4 years older and won’t take it anymore,1,Trump,NA,Trump,NA,Trump,NA
1347977097042681856,"One last bit of mischief...

We all need to steal as many handles as possible that Trump might use in the future. 

😁 #DUMPTRUMP2020",1,Trump,NA,Trump,NA,Trump,NA
1286666216799645696,RT @HKrassenstein: @realDonaldTrump @elonmusk @Tesla Elon Musk didn’t agree with anyone.  He chose to bring it to Texas and you had nothing…,1,@realDonaldTrump,NA,@realDonaldTrump,NA,@realDonaldTrump,NA
1318349594036756480,"RT @JohnFugelsang: All you need to know about the Trump Campaign is this:

They're asking people to trust the judgement of someone who marr…",1,Trump,NA,Trump,NA,Trump,NA
1342171162890153984,"There are positions the president holds that his party will buck and those they won't. $2,000 checks is a no go. Falsely and repeatedly claiming the election was stolen, is fine.",1,president,D,president,D,president,NA
1202357808907337728,The Democrat congress look to me like rotten corpses - Here in SWEDEN I have found large support for @realDonaldTrump - actually where-ever I have gone !!! They even have commented on the absurdity of impeachment hearing - Democrats are subversive to our nation’s Safety https://t.co/A2JsXCgAry,2,@realDonaldTrump,NA,@realDonaldTrump,NA,@realDonaldTrump,NA
1415426646794977280,"Joe Biden's Eventful Day As President Today:

-Lunch
-Meeting
-Lid",1,Joe Biden,D,Joe Biden,NA,Joe Biden,NA
1415426646794977280,"Joe Biden's Eventful Day As President Today:

-Lunch
-Meeting
-Lid",2,President,NA,President,NA,President,NA
1216844932704624640,RT @elizaorlins: I understand the desire to eviscerate Trump. I do. But it can’t be at the expense of all people charged of crimes in our c…,1,Trump,NA,Trump,NA,Trump,NA
1299177683868422144,@MikeBloomberg psst.....have an extra billion to put towards Joe Biden and Kamala Harris? Pleaseeeeee? https://t.co/iQDWZnvYQg,1,Joe Biden,NA,Joe Biden,NA,Joe Biden,NA
1299177683868422144,@MikeBloomberg psst.....have an extra billion to put towards Joe Biden and Kamala Harris? Pleaseeeeee? https://t.co/iQDWZnvYQg,2,Kamala Harris,NA,Kamala Harris,NA,Kamala Harris,NA
1291707955277189120,"RT @davidaxelrod: One thing we know is that @JoeBiden is a man of deep faith, which is what allowed him to survive unthinkable tragedies in…",1,@JoeBiden,NA,@JoeBiden,NA,@JoeBiden,NA
1352010545268981760,"President Biden and Vice President Kamala Harris visited Arlington National Cemetery to lay a wreath at the Tomb of the Unknown Soldier, an inaugural tradition. They were accompanied by former Presidents Bill Clinton, George W. Bush and Barack Obama. https://t.co/LdEWesivgh https://t.co/KcQS33qMZD",1,President Biden,NA,President Biden,NA,President Biden,NA
1352010545268981760,"President Biden and Vice President Kamala Harris visited Arlington National Cemetery to lay a wreath at the Tomb of the Unknown Soldier, an inaugural tradition. They were accompanied by former Presidents Bill Clinton, George W. Bush and Barack Obama. https://t.co/LdEWesivgh https://t.co/KcQS33qMZD",2,Vice President Kamala Harris,NA,Vice President Kamala Harris,NA,Vice President Kamala Harris,NA
1232721291452526592,"@realDonaldTrump @CNN @CDCgov #1 Coronavirus, cretin. https://t.co/azpI7nhT50

#2 You cannot actually be so stupid as to believe your own line of shit, especially about a possible once in a century pandemic you cannot even spell correctly. #SMH https://t.co/Tp8EDnKewy",1,@realDonaldTrump,D,@realDonaldTrump,D,@realDonaldTrump,D
1232721291452526592,"@realDonaldTrump @CNN @CDCgov #1 Coronavirus, cretin. https://t.co/azpI7nhT50

#2 You cannot actually be so stupid as to believe your own line of shit, especially about a possible once in a century pandemic you cannot even spell correctly. #SMH https://t.co/Tp8EDnKewy",2,@CDCgov,D,@CDCgov,D,@CDCgov,NA
1213668906654552064,"ISIS targets cultural sites. The Taliban destroys cultural sites.  The United States of America should not join this list. Please @DeptofDefense @StateDept, roll back this horrific statement by @realDonaldTrump &amp; make clear that we will not target Iranian cultural sites.",1,@realDonaldTrump,D,@realDonaldTrump,NA,@realDonaldTrump,NA
1213668906654552064,"ISIS targets cultural sites. The Taliban destroys cultural sites.  The United States of America should not join this list. Please @DeptofDefense @StateDept, roll back this horrific statement by @realDonaldTrump &amp; make clear that we will not target Iranian cultural sites.",2,@DeptofDefense,NA,@DeptofDefense,NA,@DeptofDefense,NA
1213668906654552064,"ISIS targets cultural sites. The Taliban destroys cultural sites.  The United States of America should not join this list. Please @DeptofDefense @StateDept, roll back this horrific statement by @realDonaldTrump &amp; make clear that we will not target Iranian cultural sites.",3,@StateDept,NA,@StateDept,NA,@StateDept,NA
1287882884028612608,@RepsForBiden Biden is the ONLY CHOICE!,1,Biden,T,Biden,NA,Biden,NA
1348375017390624768,"RT @mmpadellan: This CANNOT be stated loudly and often enough:

THEY ARE PLANNING ANOTHER ATTACK AT THE CAPITOL.

Don't let it happen @FBI,…",1,FBI,NA,FBI,NA,FBI,NA
1319698635853074432,"I find it odd, if not curious, that the moment I hit “send” on my column that’s highly critical of Joe Biden my Wi-Fi service disconnected. Inexplicably, it will be out all day. Never happened before. Probably just a coincidence. I drove to the local store and sent the column .",1,Joe Biden,D,Joe Biden,NA,Joe Biden,NA
1224937172530106368,RT @SarahHuckabee: Nancy Pelosi tearing up President @realDonaldTrump’s State of the Union address tells you everything you need to know ab…,1,President @realDonaldTrump,NA,President @realDonaldTrump,NA,President @realDonaldTrump,NA
1255540100030660608,"Unpopular opinion I'm sure, but I'm not certain the Amash candidacy hurts Biden like people assume it will. If you keep in mind how tribal American partisanship is, you know there is a certain percentage of the Republican vote that is precisely that: tribal.",1,Biden,NA,Biden,NA,Biden,NA
1359948398149791744,RT @TimRunsHisMouth: Marjorie Taylor Greene will be re-elected forever and might as well run for President with the promotion she's getting…,1,President,NA,President,NA,President,NA
1361390572230103040,Ignorant Senator Shares New York Times Article Thinking It's Real https://t.co/UAHRUNv5Um,1,Senator,D,Senator,D,Senator,NA
1359949255268515840,"Oh.

Well, I guess that’s an explanation for her comfort and ease at caressing the crotch of the cardboard cutout of Trump without embarrassment or hesitation. https://t.co/4CjfiGRTrt",1,Trump,NA,Trump,NA,Trump,NA
1239379493019500544,"Biden commits to a woman as his vice president. He needs progressives and young people if he's to beat Trump. That means Vice President Elizabeth Warren.

#Demdebate",1,vice president,NA,vice president,NA,vice president,NA
1239379493019500544,"Biden commits to a woman as his vice president. He needs progressives and young people if he's to beat Trump. That means Vice President Elizabeth Warren.

#Demdebate",2,Biden,NA,Biden,NA,Biden,NA
1239379493019500544,"Biden commits to a woman as his vice president. He needs progressives and young people if he's to beat Trump. That means Vice President Elizabeth Warren.

#Demdebate",3,Trump,NA,Trump,NA,Trump,NA
1239379493019500544,"Biden commits to a woman as his vice president. He needs progressives and young people if he's to beat Trump. That means Vice President Elizabeth Warren.

#Demdebate",4,Elizabeth Warren,NA,Elizabeth Warren,NA,Elizabeth Warren,NA
1269823341382242304,"RT @fred_guttenberg: As long as these grifters are in OUR White House, they will continue to be exposed with brutal ads like this. https://…",1,White House,NA,White House,NA,White House,NA
1357488155054768128,RT @VoltaireLaFlare: Democratic Senators voting in favor: Hassan (NH); Kelly (AZ); Sinema (AZ); Manchin (WV); Peters (MI); Stabenow (MI); T…,1,Democratic Senators,NA,Democratic Senators,NA,Democratic Senators,NA
1309149863104442368,"Pelosi: ""Mr President -- you are in the United States of America. It is a democracy. So why don't you just try for a moment to honor your oath of office to the Constitution of the United States.""",1,President,NA,President,NA,President,NA
1360235705256079360,"Joe Biden is a decent human being.

After an era of bottomless indecency, that is a healing balm to wounds still fresh. https://t.co/gEf6ZRbutX",1,Joe Biden,T,Joe Biden,T,Joe Biden,NA
1236432751345221632,"RT @CNN: The father of a veteran who died by suicide reacts to Pres. Trump downplaying traumatic brain injuries. 
""I didn't want it to be p…",1,Trump,NA,Trump,NA,Trump,NA
1300523425258254336,@robbysoave Biden’s running mate personally raised money to bail out violent rioters in Minnesota.,1,Biden,NA,Biden,NA,Biden,NA
1288134554092482560,History won’t look kindly on @Jim_Jordan because he will be known as the one who constantly defends evil and corruption.,1,@Jim_Jordan,D,@Jim_Jordan,D,@Jim_Jordan,D
1223713702093836288,"Speaker of the House Nancy Pelosi: 79 y/o—17th term

Majority Leader Steny Hoyer: 80 y/o—20th term

Majority Whip James Clyburn: 79 y/o —14th term

House leadership has spent 102 combined years in office

Yet they blame Trump—who’s been in office for 1 term for our problems?

🤔",1,Nancy Pelosi,D,Nancy Pelosi,D,Nancy Pelosi,NA
1223713702093836288,"Speaker of the House Nancy Pelosi: 79 y/o—17th term

Majority Leader Steny Hoyer: 80 y/o—20th term

Majority Whip James Clyburn: 79 y/o —14th term

House leadership has spent 102 combined years in office

Yet they blame Trump—who’s been in office for 1 term for our problems?

🤔",2,Trump,NA,Trump,NA,Trump,NA
1223713702093836288,"Speaker of the House Nancy Pelosi: 79 y/o—17th term

Majority Leader Steny Hoyer: 80 y/o—20th term

Majority Whip James Clyburn: 79 y/o —14th term

House leadership has spent 102 combined years in office

Yet they blame Trump—who’s been in office for 1 term for our problems?

🤔",3,Steny Hoyer,D,Steny Hoyer,D,Steny Hoyer,D
1223713702093836288,"Speaker of the House Nancy Pelosi: 79 y/o—17th term

Majority Leader Steny Hoyer: 80 y/o—20th term

Majority Whip James Clyburn: 79 y/o —14th term

House leadership has spent 102 combined years in office

Yet they blame Trump—who’s been in office for 1 term for our problems?

🤔",4,James Clyburn,D,James Clyburn,D,James Clyburn,D
1442876836568915968,@SenDanSullivan @CDCgov https://t.co/Hpd2D84unW,1,@SenDanSullivan,NA,@SenDanSullivan,NA,@SenDanSullivan,NA
1442876836568915968,@SenDanSullivan @CDCgov https://t.co/Hpd2D84unW,2,@CDCgov,NA,@CDCgov,NA,@CDCgov,NA
1225604900601634816,RT @glennkirschner2: And this benefits Russia. Trump is as consistent as he is transparent. All roads lead to Russia. Good work Senate Repu…,1,Senate,NA,Senate,T,Senate,NA
1225604900601634816,RT @glennkirschner2: And this benefits Russia. Trump is as consistent as he is transparent. All roads lead to Russia. Good work Senate Repu…,2,Trump,D,Trump,T,Trump,NA
1219354745397182464,RT @ProudResister: Stop being so damn afraid of Donald Trump. It’s going to cost us this election. Vote for the candidate who inspires you…,1,Donald Trump,NA,Donald Trump,NA,Donald Trump,NA
1322827766400770048,"Our long-term allies and brave independent people, who Trump deserted, have a long, deep, thoughtful history: https://t.co/BKCnsM2zo6",1,Trump,NA,Trump,D,Trump,NA
1449052395325968384,RT @ByronYork: Justice Department IG found top FBI official Andrew McCabe lied repeatedly about leaks to media. AG Sessions fired him in 20…,1,Justice Department,NA,Justice Department,NA,Justice Department,NA
1449052395325968384,RT @ByronYork: Justice Department IG found top FBI official Andrew McCabe lied repeatedly about leaks to media. AG Sessions fired him in 20…,2,FBI,NA,FBI,NA,FBI,NA
1278280574801784832,"Can’t believe how badly @CNN has done in the newly released TV ratings. They are so far below @FoxNews (thank you President Trump!) that you can barely find them. Fredo should be given a big pay cut! MSDNC also did poorly. As I have long said, Fake News does not pay!!!",1,President Trump,NA,President Trump,NA,President Trump,NA
1294586088267362304,Good Morning Kamala Harris will be your Vice President shortly #BidenHarrisLandslide2020 https://t.co/NRQgc7VdN3,1,Kamala Harris,NA,Kamala Harris,NA,Kamala Harris,NA
1294586088267362304,Good Morning Kamala Harris will be your Vice President shortly #BidenHarrisLandslide2020 https://t.co/NRQgc7VdN3,2,Vice President,NA,Vice President,NA,Vice President,NA
1322899184802885632,"@wellboy @realDonaldTrump It’s like when Trump closed boarders to China in January, so the Chinese came through Europe until March when he closed them.",1,@realDonaldTrump,NA,@realDonaldTrump,NA,@realDonaldTrump,NA
1347294383910100992,JUSTICE: Capitol Rioters Could Face Up to 10 Years in Prison Under Trump’s Monument Law https://t.co/kymtFFBtSO,1,Trump,NA,Trump,NA,Trump,NA
1460256298906304512,Steve Bannon interrupted his surrender to the FBI this morning to plug the guests who'll be on his show later today. https://t.co/4Vlq5Ycfjz,1,FBI,NA,FBI,NA,FBI,NA
1330313023135903744,"RT @mkraju: Rep. Liz Cheney, a member of House GOP leadership, says President Trump should respect “the sanctity of our electoral process”…",1,President Trump,NA,President Trump,NA,President Trump,NA
1330313023135903744,"RT @mkraju: Rep. Liz Cheney, a member of House GOP leadership, says President Trump should respect “the sanctity of our electoral process”…",2,Rep. Liz Cheney,NA,Rep. Liz Cheney,NA,Rep. Liz Cheney,NA
1318688673676787712,@realDonaldTrump #TrumpIsANationalDisgrace #TrumpIsACoward #TrumpVirusDeathToll224K #TrumpIsASuperSpreader https://t.co/wPvMnfXyml,1,@realDonaldTrump,D,@realDonaldTrump,D,@realDonaldTrump,D
1413126350743953408,"RT @dscc: The American Rescue Plan delivered $1,400 relief checks to over 160 million Americans. Not a single Republican in Congress voted…",1,Congress,NA,Congress,NA,Congress,NA
1428739933150187520,"Things that haven’t happened:

A motive being found for The Las Vegas Shooting.

An investigation into how WTC 7 fell.

FDA approval for the v*ccine.

Jeffery Epstein, &amp; McAfee killings themselves.

An forensic recovery of Hunter Biden’s laptop.",1,FDA,NA,FDA,NA,FDA,NA
1328051790508679168,"RT @WesSmith123: In case Trump &amp; his supporters don’t get it yet. ⬇️

Gen. Mark Milley: “We do not take an oath to a king or a queen, a tyr…",1,Trump,NA,Trump,NA,Trump,NA
1242334881306120192,@LovesTheBern @BernieSanders @RashidaTlaib @BLeeForCongress @RepMaxineWaters @Ilhan @AOC @RepJayapal @cmkshama @CMTammyMorales and @CMTMosqueda deserve a shout out,1,@BernieSanders,NA,@BernieSanders,NA,@BernieSanders,NA
1242334881306120192,@LovesTheBern @BernieSanders @RashidaTlaib @BLeeForCongress @RepMaxineWaters @Ilhan @AOC @RepJayapal @cmkshama @CMTammyMorales and @CMTMosqueda deserve a shout out,3,@RepMaxineWaters,NA,@RepMaxineWaters,NA,@RepMaxineWaters,NA
1242334881306120192,@LovesTheBern @BernieSanders @RashidaTlaib @BLeeForCongress @RepMaxineWaters @Ilhan @AOC @RepJayapal @cmkshama @CMTammyMorales and @CMTMosqueda deserve a shout out,4,@Ilhan,NA,@Ilhan,NA,@Ilhan,NA
1242334881306120192,@LovesTheBern @BernieSanders @RashidaTlaib @BLeeForCongress @RepMaxineWaters @Ilhan @AOC @RepJayapal @cmkshama @CMTammyMorales and @CMTMosqueda deserve a shout out,5,@AOC,NA,@AOC,NA,@AOC,NA
1263362920148168704,RT @PalmerReport: @SenatorLoeffler I wouldn't put much stock in anything Kelly Loeffler says.,1,@SenatorLoeffler,D,@SenatorLoeffler,D,@SenatorLoeffler,D
1263362920148168704,RT @PalmerReport: @SenatorLoeffler I wouldn't put much stock in anything Kelly Loeffler says.,2,Kelly Loeffler,NA,Kelly Loeffler,D,Kelly Loeffler,D
1295919867258961920,"@biannagolodryga @andersoncooper I'm still laughing at how badly @AC360 spanked Lindell.

It was as brutal as it needed to be.

Lindell is a jackass willing to poison us so he can prove his loyalty to Trump.",1,Trump,NA,Trump,NA,Trump,NA
1268511748459560960,"Went for a walk. Picked up an escort when I walked past DC National Guard Armory. Reminded @NationalGuard officer that I was on a public street. Understand ma’am. We’re concerned about vandalism. Ok. I’m the elected official for this area, tell me more. No comment. #dcprotests https://t.co/rIz2JaqioW",1,National Guard,NA,National Guard,NA,National Guard,NA
1291901687209365504,RT @KamalaHarris: Listen to the scientists and wear a mask.,1,@KamalaHarris,NA,@KamalaHarris,NA,@KamalaHarris,NA
1336484551783194624,"When I came to Congress, I knew I had a responsibility to pull back the curtain for the American people and expose corruption in real time. So, I’m filling you in on Senator McConnell’s attempts over the last 8 days to tank a *bipartisan* COVID relief bill. (THREAD)",1,Congress,NA,Congress,NA,Congress,NA
1336484551783194624,"When I came to Congress, I knew I had a responsibility to pull back the curtain for the American people and expose corruption in real time. So, I’m filling you in on Senator McConnell’s attempts over the last 8 days to tank a *bipartisan* COVID relief bill. (THREAD)",2,Senator McConnell,NA,Senator McConnell,D,Senator McConnell,D
1259955053885968384,"RT @funder: BREAKING: Trump was just asked if Obama should be prosecuted, and for what crime. Trump refused to answer the question. Trump’s…",1,Trump,NA,Trump,NA,Trump,NA
1433312758406156288,@DmitrysPlane @lasnpatterson @TTBDNS6 @ClubPhyte @AshaRangappa_ The other GP candidates were completely irrelevant nobodies who faded into nonexistence after they lost. Same reason nobody remembers Seth Moulton and Wayne Messam ran for President,1,President,NA,President,NA,President,NA
1433312758406156288,@DmitrysPlane @lasnpatterson @TTBDNS6 @ClubPhyte @AshaRangappa_ The other GP candidates were completely irrelevant nobodies who faded into nonexistence after they lost. Same reason nobody remembers Seth Moulton and Wayne Messam ran for President,2,Seth Moulton,NA,Seth Moulton,NA,Seth Moulton,NA
1318381065770323968,"With Amy Coney Barrett on the bench, Trump likely would have *won* this case—and hundreds of thousands of valid Pennsylvania votes that leaned heavily toward Biden may have been thrown in the trash. Democracy is on a knife's edge, in SCOTUS and elsewhere. https://t.co/x7r8CzNHt7",1,SCOTUS,NA,SCOTUS,NA,SCOTUS,NA
1318381065770323968,"With Amy Coney Barrett on the bench, Trump likely would have *won* this case—and hundreds of thousands of valid Pennsylvania votes that leaned heavily toward Biden may have been thrown in the trash. Democracy is on a knife's edge, in SCOTUS and elsewhere. https://t.co/x7r8CzNHt7",2,Trump,NA,Trump,NA,Trump,NA
1318381065770323968,"With Amy Coney Barrett on the bench, Trump likely would have *won* this case—and hundreds of thousands of valid Pennsylvania votes that leaned heavily toward Biden may have been thrown in the trash. Democracy is on a knife's edge, in SCOTUS and elsewhere. https://t.co/x7r8CzNHt7",3,Biden,NA,Biden,NA,Biden,NA
1209668441654870016,@EricWorre @mike_maloney @theRealKiyosaki @realDonaldTrump @kimkiyosaki I've worked on my business nearly every day since this tweet. I'm still a young #entrepreneur (under 30) and my team is 3.1% of the way to my goal of 1 million #Karatbars account account holders. Join me.,1,@realDonaldTrump,NA,@realDonaldTrump,NA,@realDonaldTrump,NA
1204596217537290240,"Can this be right ?

If a Democrat is President, lying about a blow-job is grounds for impeachment

If a Republican is President, betraying his country's defence policy again Russia...isn't

What am I missing here ?",1,President,NA,President,NA,President,NA
1250104261222043648,Are ventilators being overused? Doctors weigh in https://t.co/4PdsbXCnBB   #CBSNews  #ABCNews  #NBCNews   #PBS  #CNN  #ChicagoTribune  #POTUS   #IDPH  #USAToday   #NBC5Chicago  @CBSNY  @ABCLA   @NBCny   @Today  #COVID19  #CDC #FlattenTheCurve  @NBCChicagoNews https://t.co/6giStdp71m,1,POTUS,NA,POTUS,NA,POTUS,NA
1250104261222043648,Are ventilators being overused? Doctors weigh in https://t.co/4PdsbXCnBB   #CBSNews  #ABCNews  #NBCNews   #PBS  #CNN  #ChicagoTribune  #POTUS   #IDPH  #USAToday   #NBC5Chicago  @CBSNY  @ABCLA   @NBCny   @Today  #COVID19  #CDC #FlattenTheCurve  @NBCChicagoNews https://t.co/6giStdp71m,2,CDC,NA,CDC,NA,CDC,NA
1363637237280202752,RT @EvanDonovan: NEW: St. Pete Congressman @RepCharlieCrist is requesting the DOJ investigate @GovRonDeSantis and his involvement in the Ma…,1,DOJ,NA,DOJ,NA,DOJ,NA
1363637237280202752,RT @EvanDonovan: NEW: St. Pete Congressman @RepCharlieCrist is requesting the DOJ investigate @GovRonDeSantis and his involvement in the Ma…,2,@GovRonDeSantis,NA,@GovRonDeSantis,NA,@GovRonDeSantis,NA
1312782563107319808,"In an effort to explain the contradictions in yesterday's briefing on the President's health &amp; just ahead of abruptly leaving with many questions about his condition unanswered, Dr. Conley says, ""It came off that we were trying to hide something, which wasn't necessarily true.""",1,President,NA,President,NA,President,NA
1318937663618109440,@alexsalvinews @realDonaldTrump https://t.co/h9KmwEsG5T,1,@realDonaldTrump,NA,@realDonaldTrump,NA,@realDonaldTrump,NA
1351293358531031040,"I'm old enough to remember when The Obamas gave the trumps the courtesy of a peaceful transition, even though you KNOW President Obama wanted to bodyslam trump.

I wouldn't have even minded.",1,President,NA,President,NA,President,NA
1351293358531031040,"I'm old enough to remember when The Obamas gave the trumps the courtesy of a peaceful transition, even though you KNOW President Obama wanted to bodyslam trump.

I wouldn't have even minded.",2,trump,NA,trump,NA,trump,NA
1414995205531394048,"RT @Maui_Speaks: Government healthcare workers escorting a man with covid symptoms to receive care in Cuba over the weekend.
Here’s your so…",1,Government,NA,Government,NA,Government,NA
1412490276325711872,"Hillary Clinton did everything she possibly could to prevent Benghazi &amp; the Republican Party went after like how sharks go after blood. Yet, Marjorie Taylor Greene, Lauren Boebert, &amp; Ted Cruz led the terror attack on Capitol that resulted in 6 deaths but the GOP wants to move on.",1,Marjorie Taylor Greene,D,Marjorie Taylor Greene,D,Marjorie Taylor Greene,D
1412490276325711872,"Hillary Clinton did everything she possibly could to prevent Benghazi &amp; the Republican Party went after like how sharks go after blood. Yet, Marjorie Taylor Greene, Lauren Boebert, &amp; Ted Cruz led the terror attack on Capitol that resulted in 6 deaths but the GOP wants to move on.",2,Lauren Boebert,D,Lauren Boebert,D,Lauren Boebert,D
1412490276325711872,"Hillary Clinton did everything she possibly could to prevent Benghazi &amp; the Republican Party went after like how sharks go after blood. Yet, Marjorie Taylor Greene, Lauren Boebert, &amp; Ted Cruz led the terror attack on Capitol that resulted in 6 deaths but the GOP wants to move on.",3,Ted Cruz,D,Ted Cruz,D,Ted Cruz,D
1354125178968522752,"Okay D-student Hannity a reminder:  The first amendment states that the GOVERNMENT won't deny your right to free speech.  Twitter is not the government, facebook is not the government. By the way what are you doing?  Communicating!! https://t.co/BxuQ0ptj4u",1,GOVERNMENT,NA,GOVERNMENT,NA,GOVERNMENT,NA
1351940541408305152,RT @MeidasTouch: Joe Biden leads a silent prayer for those who lost their lives to COVID-19. Finally we have a president willing to acknowl…,2,president,NA,president,NA,president,NA
1448694474016636928,BREAKING: A group just put up 'TRUMP LOST' billboards Around the country,1,TRUMP,NA,TRUMP,NA,TRUMP,NA
1257125433029660672,RT @_crm95: I love seeing my president on here 😻,1,president,NA,president,NA,president,NA
1436795663157710848,"RT @realTuckFrumper: Biden stresses unity, democratic values in Shanksville https://t.co/uREyo8EAQ2",1,Biden,NA,Biden,NA,Biden,NA
1318552233387098112,"@RepWilson No, it's not baffling Rep. Wilson. Those people in the White House are rotten, evil and want to SEE people suffering. 

They don't CARE. They're souleless.",1,White House,D,White House,D,White House,D
1318552233387098112,"@RepWilson No, it's not baffling Rep. Wilson. Those people in the White House are rotten, evil and want to SEE people suffering. 

They don't CARE. They're souleless.",2,@RepWilson,NA,@RepWilson,NA,@RepWilson,NA
1318552233387098112,"@RepWilson No, it's not baffling Rep. Wilson. Those people in the White House are rotten, evil and want to SEE people suffering. 

They don't CARE. They're souleless.",3,Rep. Wilson,NA,Rep. Wilson,NA,Rep. Wilson,NA
1371157618824126464,Awaiting comment from @POTUS @PressSec @HouseDemocrats @SenateDems and all of Hollywood celebrities and @CNN @jaketapper @brianstelter @maddow @MSNBC @Oprah @TheView https://t.co/VcPbdsYBjT,1,@POTUS,NA,@POTUS,NA,@POTUS,NA
1371157618824126464,Awaiting comment from @POTUS @PressSec @HouseDemocrats @SenateDems and all of Hollywood celebrities and @CNN @jaketapper @brianstelter @maddow @MSNBC @Oprah @TheView https://t.co/VcPbdsYBjT,2,HouseDemocrats,NA,HouseDemocrats,NA,HouseDemocrats,NA
1371157618824126464,Awaiting comment from @POTUS @PressSec @HouseDemocrats @SenateDems and all of Hollywood celebrities and @CNN @jaketapper @brianstelter @maddow @MSNBC @Oprah @TheView https://t.co/VcPbdsYBjT,4,@PressSec,NA,@PressSec,NA,@PressSec,NA
1371157618824126464,Awaiting comment from @POTUS @PressSec @HouseDemocrats @SenateDems and all of Hollywood celebrities and @CNN @jaketapper @brianstelter @maddow @MSNBC @Oprah @TheView https://t.co/VcPbdsYBjT,5,@HouseDemocrats,NA,@HouseDemocrats,NA,@HouseDemocrats,NA
1268671484790218752,"#BREAKING: A Secret Service Spokesperson tells @FoxNews: The Secret Service has determined that no agency personnel used tear gas or capsicum spray during its efforts to secure the area near Lafayette Park on Monday, June 1st, 2020",1,Secret Service,NA,Secret Service,NA,Secret Service,NA
1305502283128614912,RT @uflo5: Happy Fuck trump DAY folks 👍 🐿️ 🐹 😎 https://t.co/SGSPlQtY1t,1,trump,NA,trump,NA,trump,NA
1214046618959405056,"Speaker Nancy Pelosi (D-Calif.) announced in a letter Sunday that the House ""will introduce and vote on a War Powers Resolution to limit"" President Trump's ""military actions regarding Iran."" https://t.co/hNPLb2mwuS",1,President Trump,NA,President Trump,NA,President Trump,NA
1214046618959405056,"Speaker Nancy Pelosi (D-Calif.) announced in a letter Sunday that the House ""will introduce and vote on a War Powers Resolution to limit"" President Trump's ""military actions regarding Iran."" https://t.co/hNPLb2mwuS",2,Nancy Pelosi,NA,Nancy Pelosi,NA,Nancy Pelosi,NA
1267987154992422912,"@JoeBiden @SharylAttkisson YOU called him a racist for stopping travel from China in Jan. 
There was NO YEAR GAS USED! That is a lie!

Peaceful protestors DON'T throw rocks and full water bottles at law enforcement officials!

You've been in DC 44 years and have done 0 for all Americans. You're a racist!",1,@JoeBiden,NA,@JoeBiden,D,@JoeBiden,D
1364792684989276160,I would love to know if @BarackObama believes Joe Biden received more votes than he did in the past election? https://t.co/y4qsuvkXke,1,Joe Biden,NA,Joe Biden,NA,Joe Biden,NA
1295921485102698496,"RT @KamalaHarris: ""How do you make a broken family whole? The same way you make a nation whole. With love. And understanding. And small act…",1,@KamalaHarris,NA,@KamalaHarris,NA,@KamalaHarris,NA
1210624006090641408,"RT @CREWcrew: The very inspector general report that House Minority Leader Kevin McCarthy urged people to read as proof of the FBI ""broke i…",1,FBI,NA,FBI,NA,FBI,NA
1210624006090641408,"RT @CREWcrew: The very inspector general report that House Minority Leader Kevin McCarthy urged people to read as proof of the FBI ""broke i…",2,Kevin McCarthy,NA,Kevin McCarthy,NA,Kevin McCarthy,NA
1308482783480893440,@realDonaldTrump Voting your ass out!,1,@realDonaldTrump,D,@realDonaldTrump,NA,@realDonaldTrump,NA
1346910710991712256,@NYMag Trump made this happen!!!,1,Trump,NA,Trump,NA,Trump,NA
1347636618690232320,RT @FBI: Do you see anyone you recognize? The #FBI is still seeking information to help identify individuals who actively instigated violen…,1,FBI,NA,FBI,NA,FBI,NA
1259481380939018240,"RT @DrDGrossman: Today marks 60 years since the FDA approved the birth control pill. As we celebrate that anniversary, we must honor the Pu…",1,FDA,NA,FDA,NA,FDA,NA
1326985502810058752,"The Pope aka His Holiness reached out today &amp; other World Leaders have called to congratulate the 
President Elect Joey Biden 🇺🇸🇺🇸

#4MoreYears #46 

@Pontifex is a real Patriot !!!!

The @iamrapaport is DISRUPTION 

https://t.co/Q8XeE72a6P https://t.co/igXyZXLRrr",1,President,NA,President,NA,President,NA
1326985502810058752,"The Pope aka His Holiness reached out today &amp; other World Leaders have called to congratulate the 
President Elect Joey Biden 🇺🇸🇺🇸

#4MoreYears #46 

@Pontifex is a real Patriot !!!!

The @iamrapaport is DISRUPTION 

https://t.co/Q8XeE72a6P https://t.co/igXyZXLRrr",2,Biden,NA,Biden,NA,Biden,NA
1235750596214325248,"@cmclymer Psst. @cmclymer. PSST!

Now that she's no longer in the race, can you provide the name of that senator you teased us with before?",1,senator,NA,senator,NA,senator,NA
1428306606538858496,RT @MalcolmNance: Wait till she hears what Trump was doing behind her back. #HeCheatedOnYuNikki https://t.co/yfjcfXZ1pC,1,Trump,D,Trump,NA,Trump,NA
1354046429036163072,"So according to the supreme court they make their decisions based on the constitution, the same document their decisions claim the president doesn't have to follow..????",1,supreme court,NA,supreme court,NA,supreme court,NA
1354046429036163072,"So according to the supreme court they make their decisions based on the constitution, the same document their decisions claim the president doesn't have to follow..????",2,president,NA,president,NA,president,NA
1307027611118456832,"@realDonaldTrump @FLOTUS yet you call POW and MIA losers and suckers!  You're OWN WORDS regarding John McCain ""I like people that aren't caught"" RESIGN!!!!!!!! #TrumpIsANationalDisgrace https://t.co/oe5UpzOjXA",1,@realDonaldTrump,D,@realDonaldTrump,NA,@realDonaldTrump,D
1276231278728114176,"Biden on Trump: ""He's like a child who can't believe this has happened to him. And all his whining and self-pity. This pandemic didn't happen to him, it happened to all of us. His job isn't to whine about it. His job is to do something about it.""",1,Biden,NA,Biden,NA,Biden,NA
1276231278728114176,"Biden on Trump: ""He's like a child who can't believe this has happened to him. And all his whining and self-pity. This pandemic didn't happen to him, it happened to all of us. His job isn't to whine about it. His job is to do something about it.""",2,Trump,NA,Trump,NA,Trump,NA
1324409370042662912,"RT @AriBerman: Dems have won popular vote in 7 of last 8 presidential elections

Biden leads Trump by 3 million votes

Senate Ds represent…",1,Senate,NA,Senate,NA,Senate,NA
1324409370042662912,"RT @AriBerman: Dems have won popular vote in 7 of last 8 presidential elections

Biden leads Trump by 3 million votes

Senate Ds represent…",2,Biden,NA,Biden,NA,Biden,NA
1324409370042662912,"RT @AriBerman: Dems have won popular vote in 7 of last 8 presidential elections

Biden leads Trump by 3 million votes

Senate Ds represent…",3,Trump,NA,Trump,NA,Trump,NA
1324914732034379776,"O, farewell!
Farewell the neighing steed and the shrill trump",1,trump,NA,trump,NA,trump,NA
1393899682171166720,"I just posted ""CIA Replaces Waterboarding With 12-Hour Lectures On Intersectional Feminism"" on Reddit

https://t.co/kQa92Tuvqj",1,CIA,NA,CIA,NA,CIA,NA
1292205888103735296,"Great decision by President @realDonaldTrump to use executive orders to continue the federal unemployment supplement at the $400 level.  

https://t.co/Xlh768cB0B",1,President @realDonaldTrump,T,President @realDonaldTrump,NA,President @realDonaldTrump,NA
1301144235740192768,@realDonaldTrump https://t.co/CQZhkz3MRw,1,@realDonaldTrump,NA,@realDonaldTrump,NA,@realDonaldTrump,NA
1299410105360953344,"RT @JoeBiden: We can't let George Floyd and Jacob Blake become just another pair of hashtags.

This is a moment of action.

It's long past…",1,@JoeBiden,NA,@JoeBiden,NA,@JoeBiden,NA
1254100619301814272,"RT @robreiner: There is no question. Trump’s mental illness is killing people. We are in a crisis of epic proportions. I call on Bush, Obam…",1,Trump,D,Trump,D,Trump,D
1404105524933758976,"RT @AlexPadilla4CA: Given the current political state of affairs, preserving the filibuster is INCOMPATIBLE with protecting democracy.",1,@AlexPadilla4CA,NA,@AlexPadilla4CA,NA,@AlexPadilla4CA,NA
1308605986924572672,Your nightly reminder that Martha McSally and Kelly Loeffler have never actually been elected to the U.S. Senate and literally do not represent the will of the people in deciding who should fill the vacancy left by Justice Ginsburg.,1,Justice Ginsburg,NA,Justice Ginsburg,NA,Justice Ginsburg,NA
1308605986924572672,Your nightly reminder that Martha McSally and Kelly Loeffler have never actually been elected to the U.S. Senate and literally do not represent the will of the people in deciding who should fill the vacancy left by Justice Ginsburg.,2,Senate,NA,Senate,NA,Senate,NA
1308605986924572672,Your nightly reminder that Martha McSally and Kelly Loeffler have never actually been elected to the U.S. Senate and literally do not represent the will of the people in deciding who should fill the vacancy left by Justice Ginsburg.,3,Martha McSally,NA,Martha McSally,D,Martha McSally,NA
1308605986924572672,Your nightly reminder that Martha McSally and Kelly Loeffler have never actually been elected to the U.S. Senate and literally do not represent the will of the people in deciding who should fill the vacancy left by Justice Ginsburg.,4,Kelly Loeffler,NA,Kelly Loeffler,D,Kelly Loeffler,NA
1368060865111588864,"2,000 people are dying daily of COVID-19 and you pull this @GOPLeader

The GOP can't be entrusted with *any aspect* of his nation's future https://t.co/Qk30zwCXRd",1,@GOPLeader,D,@GOPLeader,D,@GOPLeader,NA
1438159730472484864,"RT @KTLA: Fearful of Donald Trump’s actions in his final weeks as president, the United States’ top military officer twice called his Chine…",1,Donald Trump,NA,Donald Trump,NA,Donald Trump,NA
1438159730472484864,"RT @KTLA: Fearful of Donald Trump’s actions in his final weeks as president, the United States’ top military officer twice called his Chine…",2,president,NA,president,NA,president,NA
1405395114663415808,"Please do @TheDemocrats @JoeBiden @KamalaHarris 

The majority of American citizens are counting on you to push this through for them. Countless future generations as well. Stop stalling and get it going. https://t.co/ynsMB1vZFw",1,@JoeBiden,NA,@JoeBiden,NA,@JoeBiden,NA
1405395114663415808,"Please do @TheDemocrats @JoeBiden @KamalaHarris 

The majority of American citizens are counting on you to push this through for them. Countless future generations as well. Stop stalling and get it going. https://t.co/ynsMB1vZFw",2,@KamalaHarris,NA,@KamalaHarris,NA,@KamalaHarris,NA
1241921484320358400,"Nothing in the Senate has shocked me, until today. Standing in the way of a critically needed rescue package is irresponsible and reckless. Dems say not enough money to states: nearly $200 billion isn’t chump change. Hospitals get at least $75 billion.",1,Senate,D,Senate,D,Senate,NA
1310566911864864768,"A lot of Americans want to know: 

Will Chris Wallace ask Trump on Tuesday night:

“Mr. Trump, to whom do you owe that $410M?",1,Trump,NA,Trump,NA,Trump,NA
1235658406847025152,RT @RVAwonk: You know what should be getting a lot more media attention? There’s a credibly accused rapist on the Supreme Court and a seria…,1,Supreme Court,NA,Supreme Court,NA,Supreme Court,NA
1360020285420929024,⁦@JoeBiden⁩ what the fuck is wrong with you? https://t.co/qExsDwbYrL,1,@JoeBiden,NA,@JoeBiden,NA,@JoeBiden,NA
1359361783719485440,"#GOPCowards need to decide if they love trump more than they love America. You can only pick ONE.

If they have convictions, they will CONVICT trump.
https://t.co/HWwFQcbUcx",1,trump,NA,trump,NA,trump,NA
1223957955441315840,"Going to make this as easy as possible

$584 billion to $1.1 trillion
$584 billion to $1.1 trillion
$584 billion to $1.1 trillion
$584 billion to $1.1 trillion
$584 billion to $1.1 trillion

That’s our annual budget deficit thanks to Donald Trump’s Wall Street 1% tax cut.",1,Donald Trump,D,Donald Trump,NA,Donald Trump,NA
1313577928467329024,RT @SpeakerPelosi: President Trump has shown his true colors: walking away from coronavirus relief negotiations and refusing to give real h…,1,President Trump,D,President Trump,NA,President Trump,NA
1313577928467329024,RT @SpeakerPelosi: President Trump has shown his true colors: walking away from coronavirus relief negotiations and refusing to give real h…,2,@SpeakerPelosi,NA,@SpeakerPelosi,NA,@SpeakerPelosi,NA
1226946491551494144,"Every few years, DOD gets an idea to cut off this critical news lifeline to troops downrange. Usually, folks over there come to their senses before doing to much damage. Here's hoping that happens again this cycle. I imagine Congress will have plenty of questions. https://t.co/TVWImicJ4E",1,DOD,D,DOD,NA,DOD,NA
1226946491551494144,"Every few years, DOD gets an idea to cut off this critical news lifeline to troops downrange. Usually, folks over there come to their senses before doing to much damage. Here's hoping that happens again this cycle. I imagine Congress will have plenty of questions. https://t.co/TVWImicJ4E",2,Congress,NA,Congress,NA,Congress,NA
1270527784247582720,I reported a couple of Trump tweets.  Let's see how long it is before I get suspended again,1,Trump,NA,Trump,NA,Trump,NA
1306754382692745216,@JoeBiden You’re a fucking liar.,1,@JoeBiden,D,@JoeBiden,D,@JoeBiden,D
1326637282468696064,Biden Covid advisor says U.S. lockdown of 4 to 6 weeks could control pandemic and revive economy https://t.co/ts7YNbtiiR,1,Biden,NA,Biden,NA,Biden,NA
1285940038786678784,"RT @rmasher2: When asked about his friend #GhislaineMaxwell, accused of pimping underage girls to powerful men, @realDonaldTrump says: ""I j…",1,@realDonaldTrump,NA,@realDonaldTrump,NA,@realDonaldTrump,NA
1261453435955818496,"House Minority Leader Kevin McCarthy 
Rep. Dan Crenshaw 
Rep. Matt Gaetz
Rep. Devin Nunes
Rep. Jim Jordan
Rep. Elise Stefanik
Rep. Lee Zeldin

All are at Camp David so they can receive their deflection, projection, rejection and Lysol Injection fall Syllabus.

#TrumpHasNoPlan",1,Rep. Dan Crenshaw,NA,Rep. Dan Crenshaw,D,Rep. Dan Crenshaw,NA
1261453435955818496,"House Minority Leader Kevin McCarthy 
Rep. Dan Crenshaw 
Rep. Matt Gaetz
Rep. Devin Nunes
Rep. Jim Jordan
Rep. Elise Stefanik
Rep. Lee Zeldin

All are at Camp David so they can receive their deflection, projection, rejection and Lysol Injection fall Syllabus.

#TrumpHasNoPlan",2,Rep. Matt Gaetz,NA,Rep. Matt Gaetz,D,Rep. Matt Gaetz,NA
1261453435955818496,"House Minority Leader Kevin McCarthy 
Rep. Dan Crenshaw 
Rep. Matt Gaetz
Rep. Devin Nunes
Rep. Jim Jordan
Rep. Elise Stefanik
Rep. Lee Zeldin

All are at Camp David so they can receive their deflection, projection, rejection and Lysol Injection fall Syllabus.

#TrumpHasNoPlan",3,Rep. Devin Nunes,NA,Rep. Devin Nunes,D,Rep. Devin Nunes,NA
1261453435955818496,"House Minority Leader Kevin McCarthy 
Rep. Dan Crenshaw 
Rep. Matt Gaetz
Rep. Devin Nunes
Rep. Jim Jordan
Rep. Elise Stefanik
Rep. Lee Zeldin

All are at Camp David so they can receive their deflection, projection, rejection and Lysol Injection fall Syllabus.

#TrumpHasNoPlan",4,Rep. Jim Jordan,NA,Rep. Jim Jordan,D,Rep. Jim Jordan,NA
1261453435955818496,"House Minority Leader Kevin McCarthy 
Rep. Dan Crenshaw 
Rep. Matt Gaetz
Rep. Devin Nunes
Rep. Jim Jordan
Rep. Elise Stefanik
Rep. Lee Zeldin

All are at Camp David so they can receive their deflection, projection, rejection and Lysol Injection fall Syllabus.

#TrumpHasNoPlan",5,Rep. Elise Stefanik,NA,Rep. Elise Stefanik,D,Rep. Elise Stefanik,NA
1261453435955818496,"House Minority Leader Kevin McCarthy 
Rep. Dan Crenshaw 
Rep. Matt Gaetz
Rep. Devin Nunes
Rep. Jim Jordan
Rep. Elise Stefanik
Rep. Lee Zeldin

All are at Camp David so they can receive their deflection, projection, rejection and Lysol Injection fall Syllabus.

#TrumpHasNoPlan",6,Rep. Lee Zeldin,NA,Rep. Lee Zeldin,D,Rep. Lee Zeldin,NA
1261453435955818496,"House Minority Leader Kevin McCarthy 
Rep. Dan Crenshaw 
Rep. Matt Gaetz
Rep. Devin Nunes
Rep. Jim Jordan
Rep. Elise Stefanik
Rep. Lee Zeldin

All are at Camp David so they can receive their deflection, projection, rejection and Lysol Injection fall Syllabus.

#TrumpHasNoPlan",7,Kevin McCarthy,NA,Kevin McCarthy,D,Kevin McCarthy,NA
1382130780240027648,Risky. Rapid antigen tests are not supposed to be used in this way—anybody recall the infamous Trump WH #COVID19 outbreak? Rapid antigen tests are like big rakes— combs out the most infectious cases but not all cases. Masks and distancing still needed. NL is slow on vaccines too. https://t.co/uC3ZQBs3GP,1,Trump,NA,Trump,NA,Trump,NA
1319613998334005248,"Biden leads by 10 points in polls- but Trump can still win by voter suppression/electoral college fluke/if we dont get out all our vote/cheating on the count.

Only the brain dead are still ""independent"" after these 4 yrs/won't impact election.

Vote/Rouse others to vote. https://t.co/9krI6dj5Sr",1,Biden,NA,Biden,NA,Biden,NA
1319613998334005248,"Biden leads by 10 points in polls- but Trump can still win by voter suppression/electoral college fluke/if we dont get out all our vote/cheating on the count.

Only the brain dead are still ""independent"" after these 4 yrs/won't impact election.

Vote/Rouse others to vote. https://t.co/9krI6dj5Sr",2,Trump,D,Trump,NA,Trump,D
1277704726742777856,"RT @ananavarro: What a ridiculous, embarrassing milquetoast tweet, basically not saying anything meaningfuk...from the Senate Intelligence…",1,Senate,NA,Senate,NA,Senate,NA
1226296233473593344,@rosamon94 @ravimunien @Pithygirl @realDonaldTrump @RepDebDingell Still Acquitted for Life.,1,@realDonaldTrump,NA,@realDonaldTrump,NA,@realDonaldTrump,NA
1226296233473593344,@rosamon94 @ravimunien @Pithygirl @realDonaldTrump @RepDebDingell Still Acquitted for Life.,2,@RepDebDingell,NA,@RepDebDingell,NA,@RepDebDingell,NA
1346289221535981568,"I like Jamie Comer and he is my friend

But he, and all these other GOP politicians, say and do things in order to defend Trump that are beneath them 

Comer is smart and he knows that Trump’s arguments are ridiculous. I wish he would say that",1,Trump,D,Trump,NA,Trump,NA
1346289221535981568,"I like Jamie Comer and he is my friend

But he, and all these other GOP politicians, say and do things in order to defend Trump that are beneath them 

Comer is smart and he knows that Trump’s arguments are ridiculous. I wish he would say that",2,Jamie Comer,NA,Jamie Comer,NA,Jamie Comer,NA
1386005856303517696,"@MilliganWalker @CarlyAtch @GovStitt @KevinWestOKRep Oklahomans have a way of using words interchangeably(protest, demonstration,strike,rally,riot,insurrection,massacre). Its not asking2 much4 clear definitions when talking abt the freedom2 take a human life.Even the DA memo on the Tulsa incident called the people ""protestors.""",1,@GovStitt,NA,@GovStitt,NA,@GovStitt,NA
1353794529850241024,President Joe Biden's German Shepherd dogs — Major and Champ — have moved into the White House https://t.co/KlaAzK1slD https://t.co/EvklCO0X3D,1,President Joe Biden,NA,President Joe Biden,NA,President Joe Biden,NA
1353794529850241024,President Joe Biden's German Shepherd dogs — Major and Champ — have moved into the White House https://t.co/KlaAzK1slD https://t.co/EvklCO0X3D,2,White House,NA,White House,NA,White House,NA
1330136908782055424,"RT @scottwongDC: NEWS: Georgia certifies election results, making Biden win official https://t.co/XJohLwCk30",1,Biden,NA,Biden,NA,Biden,NA
1272680956319674368,The last thing President Trump should do is get involved in the region formerly known as “CHAZ.” Let it play out.  They’ll eventually get bored playing hacky sack.,1,President Trump,NA,President Trump,NA,President Trump,NA
1258049708708200448,Anarchy in Action: Trump Denies Plan to Abort Coronavirus Task Force https://t.co/lApA4ftQPe @lexandrajones,1,Trump,NA,Trump,NA,Trump,NA
1348056745143382016,"Sen. Lisa Murkowski says she wants Pres. Trump to resign, and questions whether she would remain a part of the Republican Party. https://t.co/VPe1FAISR7 https://t.co/RBnbqPVeqT",1,Sen. Lisa Murkowski,NA,Sen. Lisa Murkowski,NA,Sen. Lisa Murkowski,NA
1348056745143382016,"Sen. Lisa Murkowski says she wants Pres. Trump to resign, and questions whether she would remain a part of the Republican Party. https://t.co/VPe1FAISR7 https://t.co/RBnbqPVeqT",2,Trump,NA,Trump,NA,Trump,NA
1451453280249434112,"?✋???????✋?
#facemasks #facemasks4all
#gifts #shoppingonline #healthandsafety#onlineshopping #socialdistancing #Quarantine
CDC recommends the use of cloth face coverings to supplement social distancing in fight against spread of  #covid19
https://t.co/U3PLC00eep https://t.co/bqWepX5Ssd",1,CDC,NA,CDC,NA,CDC,NA
1325499797734895616,MIND CONTROL IS WHEN THE GOVERNMENT HACKS INTO YOUR BRAIN WITHOUT YOUR PERMISSION,1,GOVERNMENT,D,GOVERNMENT,NA,GOVERNMENT,NA
1222637082193158144,"RT @paulkrugman: ""the president stormed out of a meeting on the topic, declaring that he could not work with Democrats until they stopped i…",1,president,NA,president,NA,president,NA
1397662140933283840,RT @FPWellman: This matters. How many GOP Senators have the moral courage to look the mother of a fallen officer in the face and tell her t…,1,GOP Senators,NA,GOP Senators,NA,GOP Senators,NA
1300218022918053888,Mother Jones obtained a video of a convo between Trump and his lawyer in a 2015 deposition taken for the Trump University fraud lawsuits. Trump bragged about how his company threatened the Better Business Bureau to change the D rating for Trump U to an A. https://t.co/bEqQyaNd6k,1,Trump,D,Trump,NA,Trump,NA
1293739590608728064,RT @kylegriffin1: Trump says the U.S. Postal Service is incapable of facilitating mail-in voting because it cannot access the emergency fun…,1,Postal Service,NA,Postal Service,NA,Postal Service,NA
1293739590608728064,RT @kylegriffin1: Trump says the U.S. Postal Service is incapable of facilitating mail-in voting because it cannot access the emergency fun…,2,Trump,NA,Trump,NA,Trump,NA
1310336685574680576,"President Trump paid $750 in federal income taxes in 2016, and nothing in 10 of the prior 15 years — largely because he reported losing much more money than he made. 

Read the takeaways from our exclusive look at decades of Trump’s tax records. https://t.co/XpNCUbPfDn",1,President Trump,NA,President Trump,NA,President Trump,NA
1429266346676719616,RT @realDailyWire: Biden Making Preparations To Force U.S. Airlines To Transport Tens Of Thousands Of Afghan Refugees: Report https://t.co/…,1,Biden,NA,Biden,NA,Biden,NA
1304142398230900736,"RT @ChanelRion: #HappeningNow: @realDonaldTrump holds press briefing.

- Fastest economic recovery in history
- New Covid cases down 44% si…",1,@realDonaldTrump,NA,@realDonaldTrump,NA,@realDonaldTrump,NA
1320903245674500096,Pelosi: “The President’s Supreme Court manipulation threatens the very values and rights that define and distinguish our nation... and the right of every American to have a voice in our democracy.”,1,President,NA,President,NA,President,NA
1320903245674500096,Pelosi: “The President’s Supreme Court manipulation threatens the very values and rights that define and distinguish our nation... and the right of every American to have a voice in our democracy.”,2,Supreme Court,NA,Supreme Court,NA,Supreme Court,NA
1320903245674500096,Pelosi: “The President’s Supreme Court manipulation threatens the very values and rights that define and distinguish our nation... and the right of every American to have a voice in our democracy.”,3,Pelosi,NA,Pelosi,NA,Pelosi,NA
1394990783577604096,"@potus  President Biden: you must stop Israel from destroying the Palestinians...2 state solution.
Biden is increasingly at odds with other Democrats over Israel https://t.co/eaRIybntJZ",1,President Biden,NA,President Biden,NA,President Biden,NA
1394990783577604096,"@potus  President Biden: you must stop Israel from destroying the Palestinians...2 state solution.
Biden is increasingly at odds with other Democrats over Israel https://t.co/eaRIybntJZ",2,@potus,NA,@potus,NA,@potus,NA
1264692881450729472,Get on the Trump Train we will have a better life with Trump,1,Trump,T,Trump,T,Trump,T
1293309638130184192,@NYCBroadwayBaby @katiecouric @JoeBiden Then you're endorsing Trump by default.,1,@JoeBiden,NA,@JoeBiden,NA,@JoeBiden,NA
1293309638130184192,@NYCBroadwayBaby @katiecouric @JoeBiden Then you're endorsing Trump by default.,2,Trump,NA,Trump,NA,Trump,NA
1296549926818721792,"Dear demented dipshit @realdonaldtrump, please block me on Twitter. #blockmeyouorangejackass @potus",1,@realdonaldtrump,D,@realdonaldtrump,D,@realdonaldtrump,D
1296549926818721792,"Dear demented dipshit @realdonaldtrump, please block me on Twitter. #blockmeyouorangejackass @potus",2,@potus,D,@potus,D,@potus,D
1245031085660127232,"Trump participated in neither his impeachment hearings nor trial. Plenty time for prep vs #coronavirus.

#MoscowMitch made sure the trial was shortAF - no witnesses or documents. 

Also 2 days after his faux acquittal, Trump raided our stockpile to send medical supplies to China. https://t.co/EKT31nbqr0 https://t.co/Z6zBinlRA5",2,Trump,D,Trump,NA,Trump,D
1430568005554032640,"After a rigorous process, the FDA reaffirmed its findings that the Pfizer COVID-19 vaccine is safe and effective — and gave its full and final approval this week.

So please, get vaccinated today and let’s put an end to this pandemic.",1,FDA,T,FDA,NA,FDA,NA
1251877834605432832,Watching @VP on @MeetThePress and it’s remarkable how he can talk for 20 minutes and literally not say anything and answer no questions. He’s completely full of shit. #MeetThePress #Pence https://t.co/pwehECRJKt,1,@VP,D,@VP,D,@VP,D
1251877834605432832,Watching @VP on @MeetThePress and it’s remarkable how he can talk for 20 minutes and literally not say anything and answer no questions. He’s completely full of shit. #MeetThePress #Pence https://t.co/pwehECRJKt,2,Pence,D,Pence,D,Pence,D
1356369050595516416,RT @rewinn: @JoJoFromJerz @SenTedCruz https://t.co/DKbpAPAouY,1,@SenTedCruz,NA,@SenTedCruz,NA,@SenTedCruz,NA
1341492930901667840,"@PeteButtigieg That is well and good if you have the money to buy an electric vehicle, but most retirees don't have those funds",1,@PeteButtigieg,NA,@PeteButtigieg,NA,@PeteButtigieg,NA
1294341530346553344,RT @LizMarieAllen: Happening soon: @KamalaHarris first interview as VP nominee for #19thRepresents w/ @emarvelous https://t.co/8aC3LPiHDx,2,VP,NA,VP,NA,VP,NA
1339389800768446464,RT @ossoff: The same senator who saw COVID-19 as an investment opportunity opposes stimulus checks for working people.,1,@ossoff,NA,@ossoff,NA,@ossoff,NA
1339389800768446464,RT @ossoff: The same senator who saw COVID-19 as an investment opportunity opposes stimulus checks for working people.,2,senator,NA,senator,D,senator,NA
1304173039936966656,"Hmmmm...we’ve seen this done before. Top level members of Mueller's investigative team claim to have ""accidentally wiped"" at least 15 (phones used during the Trump investigation after the DOJ OIG asked for the devies to be handed over.",1,DOJ,NA,DOJ,NA,DOJ,NA
1304173039936966656,"Hmmmm...we’ve seen this done before. Top level members of Mueller's investigative team claim to have ""accidentally wiped"" at least 15 (phones used during the Trump investigation after the DOJ OIG asked for the devies to be handed over.",2,OIG,NA,OIG,NA,OIG,NA
1304173039936966656,"Hmmmm...we’ve seen this done before. Top level members of Mueller's investigative team claim to have ""accidentally wiped"" at least 15 (phones used during the Trump investigation after the DOJ OIG asked for the devies to be handed over.",3,Trump,NA,Trump,NA,Trump,NA
1365801612380311552,RT @kylegriffin1: Sen. Elizabeth Warren says Democrats should immediately use budget reconciliation to create a pathway to U.S. citizenship…,1,Sen. Elizabeth Warren,NA,Sen. Elizabeth Warren,NA,Sen. Elizabeth Warren,NA
1298440384457187328,"Chad Wolf is utterly unfit to lead @DHSgov. He’s led child separation at the border &amp; secret police in Portland. These actions should be condemned, not rewarded. I oppose this nomination wholeheartedly &amp; will do everything in my power to stop it.

https://t.co/B7Vor9br0Y",1,@DHSgov,NA,@DHSgov,NA,@DHSgov,NA
1377997337793073152,"With a new law, Virginia recreates the gutted VRA within itself: “requires all local administrators to receive public feedback or advance approval from the AG for changes like moving voting precincts, &amp; allows voters &amp; the AG to sue over voter suppression” https://t.co/mKhGmBwJ0a",1,administrator,NA,administrator,NA,administrator,NA
1435528757025116160,RT @POTUS: Should we let millions of children grow up in poverty to protect offshore tax loopholes for the largest corporations? Should we…,1,@POTUS,NA,@POTUS,NA,@POTUS,NA
1235818028501065728,"RT @JoeBiden: Here's the deal, folks: social security is on the ballot this year, and the choice couldn't be clearer: 

I'll protect and ex…",1,@JoeBiden,NA,@JoeBiden,NA,@JoeBiden,NA
1339605351751028736,"RT @RobAnderson2018: @realDonaldTrump “Reviews”?
This isn’t a tv show. Your reviews came in, November 3rd. You were canceled.",1,@realDonaldTrump,NA,@realDonaldTrump,NA,@realDonaldTrump,NA
1268919228855451648,"Reader Tip: Coming Later

Our Daily Presidential Tracking poll today shows Black Likely Voter approval of the job @realDonaldTrump is now over 40%.",1,@realDonaldTrump,NA,@realDonaldTrump,NA,@realDonaldTrump,NA
1327402113920602112,Breaking: Congressman Louie Ghomert has stated that The U.S. Army has seized servers for Dominion in Germany.,1,U.S. Army,NA,U.S. Army,NA,U.S. Army,NA
1274549174235791360,Cardi B Can't Even Spell Government https://t.co/GBc7fVKhkM via @YouTube,1,Government,NA,Government,NA,Government,NA
1232138204318457856,RT @brhodes: Trump has repeatedly introduced budgets cutting funds for pandemic preparedness at the CDC and other agencies. https://t.co/p4…,1,CDC,NA,CDC,NA,CDC,NA
1232138204318457856,RT @brhodes: Trump has repeatedly introduced budgets cutting funds for pandemic preparedness at the CDC and other agencies. https://t.co/p4…,2,Trump,NA,Trump,NA,Trump,NA
1373621260165468160,"RT @ryangrim: “Donald J. Trump’s biggest fabrication, Election Fraud.”",1,Donald J. Trump,D,Donald J. Trump,NA,Donald J. Trump,D
1338641669017759744,@RepPaulMitchell There’s no way a man who hid in his basement won. Dems cheated. U should be proud that Trump is fighting for the legal votes,1,@RepPaulMitchell,NA,@RepPaulMitchell,NA,@RepPaulMitchell,NA
1338641669017759744,@RepPaulMitchell There’s no way a man who hid in his basement won. Dems cheated. U should be proud that Trump is fighting for the legal votes,2,Trump,T,Trump,NA,Trump,T
1228923773035958272,"@ChuckGrassley @GeorgePapa19 Andrew George McCabe
March 18, 1968 (age 51)
Hartford, Connecticut, U.S.
Political party
Republican",1,@ChuckGrassley,NA,@ChuckGrassley,NA,@ChuckGrassley,NA
1308102460230250496,"The most important election in HISTORY, not just for ⁦@POTUS⁩ but all branches of Gov’t.  Why does no one seem to care about the elephant in the room? #doyourhomework ⁦@FoxNews⁩ ⁦@CNN⁩ ⁦@MSNBC⁩ ⁦@espn⁩ ⁦@marthamaccallum⁩ @JudgeJeanine⁩ https://t.co/QBRzq1SUSj",1,@POTUS,NA,@POTUS,NA,@POTUS,NA
1443289293632454656,"RT @NickKnudsenUS: The GOP Agenda: Let’s keep tax cuts for the 1% &amp; default on the national debt.

The Biden Agenda: Let’s raise taxes on t…",1,Biden,NA,Biden,NA,Biden,NA
1350281516723523584,RT @BadAstronomer: I'd like to call the first witness for the Senate impeachment trial...,1,Senate,NA,Senate,NA,Senate,NA
1284981415726243840,RT @Scottcrates: That was nice of Trump to film that Biden ad today with Chris Wallace.,1,Trump,NA,Trump,NA,Trump,NA
1284981415726243840,RT @Scottcrates: That was nice of Trump to film that Biden ad today with Chris Wallace.,2,Biden,NA,Biden,NA,Biden,NA
1299736296701779968,".@CNN's reporting during @realDonaldTrump's speech &amp; the March On Washington proves one thing: You have their blessing so long as your interests align.

Their anchors warn of chaos, should protests be denied, but how is that any different from the present?
https://t.co/o5S3gEz0bo",1,@realDonaldTrump,NA,@realDonaldTrump,NA,@realDonaldTrump,NA
1295380998893576192,RT @JoeBiden: The hard truth is that our economy wasn't working for folks long before this crisis. It's why we can't just go back to the wa…,1,@JoeBiden,NA,@JoeBiden,NA,@JoeBiden,NA
1322335939587395584,"So I will now share what I just announced on @narativ_live @ZevShalev 

A top GOP outfit was just brought on board with the Trump campaign in an attempt to assess &amp; possibly revive it.  Their private assessment after analyzing everything was the following:  “Trump is finished.”",1,Trump,NA,Trump,NA,Trump,NA
1245017266028195840,"Trump held rallies on:
—Jan 9th
—Jan 14th
—Jan 28th
—Jan 30th
—Feb 10th
—Feb 19th
—Feb 20th
—Feb 21st
—Feb 28th

He golfed on:
—Jan 18th
—Jan 19th
—Feb 1st
—Feb 15th
—Mar 7th
—Mar 8th

But sure, impeachment (ended Feb 5th) is what stopped him from responding to the coronavirus 🙄",1,Trump,D,Trump,D,Trump,D
1309617339202039808,@realDonaldTrump @FDA And when was your direction on nursing homes? The same time you said need to disinfect our insides with Clorox,1,@realDonaldTrump,D,@realDonaldTrump,NA,@realDonaldTrump,NA
1309617339202039808,@realDonaldTrump @FDA And when was your direction on nursing homes? The same time you said need to disinfect our insides with Clorox,2,FDA,D,FDA,NA,FDA,NA
1305686925974679552,@SenHydeSmith @WhiteHouse @realDonaldTrump Donald Trump is a danger and is unfit to run this country who is protecting us from him now or we just gonna sit back and see how much more dangerous he can be to the American people who’s protecting us,1,@realDonaldTrump,D,@realDonaldTrump,D,@realDonaldTrump,D
1305686925974679552,@SenHydeSmith @WhiteHouse @realDonaldTrump Donald Trump is a danger and is unfit to run this country who is protecting us from him now or we just gonna sit back and see how much more dangerous he can be to the American people who’s protecting us,2,Donald Trump,D,Donald Trump,D,Donald Trump,D
1305686925974679552,@SenHydeSmith @WhiteHouse @realDonaldTrump Donald Trump is a danger and is unfit to run this country who is protecting us from him now or we just gonna sit back and see how much more dangerous he can be to the American people who’s protecting us,3,@SenHydeSmith,NA,@SenHydeSmith,NA,@SenHydeSmith,NA
1305686925974679552,@SenHydeSmith @WhiteHouse @realDonaldTrump Donald Trump is a danger and is unfit to run this country who is protecting us from him now or we just gonna sit back and see how much more dangerous he can be to the American people who’s protecting us,4,@WhiteHouse,NA,@WhiteHouse,NA,@WhiteHouse,NA
1231376935642652672,RT @amyklobuchar: Thank you to the San Francisco Chronicle and Seattle Times for your endorsements. Newspapers across the country are endor…,1,@amyklobuchar,NA,@amyklobuchar,NA,@amyklobuchar,NA
1316459118547402752,@DavidCornDC @JoeBiden Murdoch's minions are whining again because they can't post Russian propaganda.,1,@JoeBiden,NA,@JoeBiden,NA,@JoeBiden,NA
1299742591957819392,Name a reason Joe Biden should be President,1,Joe Biden,NA,Joe Biden,NA,Joe Biden,NA
1299742591957819392,Name a reason Joe Biden should be President,2,President,NA,President,NA,President,NA
1319457342509903872,@realDonaldTrump seems to know more about @JoeBiden's healthcare plan than he does his own.  #Debate2020,1,@realDonaldTrump,NA,@realDonaldTrump,D,@realDonaldTrump,NA
1319457342509903872,@realDonaldTrump seems to know more about @JoeBiden's healthcare plan than he does his own.  #Debate2020,2,@JoeBiden,NA,@JoeBiden,NA,@JoeBiden,NA
1275833707543265280,"According to Russian Intel. Operatives Parnas &amp; Igor Trump’s Campaign &amp; Repub. GOP, RNC, NRA &amp; Repub. PACs All took Russian Intel Payments-Copies are now in the hands of the FBI &amp; Prosecutors. This is why Trump &amp; Barr want the invest. Stopped! https://t.co/A6Hecoct4E",1,FBI,NA,FBI,NA,FBI,NA
1275833707543265280,"According to Russian Intel. Operatives Parnas &amp; Igor Trump’s Campaign &amp; Repub. GOP, RNC, NRA &amp; Repub. PACs All took Russian Intel Payments-Copies are now in the hands of the FBI &amp; Prosecutors. This is why Trump &amp; Barr want the invest. Stopped! https://t.co/A6Hecoct4E",2,Trump,NA,Trump,NA,Trump,NA
1241827061435678720,"RT @SethAbramson: 1️⃣ Many in Congress are in the highest-risk group for coronavirus.
2️⃣ Sen. Paul fought a coronavirus stimulus.
3️⃣ Paul…",1,Congress,NA,Congress,NA,Congress,NA
1241827061435678720,"RT @SethAbramson: 1️⃣ Many in Congress are in the highest-risk group for coronavirus.
2️⃣ Sen. Paul fought a coronavirus stimulus.
3️⃣ Paul…",2,Sen. Paul,NA,Sen. Paul,NA,Sen. Paul,NA
1310359309088428032,RT @sbg1: RT if you pay more in taxes than the President of the United States and are not a ‘billionaire’,1,President,NA,President,NA,President,NA
1222942043338629120,"🚨‼️ BREAKING: The House JUST PASSED my amendment to finally repeal the 2002 AUMF.

It's more urgent than ever for Congress to do its job and prevent the President from using military force without Congressional authorization. #StopEndlessWar",1,Congress,NA,Congress,NA,Congress,NA
1222942043338629120,"🚨‼️ BREAKING: The House JUST PASSED my amendment to finally repeal the 2002 AUMF.

It's more urgent than ever for Congress to do its job and prevent the President from using military force without Congressional authorization. #StopEndlessWar",2,President,D,President,NA,President,D
1232492774949150720,Trump Organization needs to sponsor more Democrat debates👌,1,Trump,NA,Trump,NA,Trump,NA
1240269132278280192,RT @glennkirschner2: CDC chief says it's wrong to call COVID-19 a 'Chinese virus' | TheHill https://t.co/vrBZMqwz9x,1,CDC,NA,CDC,NA,CDC,NA
1267234052928651264,@realDonaldTrump The Citizens of The United States of America declares you an IDOIT! https://t.co/WtThAP5sHy,1,@realDonaldTrump,D,@realDonaldTrump,NA,@realDonaldTrump,D
1318972513171369984,Ep. 1374 The Most Disgusting Revelation Yet in the Biden Case - The Dan ... https://t.co/HRTI6hL4Mm via @YouTube,1,Biden,NA,Biden,NA,Biden,NA
1432366138852216832,RT @Well_Regulated_: @tedcruz Let us know if your prayers do any better at stopping a hurricane than they have done at stopping gun violenc…,1,@tedcruz,D,@tedcruz,NA,@tedcruz,D
1356059694494752768,"The Republican Accountability Project kicked off a $1 mil billboard campaign calling for members of Congress to resign for inciting the Capitol attack, targeting Ted Cruz, Josh Hawley, and Reps. Nunes, McCarthy, Brooks, Greene, Cawthorn, Bishop, Jordan, Gaetz, Gohmert, Stefanik.",1,Congress,NA,Congress,NA,Congress,NA
1356059694494752768,"The Republican Accountability Project kicked off a $1 mil billboard campaign calling for members of Congress to resign for inciting the Capitol attack, targeting Ted Cruz, Josh Hawley, and Reps. Nunes, McCarthy, Brooks, Greene, Cawthorn, Bishop, Jordan, Gaetz, Gohmert, Stefanik.",2,Ted Cruz,NA,Ted Cruz,NA,Ted Cruz,NA
1356059694494752768,"The Republican Accountability Project kicked off a $1 mil billboard campaign calling for members of Congress to resign for inciting the Capitol attack, targeting Ted Cruz, Josh Hawley, and Reps. Nunes, McCarthy, Brooks, Greene, Cawthorn, Bishop, Jordan, Gaetz, Gohmert, Stefanik.",3,Josh Hawley,NA,Josh Hawley,NA,Josh Hawley,NA
1332438282177708032,"Donald Trump and Republicans are about to raise your taxes if you make less than $75K. 

Just remember this in January when they’re trying to blame Joe Biden for this 👇🏽👇🏽👇🏽
#TrumpTaxScam https://t.co/RyQUqcCY7r",1,Donald Trump,D,Donald Trump,NA,Donald Trump,NA
1332438282177708032,"Donald Trump and Republicans are about to raise your taxes if you make less than $75K. 

Just remember this in January when they’re trying to blame Joe Biden for this 👇🏽👇🏽👇🏽
#TrumpTaxScam https://t.co/RyQUqcCY7r",2,Joe Biden,NA,Joe Biden,NA,Joe Biden,NA
1243739870473879552,"Today, Trump blackmailed State Governors. Sweet loving praises for federal aid. 

This is extortion. Trump has already been impeached for withholding aid to an ally for derogatory information on a political opponent.

#TrumpAidForPraise",1,Governors,NA,Governors,NA,Governors,NA
1243739870473879552,"Today, Trump blackmailed State Governors. Sweet loving praises for federal aid. 

This is extortion. Trump has already been impeached for withholding aid to an ally for derogatory information on a political opponent.

#TrumpAidForPraise",2,Trump,D,Trump,D,Trump,D
1328355292086562816,#WhitehouseKaren  @realDonaldTrump 👇🏽😂 https://t.co/SmHy6bicdY,1,@realDonaldTrump,NA,@realDonaldTrump,NA,@realDonaldTrump,NA
1410203252055056384,"In the last four administrations, the average number of judicial nominations before July 4th of the President's first year has been 14.

Today, @POTUS is announcing his 32nd judicial nominee.  

https://t.co/DhbTcEKx7z",2,@POTUS,NA,@POTUS,NA,@POTUS,NA
1333218625671614464,GOP Congressman Denver Riggleman says Trump/GOP are pulling a “massive grift” in refusing to call President-elect Biden the winner. He calls it “anti-American” and says it’s “just money-making for the 2024 election.” Says it’s “completely unethical.” He’s “so damn sick of it.”,1,President-elect Biden,NA,President-elect Biden,NA,President-elect Biden,NA
1333218625671614464,GOP Congressman Denver Riggleman says Trump/GOP are pulling a “massive grift” in refusing to call President-elect Biden the winner. He calls it “anti-American” and says it’s “just money-making for the 2024 election.” Says it’s “completely unethical.” He’s “so damn sick of it.”,2,Congressman Denver Riggleman,NA,Congressman Denver Riggleman,NA,Congressman Denver Riggleman,NA
1333218625671614464,GOP Congressman Denver Riggleman says Trump/GOP are pulling a “massive grift” in refusing to call President-elect Biden the winner. He calls it “anti-American” and says it’s “just money-making for the 2024 election.” Says it’s “completely unethical.” He’s “so damn sick of it.”,3,Trump,NA,Trump,NA,Trump,D
1248060196385099776,RT @OMGno2trump: It's time for the blue wave to rally around Joe Biden. He was't my first choice when the campaign started but I'm 100% beh…,1,Joe Biden,NA,Joe Biden,NA,Joe Biden,NA
1321095550188572672,@realDonaldTrump https://t.co/0ZSUnddKBf,1,@realDonaldTrump,NA,@realDonaldTrump,NA,@realDonaldTrump,NA
1371901227462758400,"I just saw a clip of Joe Biden spryly exiting Air Force One in Philadelphia, and I was suddenly reminded of the totally bonkers fact that the GOP has tried to question his health after years of calling an obese man who doctored his medical records the picture of physical stamina.",1,Joe Biden,NA,Joe Biden,NA,Joe Biden,NA
1242094252458475520,@realDonaldTrump https://t.co/4aMiiG0dPE,1,@realDonaldTrump,NA,@realDonaldTrump,NA,@realDonaldTrump,NA
1453167725002514432,Trump-endorsed AZ Gov candidate Kari Lake releases an ad where she smashes Chris Cuomo’s face in with a sledgehammer. She seems to think she is running against the media. But she doesn’t care what they say about her. Really. That’s why she made this ad. Because she doesn’t care. https://t.co/uOv837xmg9,1,Trump,NA,Trump,NA,Trump,NA
1325859406349799424,"I am pleased to announce that Christopher C. Miller, the highly respected Director of the National Counterterrorism Center (unanimously confirmed by the Senate), will be Acting Secretary of Defense, effective immediately..",2,Senate,NA,Senate,NA,Senate,NA
1338870418686545920,RT @AndyOstroy: Interesting how @senatemajldr #MoscowMitch #McConnell waited for #Putin to congratulate #Biden before he did. I guess it's…,1,@senatemajldr,NA,@senatemajldr,NA,@senatemajldr,D
1338870418686545920,RT @AndyOstroy: Interesting how @senatemajldr #MoscowMitch #McConnell waited for #Putin to congratulate #Biden before he did. I guess it's…,2,MoscowMitch,NA,MoscowMitch,NA,MoscowMitch,D
1338870418686545920,RT @AndyOstroy: Interesting how @senatemajldr #MoscowMitch #McConnell waited for #Putin to congratulate #Biden before he did. I guess it's…,3,Biden,NA,Biden,NA,Biden,NA
1346933012299132928,@StaceyPlaskett Stay safe! This is definitely terrorism. Every one of those individuals should be tried as such. Even 45.,1,@StaceyPlaskett,NA,@StaceyPlaskett,NA,@StaceyPlaskett,NA
1204703919479361536,"RT @LouiseL89669454: @FortySix_TW0 @SethAbramson If so, Steele may know a lot more about Trump's Russian connections than we have heard.",1,Trump,NA,Trump,NA,Trump,NA
1238301967568551936,RT @ChrisBEsq: @realDonaldTrump There were 60 million cases of swine flu. We know because we tested and treated. We have no idea how many h…,1,@realDonaldTrump,NA,@realDonaldTrump,NA,@realDonaldTrump,NA
1343306512404541440,what kind of shithole president golfs as people run out of money,1,president,D,president,D,president,D
1298279699731406848,"Never forget Nikki Haley in 2016: 

“I will not stop until we fight a man  ( @realDonaldTrump ) that chooses not to disavow the KKK, that is not a part of our party.”

It is now...https://t.co/q9YJETB3LJ",1,@realDonaldTrump,NA,@realDonaldTrump,NA,@realDonaldTrump,NA
1298279699731406848,"Never forget Nikki Haley in 2016: 

“I will not stop until we fight a man  ( @realDonaldTrump ) that chooses not to disavow the KKK, that is not a part of our party.”

It is now...https://t.co/q9YJETB3LJ",2,Nikki Haley,NA,Nikki Haley,NA,Nikki Haley,NA
1256636638144446464,"To @USWNT: don’t give up this fight. This is not over yet.

To @USSoccer: equal pay, now. Or else when I'm president, you can go elsewhere for World Cup funding. https://t.co/XK6t9oM94k",1,president,NA,president,NA,president,NA
1268294445851705344,President Obama gave Trump time to lead. And to respond. He’s clearly given up on Trump. Today Obama did what a president does. He challenged all mayors to analyze their use of force. He challenged all electeds to do better. And gave ideas. Because Obama is a real President.,2,Trump,NA,Trump,NA,Trump,NA
1375074100226490368,America doesn't need gun control. It needs government control.,1,government,D,government,NA,government,D
1274191428189552640,"RT @funder: BREAKING: Trump “is ethically unfit and intellectually unprepared to be president of the United States."" Speaker Pelosi",1,Speaker Pelosi,NA,Speaker Pelosi,NA,Speaker Pelosi,NA
1274191428189552640,"RT @funder: BREAKING: Trump “is ethically unfit and intellectually unprepared to be president of the United States."" Speaker Pelosi",2,president,NA,president,NA,president,NA
1274191428189552640,"RT @funder: BREAKING: Trump “is ethically unfit and intellectually unprepared to be president of the United States."" Speaker Pelosi",3,Trump,D,Trump,NA,Trump,D
1209196138894630912,"RT @TheDemCoalition: How Eric Trump, at the direction of his father, the future president, shifted money that was supposed to go to help ki…",1,president,NA,president,NA,president,NA
1218974175345487872,"But, of course this disgusting criminal President would. https://t.co/eEHjmmPjyn",1,President,D,President,D,President,D
1263513460345696256,"RT @CEOJimmyLee: Watch the TRUTH! Some in the GOP WANTED TRUMP TO GO! They id NOTHING and still are doing NOTHING, ask yourself WHY, what a…",1,TRUMP,NA,TRUMP,NA,TRUMP,NA
1355960672861868032,RT @BeschlossDC: I was the greatest President of them all. https://t.co/jp40aCRnNT,1,President,NA,President,NA,President,NA
1454607334978768896,@JudgeJeanine LMAO. Please seek help for your cult like obsession for Trump.,1,Trump,NA,Trump,NA,Trump,NA
1301755622954864640,RT @PalmerReport: Donald Trump is a sick fuck. General Mattis and General John Kelly should step up and say that Donald Trump is a sick fuc…,1,Donald Trump,D,Donald Trump,D,Donald Trump,D
1262359309679198208,"With all the noise from The President’s Twitter feed, his scumbag sons, and his Ob*m*gate conspiracy lies, it’s important to remember what’s really going on this week: https://t.co/gdjjO1HwFD",1,President,D,President,D,President,D
1306345994053877760,"RT @PalmerReport: The media is trying to keep you tuned in by pretending Trump can just magically stay in office after he loses, which is a…",1,Trump,NA,Trump,NA,Trump,NA
1272751502893871104,".@AOC and @justicedems support none of these things. What they support is grandstanding about them. Your movement leader magic grandpa got none of this done in 30 years in Congress, AOC has no clue, and Omar is too busy denying genocides.

Leave. You are not needed or wanted. https://t.co/PnrBtYufqN",1,Congress,NA,Congress,NA,Congress,NA
1272751502893871104,".@AOC and @justicedems support none of these things. What they support is grandstanding about them. Your movement leader magic grandpa got none of this done in 30 years in Congress, AOC has no clue, and Omar is too busy denying genocides.

Leave. You are not needed or wanted. https://t.co/PnrBtYufqN",2,@AOC,D,@AOC,NA,@AOC,NA
1272751502893871104,".@AOC and @justicedems support none of these things. What they support is grandstanding about them. Your movement leader magic grandpa got none of this done in 30 years in Congress, AOC has no clue, and Omar is too busy denying genocides.

Leave. You are not needed or wanted. https://t.co/PnrBtYufqN",3,AOC,D,AOC,NA,AOC,NA
1324924271886471168,"Thank you, President Biden.",1,President Biden,NA,President Biden,NA,President Biden,NA
1285939501844529152,I am demanding that Trump withdraw federal agents from Portland and not dispatch them to any other city in America―including Oakland. And we must immediately investigate the misconduct of the agents in Portland. This has no place in America.,1,Trump,NA,Trump,NA,Trump,NA
1223646113443397632,"RT @JohnRLottJr: China slams Trump's coronavirus travel limits: 'Not a gesture of goodwill'
China is slashing out at countries that are res…",1,Trump,NA,Trump,NA,Trump,NA
1416655822600372224,@BillColegrove @LauraLibman @FannKfann I know a lot. A lot more than you. I know trump lost a fair election and the losers can't handle it.,1,trump,NA,trump,NA,trump,NA
1353198198832164864,RT @Christi59567943: Biden is talking about hiring 100k people in the medical field and training them for free.Jump on board if he does peo…,1,Biden,NA,Biden,NA,Biden,NA
1451659858860814336,"Joe Biden talks to world leaders by phone every night. The phone is made by Fisher-Price, though.",1,Joe Biden,NA,Joe Biden,NA,Joe Biden,NA
1215622773869023232,@ThePlumLineGS @tomwatson The saddest part is the people who cheer enthusiastically at this. They want their president to act this way.,1,president,NA,president,NA,president,NA
1392995340211556352,Have to admit it’s a lil funny that the day Tom Hanks got Covid the government was like SHUT IT ALL DOWN NOW but the day Bill Maher got it they were like ‘you don’t have to wear masks anymore whatever who cares’,1,government,NA,government,NA,government,NA
1256008792564576256,"'Pathetic': Trump Says No to Additional Covid-19 Stimulus Checks, Backs Cutting Tax That Funds Social Security Instead - https://t.co/BETpToqztY via @commondreams",1,Trump,NA,Trump,NA,Trump,NA
1304239053404069888,RT @Bakari_Sellers: Y’all surprised by the boos? Trump is POTUS. They are his voters,1,POTUS,NA,POTUS,NA,POTUS,NA
1298919907753590784,"RT @HuffPost: Elizabeth Neumann tells Trump: ""You were hired to handle America’s worst day and you’ve absolutely failed."" https://t.co/aKQS…",1,Trump,NA,Trump,NA,Trump,NA
1432824536509079552,"RT @nytimes: Social Security will be depleted in 2033, a year earlier than previously projected, according to a government report, as the p…",1,government,NA,government,NA,government,NA
1334316126096986112,"RT @JuddLegum: In rambling video posted on Facebook and YouTube, Trump says the last four years have been like ""living in hell.""",1,Trump,NA,Trump,NA,Trump,D
1355927596719104000,"@peterbakernyt And you and @nytimes will make sure every little blip is magnified into a HUGE speed bump.  You obviously miss Trump's constant negativity, but we don't.",1,Trump,NA,Trump,NA,Trump,D
1287364902936444928,"We have #100days to clean house -  and senate, and 1600 Pennsylvania Avenue",1,senate,NA,senate,NA,senate,NA
1302647817291390976,"RT @NewYorker: ""The Trump Presidency has been an escalating series of insults, each enabling greater violations of norms, ethics, and laws,…",1,Trump,D,Trump,NA,Trump,D
1335752478701318144,"The bipartisan COVID deal America urgently needs is now on the table thanks to @SenatorCollins @Sen_JoeManchin, &amp; @SenBillCassidy. It's time for the leadership to act. @NoLabelsOrg demands @SpeakerPelosi &amp; @senatemajldr put it to a vote now! #LetCongressVote",1,@SenatorCollins,T,@SenatorCollins,T,@SenatorCollins,NA
1335752478701318144,"The bipartisan COVID deal America urgently needs is now on the table thanks to @SenatorCollins @Sen_JoeManchin, &amp; @SenBillCassidy. It's time for the leadership to act. @NoLabelsOrg demands @SpeakerPelosi &amp; @senatemajldr put it to a vote now! #LetCongressVote",2,@Sen_JoeManchin,T,@Sen_JoeManchin,T,@Sen_JoeManchin,NA
1335752478701318144,"The bipartisan COVID deal America urgently needs is now on the table thanks to @SenatorCollins @Sen_JoeManchin, &amp; @SenBillCassidy. It's time for the leadership to act. @NoLabelsOrg demands @SpeakerPelosi &amp; @senatemajldr put it to a vote now! #LetCongressVote",3,@SenBillCassidy,T,@SenBillCassidy,T,@SenBillCassidy,NA
1335752478701318144,"The bipartisan COVID deal America urgently needs is now on the table thanks to @SenatorCollins @Sen_JoeManchin, &amp; @SenBillCassidy. It's time for the leadership to act. @NoLabelsOrg demands @SpeakerPelosi &amp; @senatemajldr put it to a vote now! #LetCongressVote",4,@SpeakerPelosi,NA,@SpeakerPelosi,NA,@SpeakerPelosi,NA
1335752478701318144,"The bipartisan COVID deal America urgently needs is now on the table thanks to @SenatorCollins @Sen_JoeManchin, &amp; @SenBillCassidy. It's time for the leadership to act. @NoLabelsOrg demands @SpeakerPelosi &amp; @senatemajldr put it to a vote now! #LetCongressVote",5,@senatemajldr,NA,@senatemajldr,NA,@senatemajldr,NA
1415381415835815936,"The Biden Administration: 

Cubans aren’t welcome.

Somalia, Venezuela, Honduras, come on in!",1,Biden Administration,D,Biden Administration,NA,Biden Administration,NA
1234316052349292544,"@BenAybar Biden is honestly significantly better than her as

1: He'd very likely be only a 1 term president (progressivism still a factor in 2024)
2: He has a better chance of winning than Tulsi in general (Supreme Court is vital)
3: He isn't an assad apologist",1,president,NA,president,NA,president,NA
1234316052349292544,"@BenAybar Biden is honestly significantly better than her as

1: He'd very likely be only a 1 term president (progressivism still a factor in 2024)
2: He has a better chance of winning than Tulsi in general (Supreme Court is vital)
3: He isn't an assad apologist",2,Supreme Court,NA,Supreme Court,NA,Supreme Court,NA
1234316052349292544,"@BenAybar Biden is honestly significantly better than her as

1: He'd very likely be only a 1 term president (progressivism still a factor in 2024)
2: He has a better chance of winning than Tulsi in general (Supreme Court is vital)
3: He isn't an assad apologist",3,Biden,NA,Biden,NA,Biden,NA
1464971896865312768,No one makes me miss President Trump more than Biden.,1,President Trump,NA,President Trump,NA,President Trump,T
1464971896865312768,No one makes me miss President Trump more than Biden.,2,Biden,NA,Biden,NA,Biden,D
1277426398685270016,"@realDonaldTrump projection much, Babyhands McGrifter?",1,@realDonaldTrump,NA,@realDonaldTrump,D,@realDonaldTrump,D
1311124265513689088,"RT @ShawnInArizona: Trump says Biden, who worked under the country's first black President, is the one who's racist 😂

#PresidentialDebate2…",1,President,NA,President,NA,President,NA
1311124265513689088,"RT @ShawnInArizona: Trump says Biden, who worked under the country's first black President, is the one who's racist 😂

#PresidentialDebate2…",2,Trump,NA,Trump,NA,Trump,NA
1311124265513689088,"RT @ShawnInArizona: Trump says Biden, who worked under the country's first black President, is the one who's racist 😂

#PresidentialDebate2…",3,Biden,NA,Biden,NA,Biden,NA
1225088858771116032,"Today, I have the solemn responsibility to uphold my oath of #ImpartialJustice

Growing up in Alabama I learned right from wrong.

What the President did was more than wrong. Someone has to stand up &amp; say so. I will fulfill my oath &amp; vote in favor of both articles of impeachment. https://t.co/X5botsMujs",1,President,D,President,D,President,D
1248423162070446080,"CONTACT YOUR REPS. The US Postal Service is how many people get paid, get their medications, and ship items as a small business. And, of course, VOTING. It's essential that we prevent the collapse of the USPS.

Can we get rid of this ""must pre-fund 75 years of pensions"" crap? https://t.co/Rjg2fk9Xeh",1,Postal Service,T,Postal Service,NA,Postal Service,NA
1248423162070446080,"CONTACT YOUR REPS. The US Postal Service is how many people get paid, get their medications, and ship items as a small business. And, of course, VOTING. It's essential that we prevent the collapse of the USPS.

Can we get rid of this ""must pre-fund 75 years of pensions"" crap? https://t.co/Rjg2fk9Xeh",2,USPS,T,USPS,T,USPS,T
1293291261768749056,RT @kylegriffin1: A reminder that Kamala Harris took part in protests outside the White House in the wake of George Floyd's death. https://…,1,Kamala Harris,NA,Kamala Harris,NA,Kamala Harris,NA
1293291261768749056,RT @kylegriffin1: A reminder that Kamala Harris took part in protests outside the White House in the wake of George Floyd's death. https://…,2,White House,NA,White House,NA,White House,NA
1326381639254110208,Joe Biden now has more than 77 million votes. @MSNBC,1,Joe Biden,NA,Joe Biden,NA,Joe Biden,NA
1414759759891345408,"@JoyceWhiteVance @lfkraus Yes, very peaceful--that's why a woman was trampled to death, and a Capitol Police officer died from the treatment he got at this ""Love Fest"".",1,Capitol Police,NA,Capitol Police,NA,Capitol Police,NA
1204797378991050752,"RT @gtconway3d: First of all, Trump’s statement was false.  You can take @NatSecLisa’s word for it (below), but obviously if it were true w…",1,Trump,D,Trump,NA,Trump,D
1313686547942699008,"@JoeBiden You took on no one, you and Obama gave Putin a reset button and you gave Cuba what they wanted without anything in return. 

Moscow Mayor's wife gave Hunter $3.5mil - there is absolute irrefutable proof. What was the money for? 

Foreign dictators love you because you are weak!",1,@JoeBiden,D,@JoeBiden,D,@JoeBiden,D
1290316102392659968,RT @IngrahamAngle: As predicted since April—Biden CANNOT debate Trump and thus will get cover from his media pals not to:  “Let’s Scrap the…,1,Biden,D,Biden,NA,Biden,NA
1290316102392659968,RT @IngrahamAngle: As predicted since April—Biden CANNOT debate Trump and thus will get cover from his media pals not to:  “Let’s Scrap the…,2,Trump,NA,Trump,NA,Trump,NA
1320929865152057344,RT @lbblackford: I wrote about how Kentuckians are suffering without more coronavirus aid. @senatemajldr could help them but he won't.,1,@senatemajldr,D,@senatemajldr,D,@senatemajldr,D
1349859178479812608,Wilt Chamberlain was not a real person dawg that nigga was a government experiment,1,government,NA,government,NA,government,NA
1450518092799483904,"#TrumpisaNationalDisgrace heck, he’s a disgrace to the entire world.  If Darwin were alive Trump would force him to rethink his Theory of Evolution.",1,Trump,D,Trump,NA,Trump,D
1422792400301395968,"RT @TruthTellingNow: .
🔥🔥🔥 @SenRickScott - YOU DON’T EVEN BELIEVE YOU! 🔥🔥🔥
BULLSHIT! #LIAR #MAGAt #Outcast #Damaged #NarcissisticPsychopath…",1,@SenRickScott,D,@SenRickScott,D,@SenRickScott,D
1242935699290165248,"Donald Trump is three minutes into his press conference and he already sounds short of breath, like he's going to keel over. In fairness, the two hours a day he spends holding these press conferences is the most work he's ever done in his life.",1,Donald Trump,D,Donald Trump,NA,Donald Trump,D
1360652815807500288,Chuck Schumer should not be majority leader if he can’t stand up to Mitch McConnell’s bitch-ass.,1,Chuck Schumer,D,Chuck Schumer,NA,Chuck Schumer,NA
1360652815807500288,Chuck Schumer should not be majority leader if he can’t stand up to Mitch McConnell’s bitch-ass.,2,Mitch McConnell,NA,Mitch McConnell,NA,Mitch McConnell,NA
1444281591530987520,@jimsciutto It’s bad and getting worse. These people are intent on destroying the government. Tyranny by minority surely can’t be what founders had in mind. The majority need to stand up and fight this. https://t.co/5wS6LzTfee,1,government,NA,government,NA,government,NA
1306195103971708928,"Want to know what kind of person will work for a second Trump administration? Meet Michael Caputo 
https://t.co/GlbQV033FE",1,Trump administration,NA,Trump administration,NA,Trump administration,NA
1176948323040862208,"Republican President Teddy Roosevelt said that patriotism means to stand by the country, not the president.

History is about to be written. I hope that my Republican colleagues will decide whether they want to stand up for corruption, or for the country we swore to protect. https://t.co/QpHjjEHkn1",1,President,NA,President,D,President,NA
1288104373516722176,"RT @chitowprincess1: @realDonaldTrump @foxandfriends Trump’s failure to lead has caused the deaths of 150,000 Americans. Trump spends his t…",1,@realDonaldTrump,D,@realDonaldTrump,D,@realDonaldTrump,D
1288104373516722176,"RT @chitowprincess1: @realDonaldTrump @foxandfriends Trump’s failure to lead has caused the deaths of 150,000 Americans. Trump spends his t…",2,Trump,D,Trump,D,Trump,D
1253467331268837376,Trump suggests injecting coronavirus patients with light or disinfectants to cure them https://t.co/RW4SGkGAlQ,1,Trump,NA,Trump,NA,Trump,NA
1283462056541401088,"President @realDonaldTrump has departed for Atlanta, Georgia! https://t.co/lUnBZKP6bW",1,President @realDonaldTrump,NA,President @realDonaldTrump,NA,President @realDonaldTrump,NA
1307448189080023040,"Let's be precise. GOP-controlled Senate didn't ""reject"" Obama's 2016 SCOTUS nominee; they didn't assess Garland's fitness, hold a vote, vote him down
Rather, McConnell refused to hold vote or even a single hearing. He invented a rule to steal a seat &amp; hoard it for a GOP successor",1,SCOTUS,NA,SCOTUS,NA,SCOTUS,NA
1261313100390830080,"CONGRESS has to be the biggest scam in our political system.

We elect leaders who give speeches, rant on TV, &amp; write “scathing” letters.

But when it comes to helping us, they can’t do simple math.

330M Americans x $1,200 = $396B

Why exactly are we trying to spend $3 TRILLION?",1,CONGRESS,D,CONGRESS,NA,CONGRESS,D
1248617123506614272,@Strandjunker @realDonaldTrump He is doing a great job.,1,@realDonaldTrump,NA,@realDonaldTrump,NA,@realDonaldTrump,T
1303397592055844864,"RT @DineshDSouza: The Atlantic launched a political bomb at Trump which has exploded—in their face! 

The lies in question were manufacture…",1,Trump,NA,Trump,NA,Trump,NA
1402408336054755328,"@LoneRangerUSA @JayErrrday They didn't sue for money. The government could have fined them, but the settlement was for several actions to be taken.

Not ever law suit is for monetary damages.",1,government,NA,government,NA,government,NA
1437908128453087232,"RT @lindyli: Trump: “I don't want to be your friend anymore if you don't do this”

Pence was such a coward ass that he would’ve caved to hi…",1,Trump,NA,Trump,NA,Trump,NA
1333369316859842560,"Republican senator suddenly worries about ethics after ignoring them for 4 years

https://t.co/MpYezyJOvR",1,Republican senator,D,Republican senator,D,Republican senator,D
1427338084190932992,@PilotDebby Your right the plan was stated by May he said as things were going it would be by Sept 11th. Heck Trump praised Biden for withdrawing not he should be impeached 😂😂😂😂 he says. Plus what you described with Biden not taking action is the same action Trump did with the kurds...,1,Trump,NA,Trump,NA,Trump,NA
1427338084190932992,@PilotDebby Your right the plan was stated by May he said as things were going it would be by Sept 11th. Heck Trump praised Biden for withdrawing not he should be impeached 😂😂😂😂 he says. Plus what you described with Biden not taking action is the same action Trump did with the kurds...,2,Biden,NA,Biden,NA,Biden,NA
1268351399705874432,@realDonaldTrump https://t.co/19ppN8kf9n,1,@realDonaldTrump,NA,@realDonaldTrump,NA,@realDonaldTrump,NA
1334902935155859456,Report: Trump Wavering on Pardoning Kids Because He Thinks it Will Make Them Look Like Criminals https://t.co/UCzMagZ25w,1,Trump,NA,Trump,NA,Trump,NA
1314827604571181056,[BREAKING] 2nd Presidential Debate Canceled; Biden Will Do Solo Town Hall https://t.co/evOnfDKHKQ,1,Biden,NA,Biden,NA,Biden,NA
1362150595331846144,"🌸✋🌼😷💮👐🌸😷🌼✋💮
#facemasks #facemasks4all
#socialdistancing #gifts #shoppingonline #healthandsafety #onlineshopping  #Quarantine
CDC recommends the use of cloth face coverings to supplement social distancing in fight against spread of  #covid19
https://t.co/U3PLC00eep https://t.co/0iFoCMGQ6G",1,CDC,NA,CDC,NA,CDC,NA
1353533552219070464,"@HawleyMO @nypost Since your actions are deserving of censure and expulsion from the Senate, I’m not surprised you are opposed to consequences.",1,@HawleyMO,D,@HawleyMO,D,@HawleyMO,D
1353533552219070464,"@HawleyMO @nypost Since your actions are deserving of censure and expulsion from the Senate, I’m not surprised you are opposed to consequences.",2,Senate,NA,Senate,NA,Senate,NA
1353352059551174656,Don’t make Biden answer any tough questions https://t.co/65KgpXJWps,1,Biden,NA,Biden,NA,Biden,NA
1324149594515677184,"Biden - 264
Trump - 214
Blink - 182",1,Biden,NA,Biden,NA,Biden,NA
1324149594515677184,"Biden - 264
Trump - 214
Blink - 182",2,Trump,NA,Trump,NA,Trump,NA
1432887786282045440,@GOPLeader WHAT HAVE YOU GOT TO HIDE????  YOU LICK THE CRIMINAL'S ASS EVERYYYY CHANCE YOU GET!!! JANUARY 6TH WAS TREASON!!!  YOUR BOYYYY INCITED THAT RIOT AND YOU KNOWWW IT!!! 😡😡,1,@GOPLeader,D,@GOPLeader,D,@GOPLeader,D
1367261623535206400,DOJ got an official referral to open a 'criminal investigation' into ex-Sec. Elaine Chao: report https://t.co/dfbEE67yRQ,1,DOJ,NA,DOJ,NA,DOJ,NA
1367261623535206400,DOJ got an official referral to open a 'criminal investigation' into ex-Sec. Elaine Chao: report https://t.co/dfbEE67yRQ,2,Elaine Chao,NA,Elaine Chao,NA,Elaine Chao,NA
1275465046500442112,Dr. Fauci talks about coronavirus vaccine before Congress: ‘It will be when and not if’ https://t.co/Q3ycbl2Fvq,2,Congress,NA,Congress,NA,Congress,NA
1341942239782699008,@amyklobuchar Ask Dr Judy Mikovitz how truthful Dr Fauci really is.,2,@amyklobuchar,NA,@amyklobuchar,NA,@amyklobuchar,NA
1431083008694628352,@DonaldJTrumpJr I knew that a president trump without capacity was not going to be in office for long,1,president trump,D,president trump,NA,president trump,NA
1329494385604526080,"Twitter is troubling today. Our malignant president continues to undermine an election. His lawyers lose case after case and keep coming back, like Wile E. Coyote. Enablers enable. Followers follow. His lead attorney drips dark hair dye. Mental illness is legitimized by silence.",1,president,D,president,D,president,D
1361386550806913024,Please share across all platforms. Do you Know this person?? Please contact the FBI with FBI 149-AFO if you do! #SeditionHunters #DCRIOTS #CapitolRiots #Doyouknow Please DO NOT post names on social media #bandanawolverine https://t.co/LFHrm0jEGx,1,FBI,NA,FBI,NA,FBI,NA
1274841749345755136,RT @CheriJacobus: A bunch of kids about the same age as Barron Trump just bested @realDonaldTrump and @Parscale and I can’t stop laughing!,1,@realDonaldTrump,NA,@realDonaldTrump,NA,@realDonaldTrump,NA
1312360685586743296,"RT @jonfavs: Trump and Republicans held a mask-less, crowded, superspreader event at the White House in order to jam through a Supreme Cour…",1,White House,NA,White House,NA,White House,NA
1312360685586743296,"RT @jonfavs: Trump and Republicans held a mask-less, crowded, superspreader event at the White House in order to jam through a Supreme Cour…",2,Trump,NA,Trump,NA,Trump,NA
1262542525857853440,RT @tedlieu: Dear @realDonaldTrump: You may want to check with your physician before you continue taking #Hydroxychloroquine. Repeated stud…,1,@realDonaldTrump,NA,@realDonaldTrump,NA,@realDonaldTrump,NA
1262542525857853440,RT @tedlieu: Dear @realDonaldTrump: You may want to check with your physician before you continue taking #Hydroxychloroquine. Repeated stud…,2,@tedlieu,NA,@tedlieu,NA,@tedlieu,NA
1272936285267730432,Trump's executive order did not ban chokeholds. Don't repeat his words that have no meaning.,1,Trump,NA,Trump,NA,Trump,D
1319452561670344704,RT @DonaldJTrumpJr: Joe Biden is definitely leading in Wall Street donations to his campaign. He likes to pretend that that’s not the case…,1,Joe Biden,NA,Joe Biden,NA,Joe Biden,D
1331057221128519680,RT @HadleySheley: Since the The Christmas tree arrived at the White House today- What better time to kick off the festive season with my fa…,1,White House,NA,White House,NA,White House,NA
1323848332284993536,@PreetBharara @RepDougCollins We don't have to listen to his screeching puberty voice anymore.,1,@RepDougCollins,NA,@RepDougCollins,NA,@RepDougCollins,NA
1278370006825349120,"RT @mmpadellan: What a bizarre life when it's necessary for a press secretary to credibly declare ""The President reads.""

And NOBODY believ…",1,President,NA,President,NA,President,NA
1295407319694680064,Getting ready to land in Minneapolis. Our great National Guard saved the city from further destruction. Should have been called up sooner by local government!,1,National Guard,T,National Guard,T,National Guard,T
1453535649693306880,RT @TRNshow: President Manchin &amp; VP Sinema Completely Gut Biden Spending Bill https://t.co/IEyw0jj0M0,1,President,NA,President,NA,President,NA
1453535649693306880,RT @TRNshow: President Manchin &amp; VP Sinema Completely Gut Biden Spending Bill https://t.co/IEyw0jj0M0,2,VP,NA,VP,NA,VP,NA
1453535649693306880,RT @TRNshow: President Manchin &amp; VP Sinema Completely Gut Biden Spending Bill https://t.co/IEyw0jj0M0,3,Biden,NA,Biden,NA,Biden,NA
1301717294444359680,"Add me to the backlash, Senator. ✋

Sadly, giving birth can be VERY dangerous in the U.S. Medication abortion, however, is extremely safe.

Focus on saving the lives of those who actually want to give birth rather than forcing those that don't to do as you say.

#VOTEPROCHOICE https://t.co/XafRvIMzqk",1,Senator,NA,Senator,NA,Senator,NA
1309145139751923712,Disturbing that Joe Biden and other leftist politicians push to prosecute police officers for Breonna Taylor shooting despite no evidence of wrongdoing.,1,Joe Biden,D,Joe Biden,D,Joe Biden,D
1316151295342936064,@mmpadellan Trump accuses Dems of everything HE is guilty of. I project he will lose! #TrumpProjection,1,Trump,NA,Trump,D,Trump,D
1315122062361538560,"You Asked For It: Download, print your own 'TRUMP 200,000' yard sign | POCHO https://t.co/UvSKul0qKM",1,TRUMP,NA,TRUMP,NA,TRUMP,NA
1359900639975903232,RT @kylegriffin1: Speaker Pelosi says she's introducing legislation to give the Congressional Gold Medal to the Capitol Police and other la…,2,Capitol Police,NA,Capitol Police,NA,Capitol Police,NA
1207866495767924736,Sanders won’t back off Medicare-for-all https://t.co/6oUUbS4t5v,1,Medicare,NA,Medicare,NA,Medicare,NA
1246045762674479104,"The people in charge are scammers. So they are bad at running the government, bad at handling economic distress, and bad at protecting Americans from disease. Like most successful scammers though, they are exceedingly good at getting away with crimes.",1,government,NA,government,D,government,D
1234660137052196864,"Racist Trump Just Bizarrely Pointed Out ‘a Mexican’ in His Rally Audience, ‘This Guy … He’s a Mexican!’ https://t.co/9bfa2Q4j3p",1,Trump,NA,Trump,D,Trump,D
1285188854992048128,"The City of Portland has been demonstrating 53 straight days. In spite of Mayor handling it, POTUS has sent in federal troops (often in unidentified, camo clothing &amp; vehicles, often snatching these protestors off the streets into waiting vans (can we say kidnapping?). WTF?",1,POTUS,D,POTUS,D,POTUS,D
1317150639206510592,BREAKING: Joe Biden FREAKS OUT – His Accuser SHOCKS Nation https://t.co/W8NFjpodrq via @Freedom News USA,1,Joe Biden,NA,Joe Biden,NA,Joe Biden,NA
1311138322304192512,"I teach elementary school children aged 6-10 years. If a kid were ever to behave like the American ""president"" did tonight, I would send her or him out of the classroom immediately and have a very serious talk with the parents.

#Debates2020 ""Trump and Biden"" ""CLOWN"" ""Omg Trump"" https://t.co/0QZrBrGpkF",2,Trump,D,Trump,NA,Trump,NA
1311138322304192512,"I teach elementary school children aged 6-10 years. If a kid were ever to behave like the American ""president"" did tonight, I would send her or him out of the classroom immediately and have a very serious talk with the parents.

#Debates2020 ""Trump and Biden"" ""CLOWN"" ""Omg Trump"" https://t.co/0QZrBrGpkF",3,Biden,NA,Biden,NA,Biden,NA
1293409481594994688,"@NPR “Shaking up” ? Really, @NPR?!? I would expect more honesty from you. 

The word you are top-toeing around so needlessly is “sabotage.”

He is sabotaging the @USPS",1,@USPS,NA,@USPS,NA,@USPS,NA
1332524346418589696,"So do you like 
This fucking dream
Hypocritical governments
Fashion fascism
To falsely liberate you
With socialism
When their only intention
Is to watch you suffer in fear
Feeding off your energy
Until you disappear
#poetry #poem #poetrylovers #becomingfragile #writingcommunity",1,government,NA,government,D,government,NA
1353925190795862016,RT @TimHannan: Josh Hawley had no problem with Donald Judas Trump sabotaging the USPS in an attempt to delay mailed ballots during a pandem…,1,USPS,NA,USPS,NA,USPS,NA
1353925190795862016,RT @TimHannan: Josh Hawley had no problem with Donald Judas Trump sabotaging the USPS in an attempt to delay mailed ballots during a pandem…,2,Trump,NA,Trump,D,Trump,D
1353925190795862016,RT @TimHannan: Josh Hawley had no problem with Donald Judas Trump sabotaging the USPS in an attempt to delay mailed ballots during a pandem…,3,Josh Hawley,D,Josh Hawley,D,Josh Hawley,D
1224452070545080320,"Tomorrow night, during the SOTU, I'm going to mute the TV, put on some Latinx music, make some drinks, and shake my ass at Trump.

What are you going to do?",1,Trump,NA,Trump,NA,Trump,NA
1286389772467003392,RT @AbbieRBennett: There's $21.3 billion for defense in the draft #COVID19 aid proposal from the White House/Senate Republicans but FWIW I…,1,White House,NA,White House,NA,White House,NA
1286389772467003392,RT @AbbieRBennett: There's $21.3 billion for defense in the draft #COVID19 aid proposal from the White House/Senate Republicans but FWIW I…,2,Senate Republicans,NA,Senate Republicans,NA,Senate Republicans,NA
1326146070230016000,"RT @charliekirk11: The media keeps asking why the Trump Campaign won't ""provide evidence"" of their claims but every time they try to hold a…",1,Trump,NA,Trump,NA,Trump,NA
1265421741272301568,BREAKING: Senator Dianne Feinstein cleared by the Justice Department in her husbands stock trades after a coronavirus meeting on The Hill...,1,Justice Department,NA,Justice Department,NA,Justice Department,NA
1265421741272301568,BREAKING: Senator Dianne Feinstein cleared by the Justice Department in her husbands stock trades after a coronavirus meeting on The Hill...,2,Senator Dianne Feinstein,NA,Senator Dianne Feinstein,NA,Senator Dianne Feinstein,NA
1206247457740345344,"RT @GrahamLedger: I’ve always loved this song, the Spinners; it’s a fitting Chronicle to a President who has been under withering attack fo…",1,President,NA,President,NA,President,NA
1323308897445187584,Thousands of supporters of the Islamic group Hefazat-e-Islam marched toward the French embassy in Dhaka to protest against remarks by French President Emmanuel Macron in a row about cartoons of the Prophet Mohammad https://t.co/4Qf45KJkfm https://t.co/23aIRHUlgQ,1,President,NA,President,NA,President,NA
1381951308463288320,"If you believe Matt Gaetz should be expelled from Congress please retweet this, because I would like to follow you.",1,Congress,NA,Congress,NA,Congress,NA
1381951308463288320,"If you believe Matt Gaetz should be expelled from Congress please retweet this, because I would like to follow you.",2,Matt Gaetz,NA,Matt Gaetz,NA,Matt Gaetz,D
1366235826162696192,How can Jim Jordan be the Senate Majority Leader and Josh Hawley the Senate Minority Leader... Jim Jordan isn’t even a senator. https://t.co/Qj3Uaw03v0,1,Senate Majority Leader,NA,Senate Majority Leader,NA,Senate Majority Leader,NA
1366235826162696192,How can Jim Jordan be the Senate Majority Leader and Josh Hawley the Senate Minority Leader... Jim Jordan isn’t even a senator. https://t.co/Qj3Uaw03v0,2,Senate Minority Leader,NA,Senate Minority Leader,NA,Senate Minority Leader,NA
1366235826162696192,How can Jim Jordan be the Senate Majority Leader and Josh Hawley the Senate Minority Leader... Jim Jordan isn’t even a senator. https://t.co/Qj3Uaw03v0,3,Senate,NA,Senate,NA,Senate,NA
1366235826162696192,How can Jim Jordan be the Senate Majority Leader and Josh Hawley the Senate Minority Leader... Jim Jordan isn’t even a senator. https://t.co/Qj3Uaw03v0,4,senator,NA,senator,NA,senator,NA
1366235826162696192,How can Jim Jordan be the Senate Majority Leader and Josh Hawley the Senate Minority Leader... Jim Jordan isn’t even a senator. https://t.co/Qj3Uaw03v0,5,Jim Jordan,NA,Jim Jordan,NA,Jim Jordan,NA
1366235826162696192,How can Jim Jordan be the Senate Majority Leader and Josh Hawley the Senate Minority Leader... Jim Jordan isn’t even a senator. https://t.co/Qj3Uaw03v0,6,Josh Hawley,NA,Josh Hawley,NA,Josh Hawley,NA
1366235826162696192,How can Jim Jordan be the Senate Majority Leader and Josh Hawley the Senate Minority Leader... Jim Jordan isn’t even a senator. https://t.co/Qj3Uaw03v0,7,Jim Jordan,NA,Jim Jordan,NA,Jim Jordan,NA
1240319090448891904,"Trump being asked why non-symptomatic NBA athletes are getting tested while others can't. Should the ""well connected"" be able to get to the front of the line?

""No, I wouldn't say so, but perhaps that's been the story of life. That does happen on occasion"" https://t.co/E3ZUiqTwXv",1,Trump,NA,Trump,NA,Trump,NA
1275218981641547776,@realDonaldTrump I will wait for a non-fiction book to come out about you. Can’t wait to read John Bolton‘s book,1,@realDonaldTrump,NA,@realDonaldTrump,NA,@realDonaldTrump,NA
1311926317080875008,"RT @guardian: Trump's age and weight may cause Covid complications, doctors say https://t.co/FVTY1pRvmj",1,Trump,NA,Trump,NA,Trump,NA
1363952674530594816,"@DearAuntCrabby OOOPS! Guess Ol' Sleepy Joe must have got his hands on that Top Secret Weather Machine they have hidden in the White House.  🌨️🤦‍♂️

P.S. Trump ""Advisors"" are expected to be idiots though, right?",1,White House,NA,White House,NA,White House,NA
1363952674530594816,"@DearAuntCrabby OOOPS! Guess Ol' Sleepy Joe must have got his hands on that Top Secret Weather Machine they have hidden in the White House.  🌨️🤦‍♂️

P.S. Trump ""Advisors"" are expected to be idiots though, right?",2,Sleepy Joe,NA,Sleepy Joe,NA,Sleepy Joe,D
1363952674530594816,"@DearAuntCrabby OOOPS! Guess Ol' Sleepy Joe must have got his hands on that Top Secret Weather Machine they have hidden in the White House.  🌨️🤦‍♂️

P.S. Trump ""Advisors"" are expected to be idiots though, right?",3,Trump,NA,Trump,NA,Trump,NA
1320261906754531328,"RT @benleemusic: The CDC reported over 82,000 new Covid cases yesterday, the single highest day increase since the start of the pandemic. S…",1,CDC,NA,CDC,NA,CDC,NA
1204629250701086720,"RT @AmyMcGrathKY: A Democrat was just sworn in as Kentucky's governor. We can beat Mitch McConnell, but I'm going to need your help to do i…",1,governor,NA,governor,NA,governor,NA
1204629250701086720,"RT @AmyMcGrathKY: A Democrat was just sworn in as Kentucky's governor. We can beat Mitch McConnell, but I'm going to need your help to do i…",2,Mitch McConnell,NA,Mitch McConnell,NA,Mitch McConnell,NA
1283410069154037760,"@DemWrite Amy McGrath to defeat Mitch McConnell.
Jaime Harrison to defeat Lindsey Graham.
Sara Gideon to defeat Susan Collins.
Mark Kelly to defeat Martha McSally.
#DemCast",1,Mitch McConnell,NA,Mitch McConnell,NA,Mitch McConnell,NA
1283410069154037760,"@DemWrite Amy McGrath to defeat Mitch McConnell.
Jaime Harrison to defeat Lindsey Graham.
Sara Gideon to defeat Susan Collins.
Mark Kelly to defeat Martha McSally.
#DemCast",2,Lindsey Graham,NA,Lindsey Graham,NA,Lindsey Graham,NA
1283410069154037760,"@DemWrite Amy McGrath to defeat Mitch McConnell.
Jaime Harrison to defeat Lindsey Graham.
Sara Gideon to defeat Susan Collins.
Mark Kelly to defeat Martha McSally.
#DemCast",3,Susan Collins,NA,Susan Collins,NA,Susan Collins,NA
1283410069154037760,"@DemWrite Amy McGrath to defeat Mitch McConnell.
Jaime Harrison to defeat Lindsey Graham.
Sara Gideon to defeat Susan Collins.
Mark Kelly to defeat Martha McSally.
#DemCast",4,Mark Kelly,NA,Mark Kelly,NA,Mark Kelly,NA
1283410069154037760,"@DemWrite Amy McGrath to defeat Mitch McConnell.
Jaime Harrison to defeat Lindsey Graham.
Sara Gideon to defeat Susan Collins.
Mark Kelly to defeat Martha McSally.
#DemCast",5,Martha McSally,NA,Martha McSally,NA,Martha McSally,NA
1265857032441270272,"RT @DahlELama2: @realTuckFrumper @PressSec 
Translation: Trump is going to violate the First Amendment and stifle free speech because he go…",1,@PressSec,NA,@PressSec,NA,@PressSec,NA
1265857032441270272,"RT @DahlELama2: @realTuckFrumper @PressSec 
Translation: Trump is going to violate the First Amendment and stifle free speech because he go…",2,Trump,D,Trump,NA,Trump,D
1247547780467310592,RT @FrankFigliuzzi1: Think the evidence in Trump’s last impeachment trial was powerful? How about negligent homicide: https://t.co/fkPQFv6H…,1,Trump,NA,Trump,D,Trump,D
1350344015762214912,"RT @EyeH8Trump: So, we're dealing with some of those ""best people"" #Trump assured us he has.
You know, one of those ""fine people"" from 1 si…",1,Trump,NA,Trump,NA,Trump,NA
1255995599184433152,"RT @BenjaminPDixon: 📣 New Podcast! ""Epsiode 862 | 30.3 Million Unemployed | Where are Democrats in this Crisis?! | Nancy Pelosi on Reade/Bi…",1,Nancy Pelosi,NA,Nancy Pelosi,NA,Nancy Pelosi,NA
1313612499263127552,"Make no mistake: if you are out of work, if your business is closed, if your child’s school is shut down, if you are seeing layoffs in your community, Donald Trump decided today that none of that matters to him.",1,Donald Trump,D,Donald Trump,D,Donald Trump,D
1346915754147414016,"@realDonaldTrump Oh, I'm sure you mean every word of it. You caused this. Proud of yourself?",1,@realDonaldTrump,NA,@realDonaldTrump,NA,@realDonaldTrump,NA
1295432956216053760,Veterans should be able to count on @USPS to quickly deliver their prescription drugs. But veterans across the country are reporting major delays. I'm joining my colleagues in calling on the Postmaster General to immediately reverse the operational changes causing these issues.,1,@USPS,NA,@USPS,D,@USPS,NA
1436656036455358464,"RT @TXAG: Biden’s new nat’l vaxx mandate on private biz may be the most unconstitutional, illegal thing I’ve ever seen out of any Admin in…",1,Biden,D,Biden,D,Biden,D
1361459030925987840,"@musicom67 @LindseyGrahamSC Lady G keeps getting mushroom marks on his cheeks, at both ends, courtesy of Toad.",1,@LindseyGrahamSC,NA,@LindseyGrahamSC,NA,@LindseyGrahamSC,NA
1437233571954053120,RT @KamalaHarris: Gov. @GavinNewsom is a national leader on one of the great threats to our democracy right now: the blatant attacks on vot…,1,@KamalaHarris,NA,@KamalaHarris,NA,@KamalaHarris,NA
1437233571954053120,RT @KamalaHarris: Gov. @GavinNewsom is a national leader on one of the great threats to our democracy right now: the blatant attacks on vot…,2,@GavinNewsom,T,@GavinNewsom,D,@GavinNewsom,NA
1430816379192627200,"Donald Trump Attorney Hall Of Fame

Roy Cohn [1]
Michael Cohen [1, 3, 4]
Rudy Giuliani [2, 3, 5]
Victoria Toensing [2, 3, 5]
Sidney Powell [2, 3]
Lin Wood [2, 3]
Doug Collins

1 disbarred
2 disbarment formally requested by court
3 unpaid
4 convicted
5 office raided by FBI https://t.co/6Urq7cgzCu",1,Donald Trump,NA,Donald Trump,NA,Donald Trump,NA
1430816379192627200,"Donald Trump Attorney Hall Of Fame

Roy Cohn [1]
Michael Cohen [1, 3, 4]
Rudy Giuliani [2, 3, 5]
Victoria Toensing [2, 3, 5]
Sidney Powell [2, 3]
Lin Wood [2, 3]
Doug Collins

1 disbarred
2 disbarment formally requested by court
3 unpaid
4 convicted
5 office raided by FBI https://t.co/6Urq7cgzCu",2,FBI,NA,FBI,NA,FBI,NA
1430816379192627200,"Donald Trump Attorney Hall Of Fame

Roy Cohn [1]
Michael Cohen [1, 3, 4]
Rudy Giuliani [2, 3, 5]
Victoria Toensing [2, 3, 5]
Sidney Powell [2, 3]
Lin Wood [2, 3]
Doug Collins

1 disbarred
2 disbarment formally requested by court
3 unpaid
4 convicted
5 office raided by FBI https://t.co/6Urq7cgzCu",3,Doug Collins,NA,Doug Collins,NA,Doug Collins,NA
1284592150345388032,I’m a bit tired of Trump talking about losing his “way of life” while many communities risk losing their actual lives.,1,Trump,D,Trump,NA,Trump,NA
1202124617298657280,"Oakland's rising homelessness crisis prompts DIY effort using large logs https://t.co/mbCvOV3C42 #FoxNews ...
In the year 2100 your problems will be halfway solved. Schiff has got more important matters at hand. Actually ,all CA lawmakers have very important Trump charges.",1,Trump,NA,Trump,NA,Trump,NA
1348257933033938944,"RT @Eugene_Scott: “I got called a n****r 15 times today,” the veteran officer shouted. “Trump did this and we got all of these fucking peop…",1,Trump,D,Trump,NA,Trump,NA
1262551181588598784,".@SpeakerPelosi just said that Trump shouldn't take Plaquenil because he is ""morbidly obese.""

Don't RT this or it'll piss off @realDonaldTrump. https://t.co/ucOEFa69jd",1,@realDonaldTrump,NA,@realDonaldTrump,NA,@realDonaldTrump,NA
1262551181588598784,".@SpeakerPelosi just said that Trump shouldn't take Plaquenil because he is ""morbidly obese.""

Don't RT this or it'll piss off @realDonaldTrump. https://t.co/ucOEFa69jd",2,@SpeakerPelosi,NA,@SpeakerPelosi,NA,@SpeakerPelosi,NA
1396514518730219520,"Anti-Air and Electronic Warfare skills are being tested with the support of NATO JEWCS and Portuguese Navy and 🛩️AF. #SteadfastDefender21 CET/FIT moves forward, increasing serials complexity, and units are now ready for more demanding exercises
#SNMG2 #WeAreNATO #StrongerTogether https://t.co/asMoU113pJ",1,Navy,NA,Navy,NA,Navy,NA
1362435897598169088,"RT @EmeraldRobinson: Media outlets are reporting the FBI is investigating Gov. Cuomo about nursing home deaths. 

The same FBI that hid Hun…",1,FBI,NA,FBI,NA,FBI,NA
1283572317117771776,RT @atrupar: Trump has numbed us to how unethical it is for White House officials (including the president) to promote private businesses t…,1,White House,NA,White House,D,White House,NA
1315433879067451392,Former top Postal Service official testifies Mnuchin and White House were involved in slowing mail - CBS News https://t.co/JVrI73BFOm,1,Postal Service,NA,Postal Service,NA,Postal Service,NA
1315433879067451392,Former top Postal Service official testifies Mnuchin and White House were involved in slowing mail - CBS News https://t.co/JVrI73BFOm,2,White House,D,White House,NA,White House,NA
1275160105340661760,@politico Two murders in #SeattleAutonomousZone record high murders in Chicago over the weekend including shooting death of a 3yr child and you think @POTUS calling the China Virus Kung Flu is more worthy to report on.,1,@POTUS,NA,@POTUS,NA,@POTUS,NA
1326316879925964800,"DONALD TRUMP, recount Stop the Count Proof Read &amp; check it all twice,  it’s over DIKC STAIN . Get the Boxes &amp; Tape bring in the moving Trucks. F YOU. https://t.co/XBl63l0l1G",1,DONALD TRUMP,NA,DONALD TRUMP,NA,DONALD TRUMP,D
1317333903997202432,"RT @PalmerReport: Oh cool, John Kelly is privately trashing Donald Trump. Wake me when he has the balls to do it in public.",1,Donald Trump,NA,Donald Trump,NA,Donald Trump,NA
1316353887129882624,"@hughhewitt @debates @realDonaldTrump Either Trump never had coronavirus in the first place, or he is not ""fine.""

The Debates Commission did the right thing for public safety.",1,@realDonaldTrump,NA,@realDonaldTrump,NA,@realDonaldTrump,NA
1237082875503099904,"I’m sorry but I’ve yet to wittiness anything close to resembling a personality when Mike Pence is involved. The man not only looks as though he’s fresh off the embalming table, he’s just as lifeless as mummified corpse! https://t.co/6kZa20Wf05",1,Mike Pence,NA,Mike Pence,NA,Mike Pence,NA
1281304505825366016,"When Trump loses in November, Republicans are gonna turn on him so quickly. It's not too late for them to put party aside and speak out against this monstrous administration TODAY. We know how they really feel. Just watch. https://t.co/bRl5a4GBKc",1,Trump,D,Trump,D,Trump,NA
1202443595384606720,"RT @dvillella: @realDonaldTrump So, why is your personal lawyer CURRENTLY in Ukraine?https://t.co/mwdTf2XjIx",1,@realDonaldTrump,NA,@realDonaldTrump,NA,@realDonaldTrump,NA
1356790271661518848,"RT @Lawrence: This is a big deal. 

@SenWarren now has committee jurisdiction over virtually all of government’s revenue &amp; most spending.…",1,government,NA,government,NA,government,NA
1356790271661518848,"RT @Lawrence: This is a big deal. 

@SenWarren now has committee jurisdiction over virtually all of government’s revenue &amp; most spending.…",2,@SenWarren,NA,@SenWarren,NA,@SenWarren,NA
1317479917236457472,@KOCOAlejandra These stories of people mispronouncing Kamala Harris's name made me think of you. I like that people realize why it's not just disrespectful but a form of racism. I'm glad it's being acknowledged. https://t.co/ZCIiXKxFKp,1,Kamala Harris,NA,Kamala Harris,NA,Kamala Harris,NA
1269724684393705472,"RT @justinamash: End qualified immunity.
End civil asset forfeiture.
End the drug war.
End overcriminalization.
End no-knock warrants.
End…",1,@justinamash,NA,@justinamash,NA,@justinamash,NA
1301768033954942976,"RT @guardian: Trump called American war dead ‘suckers’ and ‘losers', report alleges https://t.co/7Nzhdq3XQ6",1,Trump,NA,Trump,NA,Trump,NA
1407105970015248384,"RT @SenSchumer: Donald Trump lost an election legitimately

He can’t face that—that it was his failure

So he lied and lied

He created the…",1,Donald Trump,D,Donald Trump,D,Donald Trump,D
1407105970015248384,"RT @SenSchumer: Donald Trump lost an election legitimately

He can’t face that—that it was his failure

So he lied and lied

He created the…",2,@SenSchumer,NA,@SenSchumer,NA,@SenSchumer,NA
1264228540490211328,"RT @ErrolWebber: Today, all roads lead to Sacramento for Freedom Fest at the California State Capitol! Got my Trump socks ready! See you th…",1,Trump,NA,Trump,NA,Trump,NA
1252728863853068288,"We must, starting now, make life so uncomfortable for Biden that his only choice will be to ignore powerful corporate pressure and do what movements are demanding — just as FDR and LBJ did. https://t.co/G7KodyPG7c @NaomiAKlein @MMFlint @codepink @iPhilSomething",1,Biden,NA,Biden,NA,Biden,NA
1329844336155127808,RT @sarahmucha: Joe Biden tested negative for COVID today ahead of his in-person meeting with House Speaker Nancy Pelosi and Senate Minorit…,1,Joe Biden,NA,Joe Biden,NA,Joe Biden,NA
1329844336155127808,RT @sarahmucha: Joe Biden tested negative for COVID today ahead of his in-person meeting with House Speaker Nancy Pelosi and Senate Minorit…,3,Senate,NA,Senate,NA,Senate,NA
1293668793236037632,"Trump now bragging about judges and making the false claim that the stock market ""signals a V-shaped recovery"" for the economy, which is not even close to being the case. https://t.co/cGbTFBUnQE",1,Trump,D,Trump,NA,Trump,D
1345095642482438144,BREAKING: Senate overrides Trump’s defense bill veto by vote of 81-13,1,Senate,NA,Senate,NA,Senate,NA
1345095642482438144,BREAKING: Senate overrides Trump’s defense bill veto by vote of 81-13,2,Trump,NA,Trump,NA,Trump,NA
1236371202811162624,RT @GayRepublicSwag: So far at the #Deplorapalooza not a single Trump supporter has attacked me for my sexuality. It's almost like Trump su…,1,Trump,NA,Trump,NA,Trump,NA
1454276587118071808,If Congress had term limits would they be inclined to work for the people rather than themselves?,1,Congress,D,Congress,D,Congress,D
1313545632108425216,"Not a chance @AOC, Project Veritas STANDS by our reporting.

We've issued a retraction request to @LydenFOX9 and we look forward to winning the ensuing lawsuits.

We don't flinch, and we aren't intimidated.

We're over the damn target and the only coordination is in THE COVERUP! https://t.co/4RW9FGUvcR",1,@AOC,NA,@AOC,NA,@AOC,NA
1302280233916088320,"She could have said if cleared by the CDC, Fauci and Birx and scientists then yes and she would encourage others, but she did this instead... and that's why she dropped out before Iowa. https://t.co/tm9Gpq6cv1",1,CDC,NA,CDC,NA,CDC,NA
1325130351233048576,But there were enough Natives to defeat Trump. #JoeBiden #PresidentElectJoe #NativeAmericanHeritageMonth #YoureFiredTrump https://t.co/V9W3BKfZla,1,Trump,D,Trump,NA,Trump,NA
1461407701221535744,"“It’s time people like me can work without fear of being deported and separated from our families. We know Congress can protect farm workers by passing the #BuildBackBetter Act with immigration protections this year and they must act.” 
-Guillermo Garcia, CA farm worker https://t.co/Kaj8LBwVQ4",1,Congress,T,Congress,NA,Congress,NA
1251177881939726336,This is insane. The President is encouraging violence within a state against the local government because the Governor is following sound public health policy according to the majority support of the its population. https://t.co/FZCh0wvsrs,1,President,D,President,D,President,D
1220010108026945536,"@SweetCainMusic @introvertgay @dannybarefoot If Biden wins, we will not stop climate change. If Biden wins, I will not see my 50th birthday",1,Biden,NA,Biden,D,Biden,D
1255122594577166336,"If Trump was the CEO of a business, they’d fire him. https://t.co/oc8lMlYYtZ",1,Trump,D,Trump,NA,Trump,D
1300966854739914752,"A majority of Utahns passed ballot measures on fair voting districts, medical marijuana, and Medicaid expansion. But politicians immediately watered-down these laws. I will protect propositions. #TimeForChange #UtPol https://t.co/FKFDZRoWQa",1,Medicaid,NA,Medicaid,NA,Medicaid,NA
1353944323620921344,RT @parlertakes: Replies to @HawleyMO saying “I think ex-president’s rhetoric on the day was inflammatory. I think it was irresponsible. I…,1,president,NA,president,NA,president,D
1353944323620921344,RT @parlertakes: Replies to @HawleyMO saying “I think ex-president’s rhetoric on the day was inflammatory. I think it was irresponsible. I…,2,@HawleyMO,NA,@HawleyMO,NA,@HawleyMO,NA
1275449551063678976,RT @ArkansasBlog: Question for Asa today: Do you still think Trump was just being ‘flippant’? https://t.co/f6J483lLYq via @arktimes,1,Trump,NA,Trump,NA,Trump,NA
1338809984470093824,The New York Daily News is giving Donald Trump quite the send off #ElectoralCollege #Election2020 https://t.co/hQfSS3aIIf,1,Donald Trump,NA,Donald Trump,NA,Donald Trump,NA
1421831492733390848,"This is the first time that I heard Kevin McCarthy’s “joke” about hitting Speaker Nancy Pelosi. I don't think that I've been so angry at a person as I am now.
https://t.co/4bJ1NafEp3",1,Nancy Pelosi,NA,Nancy Pelosi,NA,Nancy Pelosi,NA
1421831492733390848,"This is the first time that I heard Kevin McCarthy’s “joke” about hitting Speaker Nancy Pelosi. I don't think that I've been so angry at a person as I am now.
https://t.co/4bJ1NafEp3",2,Kevin McCarthy,NA,Kevin McCarthy,NA,Kevin McCarthy,NA
1371101313308753920,"William Hamilton, a former Army medic and owner of William’s Coffee, says he's facing pandemic challenges with the strength and determination he developed while serving in the U.S. Army
https://t.co/AEsOljg7lI",1,U.S. Army,NA,U.S. Army,NA,U.S. Army,NA
1386160033608708096,"RT @TheLeoTerrell: Attention State of Texas!  You have a Trump’s hater named Michael Wood running for Congress.  Moreover, Wood is endorsed…",1,Congress,NA,Congress,NA,Congress,NA
1386160033608708096,"RT @TheLeoTerrell: Attention State of Texas!  You have a Trump’s hater named Michael Wood running for Congress.  Moreover, Wood is endorsed…",2,Trump,NA,Trump,NA,Trump,NA
1354857196509532160,"“Assigning her to the Education Committee when she has mocked the killing of little children at Sandy Hook… What could they be thinking?”

Thank you @SpeakerPelosi for calling out GOP leaders who so far have ignored @mtgreenee’s vile behavior. https://t.co/Yc6hqJMOxA",1,@SpeakerPelosi,NA,@SpeakerPelosi,NA,@SpeakerPelosi,NA
1263263244149374976,"@politico Everyone including your organization tried to demonize DeSantis for not closing state of Florida down, you all said thousands would die, they'd end up looking like NY and Italy BUT the opposite happened! SO yeah he's mad! Should VICE PRESIDENT Pence have interrupted him?",1,VICE PRESIDENT Pence,NA,VICE PRESIDENT Pence,NA,VICE PRESIDENT Pence,NA
1232654187231662080,"RT @CDCgov: While CDC considers #COVID19 a serious situation and is taking preparedness measures, the immediate risk in the U.S. is conside…",1,CDC,NA,CDC,NA,CDC,NA
1232654187231662080,"RT @CDCgov: While CDC considers #COVID19 a serious situation and is taking preparedness measures, the immediate risk in the U.S. is conside…",2,@CDCgov,NA,@CDCgov,NA,@CDCgov,NA
1292905036704620544,"RT @mmpadellan: Yeah, I'm sure it's coincidence that riots break out in Chicago just a few weeks after trump announced he's sending federal…",1,trump,NA,trump,NA,trump,NA
1224195306901975040,"RT @SpeakerPelosi: To our @49ers: thank you for an incredible season, and an inspiring performance on the field tonight. You made us proud.…",1,@SpeakerPelosi,NA,@SpeakerPelosi,NA,@SpeakerPelosi,NA
1238284154296569856,RT @JakeSherman: TO RECAP: no deal between trump admin and pelosi tonight. They hope to have an announcement tomorrow and a vote tomorrow m…,2,pelosi,NA,pelosi,NA,pelosi,NA
1327370710134779904,Trump predictably takes no questions from reporters asking when he will concede the election. Other Warp Speed members in attendance applaud over those questions.,1,Trump,NA,Trump,NA,Trump,NA
1370572891599773696,"@GOPLeader You secretly said to colleagues, ""There's two people I think Putin pays--Rohrabacher and Trump. Swear to God,"" on June 15, 2016, and never thought giving Trump info was a problem.

Hush, #KremlinKevin 

https://t.co/AyotzY8f0Y",1,@GOPLeader,D,@GOPLeader,NA,@GOPLeader,D
1370572891599773696,"@GOPLeader You secretly said to colleagues, ""There's two people I think Putin pays--Rohrabacher and Trump. Swear to God,"" on June 15, 2016, and never thought giving Trump info was a problem.

Hush, #KremlinKevin 

https://t.co/AyotzY8f0Y",2,Trump,NA,Trump,NA,Trump,D
1327470306571800576,"Grilled by an angry Lou Dobbs about what Republicans are doing to save Trump, Devin Nunes bizarrely pivots to suggesting everyone should get on Parler. Beyond parody. https://t.co/tuNycUaJqz",1,Trump,NA,Trump,NA,Trump,NA
1327470306571800576,"Grilled by an angry Lou Dobbs about what Republicans are doing to save Trump, Devin Nunes bizarrely pivots to suggesting everyone should get on Parler. Beyond parody. https://t.co/tuNycUaJqz",2,Devin Nunes,D,Devin Nunes,NA,Devin Nunes,NA
1239973564268154880,"For Donald Trump It’s Always Been AMERICA FIRST!

#AmericaFirst 

https://t.co/Ul9xJhxpze",1,Donald Trump,NA,Donald Trump,NA,Donald Trump,T
1216818968029286400,RT @VickyPJWard: Reminder: This is the same George Nader who helped Jared Kushner plan Trump’s first state visit to the unusual choice of t…,1,Trump,NA,Trump,NA,Trump,NA
1411005188932997120,"RT @Strandjunker: Bill Barr’s daughter worked at Treasury to hide Trump’s tax returns and his loans at Deutsche Bank.

Rudy Giuliani’s son…",1,Treasury,NA,Treasury,NA,Treasury,NA
1411005188932997120,"RT @Strandjunker: Bill Barr’s daughter worked at Treasury to hide Trump’s tax returns and his loans at Deutsche Bank.

Rudy Giuliani’s son…",2,Trump,NA,Trump,NA,Trump,D
1305029251729629184,"RT @lifesafeast: @realDonaldTrump Was @realDonaldTrump ever forced to pay back the $141,000,000 he forced the US taxpayer to shell out for…",1,@realDonaldTrump,NA,@realDonaldTrump,NA,@realDonaldTrump,D
1329412362340757504,@realDonaldTrump Can’t be that big of news otherwise you would be doing it on prime time nightly news.,1,@realDonaldTrump,NA,@realDonaldTrump,NA,@realDonaldTrump,NA
1443640441929232384,"Wow, talk about opening a can of worms, Durham's indictment seems to have put Alfa Bank back on the front burner, frankly when this came up in 2016 I felt there had to be something to it, best possible explanation is it was disinformation planted to compromise Trump. https://t.co/bfcqDVTgeI",1,Trump,NA,Trump,NA,Trump,NA
1242501771429322752,@realTuckFrumper Somebody break it to this Imbecil he’s suppose to be a US Senator Not a Pastor &amp; if he insists than Resign he’s useless anyhow! Go preach Somewhere else! https://t.co/bf7Nk6dzch,1,Senator,NA,Senator,NA,Senator,NA
1429187552477687808,"RT @robertfranek: If you thought ‘infrastructure week’ was a blast, just wait for Trump’s ‘Afghanistan week’. 

- @Acosta",1,Trump,NA,Trump,NA,Trump,NA
1227216905682984960,"Brennnan, Comey, Clapper, McCabe, Schiff, and Strzok all lied to Congress and did far more damage. 

When will they all be sentenced to nine years? https://t.co/ZUaVdyAy6S",1,Congress,NA,Congress,NA,Congress,NA
1301145034201468928,".@DHS_Wolf withheld publication of intelligence bulletin warning of Russian scheme to push “allegations about the poor mental health” of #JoeBiden for #Trump

Clear proof that #PutinsPuppet is receiving help from Mother Russia &amp;  DHS is keeping it quiet.

https://t.co/NMb7xP48Ki",1,DHS,NA,DHS,D,DHS,D
1301145034201468928,".@DHS_Wolf withheld publication of intelligence bulletin warning of Russian scheme to push “allegations about the poor mental health” of #JoeBiden for #Trump

Clear proof that #PutinsPuppet is receiving help from Mother Russia &amp;  DHS is keeping it quiet.

https://t.co/NMb7xP48Ki",3,Trump,NA,Trump,D,Trump,NA
1325400172189405184,#FelizDomingo #Saltillo ☀️ Hoy en portada: ¡Es Biden! 👉👨‍💼🇱🇷https://t.co/R1GMEbLLVG https://t.co/QbReJV09xG,1,Biden,NA,Biden,NA,Biden,NA
1300818976759582720,"RT @brianstelter: Everyone in Portland, Oregon knows that the president is lying when he says ""the entire city is ablaze all the time."" So…",1,president,D,president,NA,president,D
1413188714206056448,RT @3WiseMenBook: Beau Wise is a @USMC combat veteran. He's also the only U.S. service member to lose 2 brothers in Afghanistan. #3WiseMen…,1,@USMC,NA,@USMC,NA,@USMC,NA
1261020681199710208,"@coshy_90 I would like people to understand that when the government blames video games for violence, it's silly because it goes against every study conducted and it's also kind of ironic since the government are the ones constantly ordering people to be killed, not game developers.",1,government,D,government,D,government,D
1237849528855719936,"@atrupar Science journalist @Laurie_Garrett, a Pulitzer Prize winner for her work chronicling the Ebola virus outbreak in Zaire

...on Trump eliminating Obama’s entire #Pandemic Response Apparatus headed by @RonaldKlain

#coronavirus
#COVID19
#CoronaVirusUpdate
https://t.co/vEWoAogCyu",1,@RonaldKlain,NA,@RonaldKlain,NA,@RonaldKlain,NA
1237849528855719936,"@atrupar Science journalist @Laurie_Garrett, a Pulitzer Prize winner for her work chronicling the Ebola virus outbreak in Zaire

...on Trump eliminating Obama’s entire #Pandemic Response Apparatus headed by @RonaldKlain

#coronavirus
#COVID19
#CoronaVirusUpdate
https://t.co/vEWoAogCyu",2,Trump,D,Trump,NA,Trump,NA
1351060588663894016,RT @mkraju: Lindsey Graham says of Trump: “You’re the most important figure in the Republican Party. You can shape the direction of the par…,1,Trump,NA,Trump,NA,Trump,NA
1351060588663894016,RT @mkraju: Lindsey Graham says of Trump: “You’re the most important figure in the Republican Party. You can shape the direction of the par…,2,Lindsey Graham,NA,Lindsey Graham,NA,Lindsey Graham,NA
1238433166941130752,"As Trump tries blaming Obama for CDC problems, let's recall:

-Every Trump budget has proposed cutting CDC's budget. His OMB chief still backs cutting $1.2 billion this year

-Trump's 2017 hiring freeze left 700 CDC positions vacant

(From May 2017👇) https://t.co/q5hO0g9flt",1,CDC,NA,CDC,NA,CDC,NA
1238433166941130752,"As Trump tries blaming Obama for CDC problems, let's recall:

-Every Trump budget has proposed cutting CDC's budget. His OMB chief still backs cutting $1.2 billion this year

-Trump's 2017 hiring freeze left 700 CDC positions vacant

(From May 2017👇) https://t.co/q5hO0g9flt",2,Trump,D,Trump,NA,Trump,D
1437479985434988544,RT if you agree: we should pass @JoeBiden’s Build Back Better Agenda and make massive investments in the middle class—and we should do it by making corporations and the wealthy pay their fair share.,1,@JoeBiden,NA,@JoeBiden,NA,@JoeBiden,NA
1390738835798122496,"RT @btschartdata: US ARMYs, join us in a “Butter” pre-order party today at 4PM EST on https://t.co/t4WSqI974u

Keyword to trend: BUTTER MAY…",1,US ARMY,NA,US ARMY,NA,US ARMY,NA
1410757715345825792,"#Surfside collapse survivor said on a scale of 1-10, Biden’s visit w/ the families “was 100. It was fantastic.” “It was absolutely incredible. It was very uplifting.” 

Biden “talked to every single person (~200) in the room” &amp; listened for as long as each person wanted to talk. https://t.co/KBCMquwHiv",1,Biden,T,Biden,NA,Biden,T
1291178269539274752,"This is the most Joe Bideny video ever. Raybans, Corvette, a corny pun and an homage to his dad and Beau. Only thing missing is he doesn’t say “hey man,” anywhere in it, man. https://t.co/cMO2KWB9ln",1,Joe Biden,NA,Joe Biden,NA,Joe Biden,NA
1217227752937533440,RT @JasonKander: Just so we’re clear: The President ordered a guy killed and then made up a story about why. https://t.co/vnuGnr7TBk,1,President,D,President,D,President,D
1267769896194236416,"Trump using a church, NOT to pray or to read scripture. It was an awkard, PHOTO OP, where he held a Bible up in the air and pointed at it, like it was a Trump steak. People were pepper sprayed to make space for this. He is at best a mockery during this deeply depressing time.",1,Trump,D,Trump,D,Trump,D
1436872738833117184,"RT @BettyBowers: Profits from 9/11 Today:

Joe Biden: none
Barack Obama: none
Bill Clinton: none
George W. Bush: none
Donald J. Trump: His…",1,Joe Biden,NA,Joe Biden,NA,Joe Biden,NA
1436872738833117184,"RT @BettyBowers: Profits from 9/11 Today:

Joe Biden: none
Barack Obama: none
Bill Clinton: none
George W. Bush: none
Donald J. Trump: His…",2,Donald J. Trump,NA,Donald J. Trump,NA,Donald J. Trump,NA
1222551611639246848,"Trump’s lawyers gave thousands to Mitch McConnell, Lindsey Graham and Ted Cruz before the impeachment trial began https://t.co/8qW6LUEABU",2,Mitch McConnell,NA,Mitch McConnell,NA,Mitch McConnell,NA
1222551611639246848,"Trump’s lawyers gave thousands to Mitch McConnell, Lindsey Graham and Ted Cruz before the impeachment trial began https://t.co/8qW6LUEABU",3,Lindsey Graham,NA,Lindsey Graham,NA,Lindsey Graham,NA
1222551611639246848,"Trump’s lawyers gave thousands to Mitch McConnell, Lindsey Graham and Ted Cruz before the impeachment trial began https://t.co/8qW6LUEABU",4,Ted Cruz,NA,Ted Cruz,NA,Ted Cruz,NA
1356673765011165184,"RT @kylegriffin1: Fred Guttenberg to CNN on MTG:

""I want Kevin McCarthy to grow a spine today. He needs to do more than talk. And if we've…",2,Kevin McCarthy,NA,Kevin McCarthy,NA,Kevin McCarthy,NA
1354588973750915072,What Rand Paul’s Procedural Failure Says About Donald Trump’s Survival https://t.co/SFqTN1pOOi via @Yahoo,1,Donald Trump,NA,Donald Trump,NA,Donald Trump,NA
1357862916049965056,"I’ll let my old friend Bob have the last word on Trump and his followers, The challenges will persist but now is our time to fight our way out from Dystopia. One more round of applause for Alt-Govs, for you resistors new or old. Let’s stay connected. #robertantonwilson #politics https://t.co/qGgmNwF6jF",1,Trump,D,Trump,NA,Trump,NA
1366845161075015680,"@charliekirk11 Charlie, Charlie, Charlie. The entire world has been laughing at us for four years under Trump.",1,Trump,D,Trump,NA,Trump,NA
1313194519744122880,"I don't know POTUS condition, but in light of him tweeting that he feels the best he has in 20 years, it is worth noting that when we give high dose corticosteroids like dexamethasone, we warn patients to not be misled about here they are in recovery. Here's the label precaution https://t.co/toZFlTbDl7",1,POTUS,NA,POTUS,NA,POTUS,D
1420784872294027264,RT @amandadeibert: Remember when Senator Duckworth put a tiny blazer on her newborn so she wouldn’t violate Senate floor dress code? Or whe…,1,Senator Duckworth,NA,Senator Duckworth,NA,Senator Duckworth,NA
1420784872294027264,RT @amandadeibert: Remember when Senator Duckworth put a tiny blazer on her newborn so she wouldn’t violate Senate floor dress code? Or whe…,2,Senate,NA,Senate,NA,Senate,NA
1251190760013279232,"A good day to read this @gtconway3d piece about the president's mental health: 
https://t.co/gOSl3o389D",1,president,NA,president,NA,president,NA
1351624314160865280,"RT @HaikuStock: My governor, Greg Abbott, thinks it's disrespectful to ensure the safety of the inauguration. https://t.co/hlydlkzJGk",1,governor,NA,governor,NA,governor,NA
1351624314160865280,"RT @HaikuStock: My governor, Greg Abbott, thinks it's disrespectful to ensure the safety of the inauguration. https://t.co/hlydlkzJGk",2,Greg Abbott,NA,Greg Abbott,NA,Greg Abbott,NA
1314014952332632064,Kamala makes a great case about transparency. Mike Pence is there to obfuscate.,1,Mike Pence,D,Mike Pence,D,Mike Pence,D
1223784845232558080,"seriously in need of firing, and it had very little (if anything) to do with Hunter Biden. 
Volodymyr Zelensky, Ukraine's new President, has real problems that he has to deal with. His Government recently fired more than 500 prosecutors and his new Prosecutor-General is currently",1,President,NA,President,NA,President,NA
1223784845232558080,"seriously in need of firing, and it had very little (if anything) to do with Hunter Biden. 
Volodymyr Zelensky, Ukraine's new President, has real problems that he has to deal with. His Government recently fired more than 500 prosecutors and his new Prosecutor-General is currently",2,Government,NA,Government,NA,Government,NA
1320443706260992000,With 9 days to go Kamala is being dispatched to Texas to campaign in person. They definitely think it's winnable. Biden slightly ahead in most recent polls.,2,Biden,NA,Biden,NA,Biden,NA
1396073356714070016,"Ted Cruz insulted a 'woke, emasculated' U.S. Army ad. Angry veterans fired back.

""Perhaps a U.S. Senator shouldn't suggest that the *Russian* military is better than the American military.""
https://t.co/cwZspAxakn",1,U.S. Army,NA,U.S. Army,NA,U.S. Army,NA
1396073356714070016,"Ted Cruz insulted a 'woke, emasculated' U.S. Army ad. Angry veterans fired back.

""Perhaps a U.S. Senator shouldn't suggest that the *Russian* military is better than the American military.""
https://t.co/cwZspAxakn",2,Senator,NA,Senator,NA,Senator,NA
1352585143245025280,Lawyer for 'QAnon Shaman' says he feels 'duped' by Trump after not getting a pardon https://t.co/MUuQ8Xkqhi,1,Trump,NA,Trump,NA,Trump,NA
1207194284283375616,RT @funder: BREAKING: Senator Chris Murphy says he met privately with Ukrainian President Zelensky. Murphy makes it clear Zelensky felt pre…,1,President,NA,President,NA,President,NA
1207194284283375616,RT @funder: BREAKING: Senator Chris Murphy says he met privately with Ukrainian President Zelensky. Murphy makes it clear Zelensky felt pre…,2,Senator Chris Murphy,NA,Senator Chris Murphy,NA,Senator Chris Murphy,NA
1244062234923286528,RT @JoeBiden: Donald Trump’s ego will cost lives. https://t.co/JNcGny13KO,1,@JoeBiden,NA,@JoeBiden,NA,@JoeBiden,NA
1244062234923286528,RT @JoeBiden: Donald Trump’s ego will cost lives. https://t.co/JNcGny13KO,2,Donald Trump,D,Donald Trump,D,Donald Trump,D
1396581173887963136,"Thank you, @POTUS, for being an unwavering voice against hatred &amp; violence. Your signing the COVID-19 Hate Crimes Act into law sends a loud message across Georgia &amp; our nation that we will stand up to hate in all forms. #StopAsianHate https://t.co/S2mmont8zO",1,@POTUS,T,@POTUS,T,@POTUS,T
1398199245786783744,I am feeling a little down and depressed ia anyone up and would be willing to cheer me up I want my president back this really sucks a lot and yes I understand his rallies and stuff are coming back I just need some encourgment,1,president,T,president,NA,president,NA
1231277110200848384,"Obama said repeatedly Trump would never be president. When Trump became Republican nominee, Obama weaponized the most powerful agencies/offices in the world to stop him from winning, then to sabotage his incoming administration. Not one journo has asked him about it: https://t.co/YVXEEdXoKV",1,president,NA,president,NA,president,NA
1231277110200848384,"Obama said repeatedly Trump would never be president. When Trump became Republican nominee, Obama weaponized the most powerful agencies/offices in the world to stop him from winning, then to sabotage his incoming administration. Not one journo has asked him about it: https://t.co/YVXEEdXoKV",2,Trump,NA,Trump,NA,Trump,NA
1303898985896255488,"In Trump’s defense, he quite likely doesn’t know what the words “airborne” or “virus” or “deadly” or “America” mean.",1,Trump,D,Trump,D,Trump,D
1312085666797293568,RT @JoeBiden: I’m happy to report that Jill and I have tested negative for COVID. Thank you to everyone for your messages of concern. I hop…,1,@JoeBiden,NA,@JoeBiden,NA,@JoeBiden,NA
1267478952387411968,"I'm in touch with someone who's on the governors' call with President Trump right now. They and others listening in are alarmed. The president is urging governors to take back the streets, not be ""weak,"" and use force as the nation faces growing racial unrest.",1,President Trump,NA,President Trump,NA,President Trump,NA
1267478952387411968,"I'm in touch with someone who's on the governors' call with President Trump right now. They and others listening in are alarmed. The president is urging governors to take back the streets, not be ""weak,"" and use force as the nation faces growing racial unrest.",2,governors,NA,governors,NA,governors,NA
1267478952387411968,"I'm in touch with someone who's on the governors' call with President Trump right now. They and others listening in are alarmed. The president is urging governors to take back the streets, not be ""weak,"" and use force as the nation faces growing racial unrest.",3,president,NA,president,NA,president,NA
1290635470674722816,"Swan: ""I'm sure you've seen disturbing footage of people in fatigues beating the Navy veteran.""
Trump: ""No no no no no no. No. No. Here you go. Fake news.""
Swan: ""It's not fake news.""
Trump: ""No no.""
Swan: ""It's on video.""",1,Navy,NA,Navy,NA,Navy,NA
1290635470674722816,"Swan: ""I'm sure you've seen disturbing footage of people in fatigues beating the Navy veteran.""
Trump: ""No no no no no no. No. No. Here you go. Fake news.""
Swan: ""It's not fake news.""
Trump: ""No no.""
Swan: ""It's on video.""",2,Trump,NA,Trump,NA,Trump,NA
1294824568952168448,The President’s brother has died https://t.co/1ZjRftErtF,1,President,NA,President,NA,President,NA
1316838525493444608,"Unless Senator Ben Sasse puts his vote where his mouth is and comes out PUBLICLY in support of Joe Biden for President, this is all just impotent Romney-like noise. https://t.co/DLG2MEvjkT",1,Joe Biden,NA,Joe Biden,NA,Joe Biden,NA
1223035229130063872,"RT @funder: .@MittRomney-I just wanted to let you know if you vote against having witnesses, that will be all you are known for, for the re…",1,@MittRomney,NA,@MittRomney,NA,@MittRomney,NA
1252805105042157568,RT @notcapnamerica: Anyone wonder if the friend Trump mentioned that died was taking this drug? He hasn’t mentioned it in a while. https://…,1,Trump,NA,Trump,NA,Trump,NA
1335297206883127296,"No, let's not make Neal Katyal AG nor put him on SCOTUS.

Earlier this week he was trying to let companies off the hook for child slavery: https://t.co/XVO88eiFZQ

He's currently helping Wells Fargo evade responsibility for predatory loans: https://t.co/GY64JkLi1x

/1 https://t.co/sPpl1zpVHm",1,SCOTUS,NA,SCOTUS,NA,SCOTUS,NA
1290410908347445248,"President warns against “great embarrassment to our country.""",1,President,NA,President,NA,President,NA
1371962654215012352,"To my new followers, my name is Sean Perryman. I quit my law firm when it defended Trump and joined Elijah Cummings in investigating Trump instead.

I’m a Democrat and will be Virginia’s next LG. I have 18k followers. Help me get to 20k by retweeting and following this account.",1,Trump,NA,Trump,NA,Trump,NA
1339943702022774784,"RT @BBuchman_CNS: Just like that - Vice President Mike Pence has received his vaccination against Covid-19. 
This is a significant moment f…",1,Vice President Mike Pence,NA,Vice President Mike Pence,NA,Vice President Mike Pence,NA
1324931076792459264,How many UHAULS full of Biden's ballots will show up in Michigan at 4AM overnight? Guess it...price is right style.,1,Biden,NA,Biden,NA,Biden,D
1373282593202958336,"3) things are going as well as can be expected... #B117 variant surging in South Florida.

Why do we pretend nothing will happen? I didn’t suffer through a doctorate in epidemiology by age 23, just so that @GovRonDeSantis can pretend to govern. 

https://t.co/Nnn6oHIRSx",1,@GovRonDeSantis,D,@GovRonDeSantis,D,@GovRonDeSantis,NA
1328709992548098048,@realDonaldTrump Getting scared cause you're going to prison,1,@realDonaldTrump,NA,@realDonaldTrump,NA,@realDonaldTrump,D
1312383654484758528,"RT @VerySmartBros: If You're Happy President Trump Tested Positive for COVID-19, You're Just as Bad as He Is https://t.co/Yf9Zxv4wL3",1,President Trump,D,President Trump,NA,President Trump,NA
1319131029861400576,"RT @CNN: ""He can move voters. He is a persuasive figure. He is a reminder of what normalcy looks like,"" former White House press secretary…",1,White House,NA,White House,NA,White House,NA
1311713146743205888,".@PressSec is asked to clarify President Trump's statement about finding ballots in a river.

Full video here: https://t.co/OcSaWpGbAE https://t.co/80dITnyffb",1,President Trump,NA,President Trump,NA,President Trump,NA
1311713146743205888,".@PressSec is asked to clarify President Trump's statement about finding ballots in a river.

Full video here: https://t.co/OcSaWpGbAE https://t.co/80dITnyffb",2,@PressSec,NA,@PressSec,NA,@PressSec,NA
1312874686041128960,"RT @kurteichenwald: “I finally get Covid. Now let me do a photo op exposing the Secret Service and staff to the virus, and go out to wave a…",1,Secret Service,NA,Secret Service,NA,Secret Service,NA
1217982368499236864,Hate never goes away; it just hides. And when leaders give it oxygen — as Donald Trump has done — it comes roaring back. https://t.co/NsCSRzlWlk,1,Donald Trump,D,Donald Trump,D,Donald Trump,D
1320561258274250752,"Donald Trump is only 3 years younger than Biden but the way they ask these fucking questions (and only to Biden) you would think Biden is 157 and Donald Trump is 35.

It's such bullshit.

And do you like how they got the age stuff in during the show and AGAIN as credits rolled.",1,Donald Trump,NA,Donald Trump,NA,Donald Trump,NA
1320561258274250752,"Donald Trump is only 3 years younger than Biden but the way they ask these fucking questions (and only to Biden) you would think Biden is 157 and Donald Trump is 35.

It's such bullshit.

And do you like how they got the age stuff in during the show and AGAIN as credits rolled.",2,Biden,NA,Biden,NA,Biden,NA
1320743639857811456,"@FudgeMonkeyYT @ommyhassan @benabshari @509ShawnG @realDonaldTrump @JoeBiden Higher tariffs hurt the American consumer as much as if not more than Mexico. No, Mexico did not pay for the wall. YOU paid for it. All the taxpayers, who Trump lied to about who was going to pay for the wall, paid for it.",1,@realDonaldTrump,D,@realDonaldTrump,D,@realDonaldTrump,D
1320743639857811456,"@FudgeMonkeyYT @ommyhassan @benabshari @509ShawnG @realDonaldTrump @JoeBiden Higher tariffs hurt the American consumer as much as if not more than Mexico. No, Mexico did not pay for the wall. YOU paid for it. All the taxpayers, who Trump lied to about who was going to pay for the wall, paid for it.",2,@JoeBiden,NA,@JoeBiden,NA,@JoeBiden,NA
1242117059921825792,RT @amyklobuchar: My husband has coronavirus. I love him &amp; not being able to be by his side is one of the hardest things about this disease…,1,@amyklobuchar,NA,@amyklobuchar,NA,@amyklobuchar,NA
1424155411012333568,"@ReaganHentschel @RedState The Trump/ Anti-trump division is interesting, but it has NOTHING to do with this article. Even if he is anti-trump, we advance toward a shared goal of a free Republic governed by strict obedience to the constitution, not a bureaucracy governed by the blind following science.",1,Trump,NA,Trump,NA,Trump,NA
1324817182954524672,"RT @SkyNews: Mayor of Philadelphia Jim Kenney says Donald Trump needs to ""put his big boy pants on, he needs to acknowledge the fact that h…",1,Donald Trump,NA,Donald Trump,NA,Donald Trump,NA
1346919930596360192,"RT @LightSkinYagami: The land of opportunity...

The only country where you can literally storm the government Capitol building as a white…",1,government,NA,government,NA,government,NA
1287922366367105024,"So, @AOC just took to Instagram and raised $50,000 for immigrant families who've been frozen out of government help. Incredible. https://t.co/bzdWmdAALM",1,government,NA,government,NA,government,NA
1287922366367105024,"So, @AOC just took to Instagram and raised $50,000 for immigrant families who've been frozen out of government help. Incredible. https://t.co/bzdWmdAALM",2,@AOC,T,@AOC,NA,@AOC,NA
1278103433233551360,RT @TheRickWilson: So Much for Trump’s ‘Love’ of the Military https://t.co/eX6dkM4sOy via @BulwarkOnline,1,Trump,NA,Trump,NA,Trump,NA
1250621650892132352,"RT @DisavowTrump20: Today, far-right clowns protested Governor Gretchen Whitmer’s stay-at-home order outside the Michigan capitol building…",1,Governor Gretchen Whitmer,NA,Governor Gretchen Whitmer,NA,Governor Gretchen Whitmer,NA
1362726273437609984,"RT @ReallyAmerican1: NEW VIDEO📽️: While millions of Texans are without power, Senator Ted Cruz abandoned them to take a vacation in Cancun.…",1,Senator Ted Cruz,D,Senator Ted Cruz,D,Senator Ted Cruz,D
1360700946225848320,RT @_celia_bedelia_: Chuck Schumer should not be majority leader if he can’t stand up to Mitch McConnell’s bitch-ass.,1,Chuck Schumer,D,Chuck Schumer,NA,Chuck Schumer,NA
1360700946225848320,RT @_celia_bedelia_: Chuck Schumer should not be majority leader if he can’t stand up to Mitch McConnell’s bitch-ass.,2,Mitch McConnell,NA,Mitch McConnell,D,Mitch McConnell,NA
1326911300140724224,We epidemiologists never been more sad during #COVID19. It’s like watching Trump piloting a plane ✈️ and neglect to steer it from an impending crash with 330 mil Americans aboard—all while us epidemiologists are banging on the cockpit door in vain to try to make him listen. https://t.co/0JH9PYGjH1,1,Trump,D,Trump,D,Trump,D
1252741838802477056,RT @politico: A malaria drug widely touted by Trump for treating the new coronavirus showed no benefit in a large analysis of its use in U.…,1,Trump,NA,Trump,NA,Trump,NA
1296245738637123584,"RT @FBI: The FBI often receives information from members of the public, which is captured in our permanent files and released under FOIA la…",1,FBI,NA,FBI,NA,FBI,NA
1424924775319842816,"@fred_guttenberg @GovRonDeSantis Boy, we sure have lowered the bar for our elected leaders when the best thing we can say is they have the potential to be competent.",1,@GovRonDeSantis,NA,@GovRonDeSantis,NA,@GovRonDeSantis,NA
1287610142582743040,RT @socalaura: @ChidiNwatu @realDonaldTrump @FoxNews Defeated after his followers stop coming to rallies. Gives up on fighting Covid-19. Th…,1,@realDonaldTrump,NA,@realDonaldTrump,NA,@realDonaldTrump,NA
1285702008540987392,"RT @DWUhlfelderLaw: Florida Republican Senator Rick Scott wants schools open, but said on Fox Business Network today that his grandchildren…",1,Senator Rick Scott,NA,Senator Rick Scott,NA,Senator Rick Scott,NA
1348666644252434432,RT @bhweingarten: It’s never really been about Trump. Sure they hated him as an individual. But what they really hated was the threat he po…,1,Trump,NA,Trump,NA,Trump,NA
1419062506740408320,Congress MUST Now Investigate FBI/Kavanaugh Tips to See What The White House Knew and When It Knew It. The end of the Kavanaugh story has yet to be written. #JusticeMatters https://t.co/uM16zpWGqg via @YouTube,1,Congress,NA,Congress,NA,Congress,NA
1419062506740408320,Congress MUST Now Investigate FBI/Kavanaugh Tips to See What The White House Knew and When It Knew It. The end of the Kavanaugh story has yet to be written. #JusticeMatters https://t.co/uM16zpWGqg via @YouTube,2,FBI,NA,FBI,NA,FBI,D
1419062506740408320,Congress MUST Now Investigate FBI/Kavanaugh Tips to See What The White House Knew and When It Knew It. The end of the Kavanaugh story has yet to be written. #JusticeMatters https://t.co/uM16zpWGqg via @YouTube,3,White House,NA,White House,NA,White House,NA
1307045470909485056,"@seanspicer @JoeBiden Sean, seriously,  no one cares what you have to say.",1,@JoeBiden,NA,@JoeBiden,NA,@JoeBiden,NA
1256968475991367680,@realDonaldTrump It’s been a 3 1/2 year plague that will end in November,1,@realDonaldTrump,NA,@realDonaldTrump,D,@realDonaldTrump,NA
1314063701880705024,Let’s be honest @JoeBiden picked Kamala because she is supposedly black and it showed tonight! Pence owned her the entire debate. She is a horrible candidate and is not likeable to whites or blacks!,1,@JoeBiden,NA,@JoeBiden,D,@JoeBiden,NA
1314063701880705024,Let’s be honest @JoeBiden picked Kamala because she is supposedly black and it showed tonight! Pence owned her the entire debate. She is a horrible candidate and is not likeable to whites or blacks!,2,Kamala,D,Kamala,D,Kamala,NA
1314063701880705024,Let’s be honest @JoeBiden picked Kamala because she is supposedly black and it showed tonight! Pence owned her the entire debate. She is a horrible candidate and is not likeable to whites or blacks!,3,Pence,T,Pence,NA,Pence,NA
1450325398546489344,"After his death, one girl was 13 when Epstein raped her she looked up at the walls and saw the pictures of all these famous people. He took her virginity and she had to say how wonderful he was after. Freaks and rapists. Trump KNEW. They were friends https://t.co/3l5K5j1CTR",1,Trump,D,Trump,D,Trump,D
1260254073078657024,"Our president is out every single day talking and working with others, yet @JoeBiden is hiding in his basement. Which kind of president do y'all want?",1,president,NA,president,T,president,T
1260254073078657024,"Our president is out every single day talking and working with others, yet @JoeBiden is hiding in his basement. Which kind of president do y'all want?",2,@JoeBiden,D,@JoeBiden,D,@JoeBiden,D
1268167411230007296,"In 3 1/2 years, I’ve done much more for our Black population than Joe Biden has done in 43 years. Actually, he set them back big time with his Crime Bill, which he doesn’t even remember. I’ve done more for Black Americans, in fact, than any President in U.S. history, with...",1,Joe Biden,D,Joe Biden,D,Joe Biden,D
1268167411230007296,"In 3 1/2 years, I’ve done much more for our Black population than Joe Biden has done in 43 years. Actually, he set them back big time with his Crime Bill, which he doesn’t even remember. I’ve done more for Black Americans, in fact, than any President in U.S. history, with...",2,President,NA,President,NA,President,NA
1312978893054177280,"RT @Boss33Leah: Who ELSE agrees it's time for the media to forget about trump's covid media stunts and get back to his tax returns, abysmal…",1,trump,NA,trump,NA,trump,NA
1450467701311385600,"RT @FPWellman: Donald Trump is a deeply broken psychotic loser. No one will say nice things about him when he’s dead. He will die broke, al…",1,Donald Trump,D,Donald Trump,D,Donald Trump,D
1318681999201259520,@realDonaldTrump Electoral intrusion 🤔,1,@realDonaldTrump,NA,@realDonaldTrump,NA,@realDonaldTrump,NA
1266413680465412096,Are you okay with the President regulating Twitter?,1,President,NA,President,NA,President,NA
1264984401361936384,RT @EdwardBeebout: @realDonaldTrump I would call riding around in a golf cart all day VERY little exercise. Which is one reason why you are…,1,@realDonaldTrump,NA,@realDonaldTrump,NA,@realDonaldTrump,NA
1316809817294606336,@bttr_as1 @MarshaBlackburn @senjudiciary @Twitter @jack I wish we could end her term.,1,@MarshaBlackburn,NA,@MarshaBlackburn,D,@MarshaBlackburn,NA
1272935526123876352,NOT TRUE what @realDonaldTrump  said that @BarackObama &amp;  @JoeBiden did nothing! The Obama admin had 21st Century Policing enforced by the DOJ &amp; its Civil Rights Division. Pattern &amp; Practice &amp; body cams were part of the accountability then. Trump abolished the Civil Rights office,1,@realDonaldTrump,D,@realDonaldTrump,D,@realDonaldTrump,NA
1272935526123876352,NOT TRUE what @realDonaldTrump  said that @BarackObama &amp;  @JoeBiden did nothing! The Obama admin had 21st Century Policing enforced by the DOJ &amp; its Civil Rights Division. Pattern &amp; Practice &amp; body cams were part of the accountability then. Trump abolished the Civil Rights office,2,@JoeBiden,NA,@JoeBiden,T,@JoeBiden,NA
1272935526123876352,NOT TRUE what @realDonaldTrump  said that @BarackObama &amp;  @JoeBiden did nothing! The Obama admin had 21st Century Policing enforced by the DOJ &amp; its Civil Rights Division. Pattern &amp; Practice &amp; body cams were part of the accountability then. Trump abolished the Civil Rights office,3,DOJ,NA,DOJ,NA,DOJ,NA
1272935526123876352,NOT TRUE what @realDonaldTrump  said that @BarackObama &amp;  @JoeBiden did nothing! The Obama admin had 21st Century Policing enforced by the DOJ &amp; its Civil Rights Division. Pattern &amp; Practice &amp; body cams were part of the accountability then. Trump abolished the Civil Rights office,4,Trump,D,Trump,D,Trump,NA
1308412582240419840,"RT @RVAT2020: Must Watch: Bruce (OH) voted for Trump in 2016...

""I spent 32 years as a union millwright. I like people that are straight-t…",1,Trump,NA,Trump,NA,Trump,NA
1278199043420610560,"I want to say again ...do not get comfortable with the polls
He was behind last time too ...
I think a  lot of trump stumpers don’t answer surveys 
But they vote .
Which makes for surprises 
And they’re going to cheat
And the Russians will try to mess it up any way they can",1,trump,NA,trump,NA,trump,NA
1313091322274865152,"He has weakened our vital institutions &amp; the perceptions of American power.
He has embraced isolationism, and conspiracy.
He stokes unrest.

The national security crisis isn’t that Trump is sick.
The crisis is that he is president.

Via @RenewGreatPower 

https://t.co/jMMq06snzh",1,president,D,president,D,president,NA
1313091322274865152,"He has weakened our vital institutions &amp; the perceptions of American power.
He has embraced isolationism, and conspiracy.
He stokes unrest.

The national security crisis isn’t that Trump is sick.
The crisis is that he is president.

Via @RenewGreatPower 

https://t.co/jMMq06snzh",2,Trump,D,Trump,D,Trump,D
1281364857334398976,"@realDonaldTrump Obama: Zero Indictments
Trump: 14 Indictments",2,Trump,D,Trump,D,Trump,NA
1252349015343067136,RT @AprilDRyan: Should #StayAtHome protestors who endanger other Americans by not following @CDCgov guidelines about physical distancing be…,1,@CDCgov,NA,@CDCgov,T,@CDCgov,NA
1245074157584474112,"Trump lied, denied, and wouldn't send supplies. It's a lethal combo. #Mitchplease #moscowmitchmctreason #MoscowMitchMCConnell https://t.co/EpLmyQOc4N",1,Trump,D,Trump,D,Trump,D
1342950512220643328,"One of the most terrifyin' epiphanies you may experience this Christmas season is realizin' a United States ""President"" is withholdin' comment about a terrorist attack until he knows if the attacker supports him or not.",1,President,D,President,D,President,D
1325554412551593984,"Joe Biden is calling for unity. That’s nice. I look forward to his condemnation of Michelle Obama, who suggested that 70 million Americans who didn’t vote for Biden supported “lies, hate, chaos and division” in order to vote for the “status quo.”",1,Joe Biden,NA,Joe Biden,T,Joe Biden,NA
1216814637569712128,"I just called @FEMA in Washington DC to find out if there was a status update on whether or not President Trump will sign the major disaster declaration request for Puerto Rico, due to ongoing, damaging earthquakes.

I was told: ""it's still under consideration:""",1,President Trump,NA,President Trump,D,President Trump,NA
1216814637569712128,"I just called @FEMA in Washington DC to find out if there was a status update on whether or not President Trump will sign the major disaster declaration request for Puerto Rico, due to ongoing, damaging earthquakes.

I was told: ""it's still under consideration:""",2,@FEMA,NA,@FEMA,NA,@FEMA,NA
1276956673458962432,"@TomJChicago I mean, I kinda feel bad for him and am more angry at the people around him, who must know but either cover for him or allow him to remain POTUS.",1,POTUS,NA,POTUS,NA,POTUS,NA
1431040709138780160,'We will hunt you down and make you pay': Biden vows justice for US Marines killed by ISIS-K - Raw Story - Celebrating 17 Years of Independent Journalism https://t.co/yHOcSnNuxg,1,Biden,NA,Biden,NA,Biden,NA
1264568499042750464,"@realDonaldTrump 100,000 Americans dead.

2,000,000 infected.

40,000,000 unemployed.

1 golfing.

You should resign in disgrace, Donald. Today. 

#TrumpGolfsYouDie
https://t.co/mClVYGV65C",1,@realDonaldTrump,D,@realDonaldTrump,D,@realDonaldTrump,D
1268268556141166592,"RT @BarackObama: And third, an extraordinary essay by the former Chairman of the Joint Chiefs of Staff of the U.S. Armed Forces, Mike Mulle…",1,Joint Chiefs of Staff,NA,Joint Chiefs of Staff,NA,Joint Chiefs of Staff,NA
1290092070493855744,@RKJ65 @realDonaldTrump GASP!,1,@realDonaldTrump,NA,@realDonaldTrump,NA,@realDonaldTrump,NA
1250100597963075584,Don’t lecture the rest of us Senator. Get some balls. Address this publicly &amp; directly to Donald Trump. https://t.co/iQSFXkPi6R,1,Donald Trump,NA,Donald Trump,NA,Donald Trump,NA
1250100597963075584,Don’t lecture the rest of us Senator. Get some balls. Address this publicly &amp; directly to Donald Trump. https://t.co/iQSFXkPi6R,2,Senator,NA,Senator,D,Senator,NA
1295133234637025280,"Here’s my promise to you: If I’m elected president, I will always choose to unite rather than divide. 

I’ll take responsibility instead of blaming others. 

I’ll never forget that the job isn’t about me — it’s about you.",1,president,NA,president,NA,president,NA
1416427752618668032,"RT @pilitobar46: .@POTUS statement on #DACA decision 👇🏽

“DOJ intends to appeal this decision. As the court recognized, @DHSgov plans to is…",1,@POTUS,NA,@POTUS,NA,@POTUS,NA
1416427752618668032,"RT @pilitobar46: .@POTUS statement on #DACA decision 👇🏽

“DOJ intends to appeal this decision. As the court recognized, @DHSgov plans to is…",2,DOJ,NA,DOJ,NA,DOJ,NA
1416427752618668032,"RT @pilitobar46: .@POTUS statement on #DACA decision 👇🏽

“DOJ intends to appeal this decision. As the court recognized, @DHSgov plans to is…",3,@DHSgov,NA,@DHSgov,NA,@DHSgov,NA
1301339633138106368,"Can you help us get 5,000 retweets on this tonight? Exciting news: We are going up on TV with our ads that are devastating for Trump next week in Pennsylvania, Iowa and Georgia. Thank you to everyone stepping up!",1,Trump,NA,Trump,NA,Trump,NA
1295933524386574336,"Because unlike the President of the United States, we understand that we're expected to play by the rules. Candidates that come to the convention over a delegate threshold receive a nomination. Senator Sanders did, so he gets a nomination. It's unity and respect, not division. https://t.co/H2aRx2iBNV",1,President,D,President,D,President,D
1305051050383233024,"Well, just one more reason why, after Biden wins in November, ALL major corporations need to start being torn apart &amp; minimized, so as to get rid of every major corporation that can have an impact on the economy.

#TooBigToFail actually means #TooBigToExist https://t.co/nvBBKzk59w",1,Biden,D,Biden,NA,Biden,NA
1463673849132822528,Weakening someone else’s rights weakens your rights as well. Giving the government the power to silence one viewpoint gives it the power to silence your viewpoint. The other side would love that power. https://t.co/5NVsD32c7O,1,government,NA,government,NA,government,NA
1316182399152078848,"RT @mishacollins: 🚨Stop what you’re doing &amp; complete the Census now! 🚨

Trump just won a Supreme Court case to shut it down prematurely. Th…",1,Supreme Court,NA,Supreme Court,NA,Supreme Court,NA
1316182399152078848,"RT @mishacollins: 🚨Stop what you’re doing &amp; complete the Census now! 🚨

Trump just won a Supreme Court case to shut it down prematurely. Th…",2,Trump,NA,Trump,NA,Trump,NA
1316926929690394624,"While we're speaking about Mr. Rogers, watch this clip from 1969 of him testifying in front of the U.S. Senate Subcommittee on Communication to prevent budget cuts to public television.

After a heartfelt six minutes, he convinces the chairman to not cut the budget. https://t.co/djbrMyUAWc",1,Senate,NA,Senate,NA,Senate,NA
1428008469924220928,"Trinity Mount Ministries - NCMEC - AMBER Alerts - Active Missing Children Posters - UPDATE II - 08/18/2021

https://t.co/lQU9GnNHU3

#TrinityMountMinistries #NCMEC #AMBERAlerts #MissingChildren #ChildSafety #OnlineSafety #CyberTipline #ReportAbuse #DOJ #FBI #BrettFletcher https://t.co/c1jyjT4HM5",1,DOJ,NA,DOJ,NA,DOJ,NA
1428008469924220928,"Trinity Mount Ministries - NCMEC - AMBER Alerts - Active Missing Children Posters - UPDATE II - 08/18/2021

https://t.co/lQU9GnNHU3

#TrinityMountMinistries #NCMEC #AMBERAlerts #MissingChildren #ChildSafety #OnlineSafety #CyberTipline #ReportAbuse #DOJ #FBI #BrettFletcher https://t.co/c1jyjT4HM5",2,FBI,NA,FBI,NA,FBI,NA
1363957885470990336,"RT @DemocracyDocket: ⚖️A case 8 years in the making, Brnovich v. DNC is the biggest election case this #SCOTUS term. Here’s everything you…",1,SCOTUS,NA,SCOTUS,NA,SCOTUS,NA
1326600265160536064,@timruss2 @JeriLRyan trump supporters will give him as much cooperation as they got,1,trump,NA,trump,NA,trump,NA
1391146053676720128,"RT @PoliticusSarah: House Republicans recently hid Trump’s bad polling number in core House districts from their own members.

https://t.co…",1,House Republicans,D,House Republicans,D,House Republicans,D
1391146053676720128,"RT @PoliticusSarah: House Republicans recently hid Trump’s bad polling number in core House districts from their own members.

https://t.co…",2,Trump,NA,Trump,NA,Trump,NA
1452605821141938176,@POTUS puppies? China virus from wuhan? Come on man. Fire Fauci.,1,@POTUS,NA,@POTUS,NA,@POTUS,NA
1349439159061127168,RT @DWUhlfelderLaw: Twitter locks account of congresswoman who live-tweeted about Nancy Pelosi's location during riot  https://t.co/hSAkBgV…,1,Nancy Pelosi,NA,Nancy Pelosi,NA,Nancy Pelosi,NA
1378568155484848128,"@PollsterPatrick @HMHNewJersey Because we are entering the third wave and CDC has given them that option; we're racing against time and I'm not confident, at all, that it's going to go well. 

Good luck with your vaccine.",1,CDC,NA,CDC,NA,CDC,NA
1224780166725087232,BREAKING! McConnell orders special toilet paper to celebrate Senate’s pending acquittal of trump. #MoscowMitchTraitor #GOPCoverup https://t.co/SzohD1vu9K,1,Senate,NA,Senate,D,Senate,NA
1224780166725087232,BREAKING! McConnell orders special toilet paper to celebrate Senate’s pending acquittal of trump. #MoscowMitchTraitor #GOPCoverup https://t.co/SzohD1vu9K,2,trump,NA,trump,D,trump,NA
1341549161498423296,"RT @YAppelbaum: 3. “Trump is a war-crimes enthusiast,” writes @AdamSerwer, adding that the president seeks to ""forge the [military] into a…",1,president,NA,president,NA,president,D
1341549161498423296,"RT @YAppelbaum: 3. “Trump is a war-crimes enthusiast,” writes @AdamSerwer, adding that the president seeks to ""forge the [military] into a…",2,Trump,NA,Trump,NA,Trump,D
1343975743693307904,RT @MICHELLEBUDZ: @gartmartin9 @kylegriffin1 Trump always knew Mitch would block it too. He wanted to look like the good guy that he isn't.,1,Trump,D,Trump,NA,Trump,D
1223770716308418560,Here’s how things look in Cedar Rapids at tonight’s @BernieSanders rally. Easily the biggest crowd since Queens back in October. https://t.co/07nFQqD4SM,1,@BernieSanders,NA,@BernieSanders,NA,@BernieSanders,NA
1266831743421685760,I wonder when Trump is gonna run out of KKK talking points. Looting is not an offense for which people should be shot on sight. That’s fascism. Pretty blatant. Where are the “small government” conservatives? Awfully quiet.,1,government,NA,government,D,government,NA
1266831743421685760,I wonder when Trump is gonna run out of KKK talking points. Looting is not an offense for which people should be shot on sight. That’s fascism. Pretty blatant. Where are the “small government” conservatives? Awfully quiet.,2,Trump,D,Trump,D,Trump,D
1267245799844524032,RT @YourAnonCentral: #Anonymous offensive against Trump and the U.S. police to stop systematic impunity and the rampant state-sanctioned st…,1,Trump,NA,Trump,D,Trump,NA
1335758014536708096,@senatemajldr https://t.co/jKNbDvBjVy,1,@senatemajldr,NA,@senatemajldr,NA,@senatemajldr,NA
1213265064469229568,"RT @marcorubio: Recent strike triggered a fresh debate in Congress about War Powers? 

Why?

@potus doesn’t need approval from Congress to…",1,Congress,NA,Congress,NA,Congress,NA
1326404051576172544,RT @koslen_bambi: Easy the only candidates willing to represent the “Republican Party of Trump” are from a pool of criminals and crooks wil…,1,Trump,NA,Trump,D,Trump,NA
1429870006473531392,@greta Rushed approval isn't legitimate. It only makes me less likely to get it since the FDA no longer cares about the science,1,FDA,D,FDA,D,FDA,D
1401314089406767104,"RT @SenSchumer: WATCH: I'm talking with @SenGianaris, Bishop @MitchellGTaylor and @UrbanUpbound_NY, and @KBainNYC in Queens about how we're…",1,@SenSchumer,NA,@SenSchumer,NA,@SenSchumer,NA
1260608880465399808,@realDonaldTrump https://t.co/hUGUPzqStZ,1,@realDonaldTrump,NA,@realDonaldTrump,NA,@realDonaldTrump,NA
1335288951704231936,"RT @SethAbramson: FACTS (1 of 2)

1️⃣ Trump is committing mass wire fraud. He's raised $208 million for an ""Election Defense Fund,"" but onl…",1,Trump,D,Trump,D,Trump,D
1332711378596061184,RT @RepDavids: Kansas small businesses need our support more than ever in these tough times. Remember to #ShopSmall and support our local e…,1,@RepDavid,NA,@RepDavid,NA,@RepDavid,NA
1310358619280543744,"@LarrySabato Basically,  the President of the United States is so bankrupt that, if he were any other appointee, he would not be able to get a security clearance &amp; would be a national security risk.",1,President,D,President,D,President,NA
1324711742774026240,"RT @PpollingNumbers: BREAKING NEWS:
Joe Biden has been elected the 46th President of the United States of America.

Via @DecisionDeskHQ",1,Joe Biden,NA,Joe Biden,NA,Joe Biden,NA
1324711742774026240,"RT @PpollingNumbers: BREAKING NEWS:
Joe Biden has been elected the 46th President of the United States of America.

Via @DecisionDeskHQ",2,President,NA,President,NA,President,NA
1402360519806365696,"Under the #CancerSucks category, a friend's 25 yo son was just diagnosed with testicular cancer &amp; HAS NO HEALTH INSURANCE! I have no words for the range of emotions this elicits in me. #MedicareForAll so young fathers of 3 kids don't have to have a fund drive to get treatment.",1,Medicare,NA,Medicare,NA,Medicare,NA
1325188254166097920,"@BeschlossDC You ARE enemies of the people, Mike. You just helped a senile man owned by the CCP become President. And you couldn't even do it legitimately. You needed fake ballots and bullsh-t polls to pull if off.",1,President,NA,President,D,President,D
1276380722912096256,"@KhrissyKitten @TheCollectiveQ @POTUS The country is circling the drain. The GOP had the majority in both houses for 6 years, 2 of them with trump in power. How in the world is everything going wrong on the Dems while any tiny success is 100% trump's genius?",1,@POTUS,NA,@POTUS,D,@POTUS,NA
1276380722912096256,"@KhrissyKitten @TheCollectiveQ @POTUS The country is circling the drain. The GOP had the majority in both houses for 6 years, 2 of them with trump in power. How in the world is everything going wrong on the Dems while any tiny success is 100% trump's genius?",2,trump,NA,trump,D,trump,NA
1270695174654566400,"Washington, D.C., National Guardsmen test positive for COVID-19 https://t.co/tr08ROd57s via @TODAYshow 
Well, we saw this coming, didn't we ???",1,National Guard,NA,National Guard,NA,National Guard,NA
1325640882796761088,"Biden team has only 10 weeks to complete a massive transition.  By his childish antics, Trump threatens to gum up the works &amp; delay help for tens of millions of Americans.  No President in history has been more selfish.  @CNN",2,Biden,NA,Biden,NA,Biden,NA
1276312446307721216,@realDonaldTrump The news media has stopped covering all of your stupidity because it is NO LONGER NEWS!,1,@realDonaldTrump,D,@realDonaldTrump,D,@realDonaldTrump,D
1301841726307475456,"RT @JoeBiden: Here’s my promise to you: If I have the honor of serving as the next commander in chief, I will ensure that our American hero…",1,@JoeBiden,NA,@JoeBiden,NA,@JoeBiden,NA
1349946665180962816,"Watch ""Katniss Everdeen kill President Alma Coin (The Hunger Games Mockingjay Part 2)"" on YouTube
https://t.co/jKveSY9lCZ",1,President,NA,President,NA,President,NA
1262852407412883456,"BREAKING:  A US Federal Judge has just allowed a lawsuit accusing President Trump and his 3 children of preying on investors, to proceed.

The Judge has DENIED the request of #PresidentPlump for a stay.",1,President Trump,NA,President Trump,NA,President Trump,D
1289241881537392640,"NEW from CDC: #COVID19 outbreak at an overnight camp in Georgia infects *at least* 260 campers &amp; staff.
-51% of positives 6-10yo
-44% 11-17 yo
-Camp required a test &lt;12 days before arriving &amp; attempted ""pods""
-Masks required for staff but NOT campers
(1/2)",1,CDC,NA,CDC,NA,CDC,NA
1336187640589111296,@EvanAKilgore @realDonaldTrump No... it's over,1,@realDonaldTrump,NA,@realDonaldTrump,NA,@realDonaldTrump,NA
1278170674100686848,"Ladies and Gentlemen,  in the last week we've learned that the President of the United States can sometimes drink water with one hand, can toddle down a handicap ramp and can read. Is that the extent of it, or is there more?",1,President,NA,President,D,President,D
1305521751238025216,"Even Joe Biden knows it is safe to vote in person!
https://t.co/tMKfJvUjsL",1,Joe Biden,NA,Joe Biden,NA,Joe Biden,NA
1431060188526694400,"Donald Trump sent a gang of terrorists to attack the US because he lost an election. 

Don’t really give a shit what he thinks about Afghanistan.",1,Donald Trump,D,Donald Trump,D,Donald Trump,D
1304674474818785280,"Imagine a doctor hiding your cancer diagnosis because he ""didn't want to panic you,"" and then you die, even though you could've lived with proper treatment. That’s exactly what your president did with COVID-19.",1,president,D,president,D,president,D
1405301021224673280,@TomiLahren Putin became DELIGHTED the moment mentally unstable Trump gave him a free pass for interfering in our elections.,1,Trump,D,Trump,D,Trump,D
1252441174633218048,"Trump’s immigration EO is expected to include exceptions for migrant farmworkers, who make up about a tenth of the workforce on U.S. farms, and health-care workers, particularly those helping treat coronavirus patients. 
https://t.co/220oF1A3Cw",1,Trump,NA,Trump,NA,Trump,NA
1370934301123051520,"RT @VP: Today, I #SayHerName. Breonna Taylor. Her life and her dreams were needlessly cut short. @POTUS and I will continue to push for pol…",1,@VP,NA,@VP,NA,@VP,NA
1370934301123051520,"RT @VP: Today, I #SayHerName. Breonna Taylor. Her life and her dreams were needlessly cut short. @POTUS and I will continue to push for pol…",2,@POTUS,NA,@POTUS,NA,@POTUS,NA
1336903466711724032,"You guys, who knew that all we had to do if we didn't like the results of the 2016 election was to file 100 crazy lawsuits and just claim fraud and we won, Hillary would have been President. Let's just redo 2016.🙄",1,President,NA,President,NA,President,NA
1341411941433094144,That latest Trump tweet one big lie. Not an ounce of truth in those election claims.,1,Trump,NA,Trump,D,Trump,NA
1352677550816972800,"What was done to small businesses in this nation to prevent Trump from winning an election is one of the most criminally reprehensible things history has ever seen.

Businesses should refuse service to every politician that pushed the lockdowns.",1,Trump,NA,Trump,NA,Trump,NA
1288254606967861248,RT @harrylitman: #PaulFishman in current @talkingfedspod: Perhaps the most damaging aspect of Trump presidency is his deep deep  effort to…,1,Trump,D,Trump,NA,Trump,NA
1261309473085325312,RT @RMConservative: What ever happened to those promised DOJ lawsuits against governor fascists?,1,DOJ,NA,DOJ,D,DOJ,NA
1261309473085325312,RT @RMConservative: What ever happened to those promised DOJ lawsuits against governor fascists?,2,governor,NA,governor,NA,governor,D
1296810591131181056,"Congress must pass legislation right now to force Postmaster DeJoy to return the USPS to its full capacity.

Pass it on.",1,Congress,NA,Congress,NA,Congress,NA
1296810591131181056,"Congress must pass legislation right now to force Postmaster DeJoy to return the USPS to its full capacity.

Pass it on.",2,USPS,NA,USPS,NA,USPS,NA
1296810591131181056,"Congress must pass legislation right now to force Postmaster DeJoy to return the USPS to its full capacity.

Pass it on.",3,Postmaster DeJoy,NA,Postmaster DeJoy,NA,Postmaster DeJoy,NA
1215292543547707392,@realDonaldTrump Are you really taking credit for cancer reduction? You really need to be hospitalized for your delusions which are getting bigger by the day. I hope someone helps you soon before you blow us all up,1,@realDonaldTrump,D,@realDonaldTrump,D,@realDonaldTrump,D
1346685732363116544,"@nathanwall03674 @sunrisemvmt A new approach is needed, outside the two party racket. Support for Biden did more damage for progress than what four years of Trump couldn't do",1,Biden,D,Biden,D,Biden,NA
1346685732363116544,"@nathanwall03674 @sunrisemvmt A new approach is needed, outside the two party racket. Support for Biden did more damage for progress than what four years of Trump couldn't do",2,Trump,NA,Trump,NA,Trump,NA
1288261133011488768,@EugJHawk @LouDobbs @realDonaldTrump What are you whining about? You dont have to take Hydroxychloriquine if you dont want to to. You can suffer! It's your right. But you are not allowed to tell me I cant take it. You nutcase.,1,@realDonaldTrump,NA,@realDonaldTrump,NA,@realDonaldTrump,NA
1254935952642002944,RT @KamVTV: Why is the media silent and ignoring Joe Biden’s sexual assault accusation?,1,Joe Biden,NA,Joe Biden,D,Joe Biden,NA
1292645025046843392,RT @joncoopertweets: FUN FACT: Trump announced that he plans to end Social Security if he’s re-elected.,1,Trump,NA,Trump,NA,Trump,NA
1314256495983259648,@davidlipson @abcnews @realDonaldTrump Still going to ignore the existence of these domestic terror groups??,1,@realDonaldTrump,D,@realDonaldTrump,D,@realDonaldTrump,NA
1310203238822686720,"Breaking—A person who attended Trump’s Michigan rally just tested positive for coronavirus after Saginaw-area rally, Michigan officials say. 10,000 attended the partially-indoor MAGA rally. #COVID19. 

➡️We epidemiologists warned it was a risky gathering. https://t.co/YzlqX2KbVW",1,Trump,NA,Trump,D,Trump,NA
1306649474534715392,Peter Strzok: 'I believe that the president is compromised by the Russians' @petestrzok @MSNBC https://t.co/800nfsLYic,1,president,NA,president,NA,president,NA
1360473959150460928,"When their time comes, we need to primary Rand Paul, Ted Cruz, Josh Hawley, Tommy Tuberville, Kevin McCarthy, Marco Rubio, Jim Jordan, Devin Nunes, John Cornyn, Ron Johnson, and Mike Lee. This can be done within the next 6 years. These men should not be in positions of power.",1,Rand Paul,D,Rand Paul,D,Rand Paul,NA
1360473959150460928,"When their time comes, we need to primary Rand Paul, Ted Cruz, Josh Hawley, Tommy Tuberville, Kevin McCarthy, Marco Rubio, Jim Jordan, Devin Nunes, John Cornyn, Ron Johnson, and Mike Lee. This can be done within the next 6 years. These men should not be in positions of power.",2,Ted Cruz,D,Ted Cruz,D,Ted Cruz,NA
1360473959150460928,"When their time comes, we need to primary Rand Paul, Ted Cruz, Josh Hawley, Tommy Tuberville, Kevin McCarthy, Marco Rubio, Jim Jordan, Devin Nunes, John Cornyn, Ron Johnson, and Mike Lee. This can be done within the next 6 years. These men should not be in positions of power.",3,Josh Hawley,D,Josh Hawley,D,Josh Hawley,NA
1360473959150460928,"When their time comes, we need to primary Rand Paul, Ted Cruz, Josh Hawley, Tommy Tuberville, Kevin McCarthy, Marco Rubio, Jim Jordan, Devin Nunes, John Cornyn, Ron Johnson, and Mike Lee. This can be done within the next 6 years. These men should not be in positions of power.",4,Tommy Tuberville,D,Tommy Tuberville,D,Tommy Tuberville,NA
1360473959150460928,"When their time comes, we need to primary Rand Paul, Ted Cruz, Josh Hawley, Tommy Tuberville, Kevin McCarthy, Marco Rubio, Jim Jordan, Devin Nunes, John Cornyn, Ron Johnson, and Mike Lee. This can be done within the next 6 years. These men should not be in positions of power.",5,Kevin McCarthy,D,Kevin McCarthy,D,Kevin McCarthy,NA
1360473959150460928,"When their time comes, we need to primary Rand Paul, Ted Cruz, Josh Hawley, Tommy Tuberville, Kevin McCarthy, Marco Rubio, Jim Jordan, Devin Nunes, John Cornyn, Ron Johnson, and Mike Lee. This can be done within the next 6 years. These men should not be in positions of power.",6,Marco Rubio,D,Marco Rubio,D,Marco Rubio,NA
1360473959150460928,"When their time comes, we need to primary Rand Paul, Ted Cruz, Josh Hawley, Tommy Tuberville, Kevin McCarthy, Marco Rubio, Jim Jordan, Devin Nunes, John Cornyn, Ron Johnson, and Mike Lee. This can be done within the next 6 years. These men should not be in positions of power.",7,Jim Jordan,D,Jim Jordan,D,Jim Jordan,NA
1434702051892736000,"An interesting theory by ⁦@tribelaw⁩ - Texas abortion law as a federal criminal civil rights violation, prosecutable by DOJ.  https://t.co/QagPULQiBx",1,DOJ,NA,DOJ,NA,DOJ,NA
1269173781051957248,Opinion: Trump finally got his wall. But it’s not at the border. https://t.co/TkaCI0ulLj,1,Trump,NA,Trump,NA,Trump,NA
1266409375486205952,RT @SpiroAgnewGhost: @gtconway3d @realDonaldTrump @gop’s malignant enabling of Trump has done as much damage to America as Trump’s malignan…,1,@realDonaldTrump,NA,@realDonaldTrump,D,@realDonaldTrump,D
1266409375486205952,RT @SpiroAgnewGhost: @gtconway3d @realDonaldTrump @gop’s malignant enabling of Trump has done as much damage to America as Trump’s malignan…,2,Trump,NA,Trump,D,Trump,D
1338932163098648576,"RT @GovMikeDeWine: During the week of New Year’s, we should receive an additional 148,000 @Pfizer vaccines and an additional 89,000 doses o…",1,@GovMikeDeWine,NA,@GovMikeDeWine,NA,@GovMikeDeWine,NA
1279449855169933312,"RT @ResisterSis20: This is Trump with Ghislaine Maxwell and Jeffrey Epstein. 

Epstein's offenses are well known, and Maxwell was arrested…",1,Trump,NA,Trump,NA,Trump,NA
1251290606669836288,RT @sarahkendzior: I've quoted this passage from Trump -- where he states his intent to cause riots and US economic collapse -- so many tim…,1,Trump,D,Trump,D,Trump,D
1249515534271410176,Coward Bone Spurs Trump and the GOP need to explain why this is happening! https://t.co/cNB6nF1ktF,1,Trump,NA,Trump,D,Trump,D
1260941526705864704,@realDonaldTrump Shhh...I'd rather hear from him than you.,1,@realDonaldTrump,NA,@realDonaldTrump,NA,@realDonaldTrump,NA
1358177701635366912,"@breannamorello According to Google, Joe Bidens net worth is 9m after 50 years in office. Meanwhile Hunter just bought a 5.4m home whilst never having a job. Nothing suspicious here at all",1,Joe Biden,NA,Joe Biden,D,Joe Biden,NA
1309079650757414912,RT @RBReich: Do not lose hope or fall into cynicism. That's what Trump is counting on. The next weeks are the testing time of our fortitude…,1,Trump,D,Trump,D,Trump,D
1357362674229776384,"“SHE DISCREDITS THE CONSERVATIVE MOVEMENT AND, AS FAR AS I'M CONCERNED, SHE'S NOT IN MY TENT,” GOP @SenBillCassidy to me, contradicting @GOPLeader McCarthy on @mtgreenee",1,@SenBillCassidy,NA,@SenBillCassidy,NA,@SenBillCassidy,NA
1357362674229776384,"“SHE DISCREDITS THE CONSERVATIVE MOVEMENT AND, AS FAR AS I'M CONCERNED, SHE'S NOT IN MY TENT,” GOP @SenBillCassidy to me, contradicting @GOPLeader McCarthy on @mtgreenee",2,@GOPLeader,NA,@GOPLeader,NA,@GOPLeader,NA
1357362674229776384,"“SHE DISCREDITS THE CONSERVATIVE MOVEMENT AND, AS FAR AS I'M CONCERNED, SHE'S NOT IN MY TENT,” GOP @SenBillCassidy to me, contradicting @GOPLeader McCarthy on @mtgreenee",3,@mtgreenee,NA,@mtgreenee,NA,@mtgreenee,NA
1270839489305260032,"Brian Benczkowski, who had led the Crim Div w/ no prosecutorial experience (same w DAG and AG) leaving.  Replacement Brian Rabbitt is a former AUSA.  Also the guy who called White House to read them Barr's summary letter re Mueller.  Stay tuned for the confirmation hearing.",1,White House,NA,White House,NA,White House,NA
1222814996075360256,"RT @HuffPost: Democrats said they were ""stunned"" by the argument delivered by White House deputy counsel Patrick Philbin. https://t.co/plRp…",1,White House,NA,White House,NA,White House,NA
1424122539844976640,"RT @bblock29: The Pillow guy says China hacked Dominion voting machines in Michigan and changed votes from TFG to Biden.

The only problem.…",1,Biden,NA,Biden,NA,Biden,NA
1340399606014865408,"So the president is discussing appointing as a special counsel someone whose deranged crackpot conspiracy theories have been laughed out of court, while consulting a retired general who has been musing about using the military to force new elections in states Biden won. https://t.co/36faZNDlHr",1,president,D,president,D,president,NA
1340399606014865408,"So the president is discussing appointing as a special counsel someone whose deranged crackpot conspiracy theories have been laughed out of court, while consulting a retired general who has been musing about using the military to force new elections in states Biden won. https://t.co/36faZNDlHr",2,Biden,NA,Biden,NA,Biden,NA
1437069899566825472,"@MichaelXRiojas JOIN THE NAVY!

That is still the funniest fucking thing in that whole game.",1,NAVY,NA,NAVY,NA,NAVY,NA
1218675018403647488,"@realDonaldTrump Your answer to global warning is mops and buckets?

No wonder why Greta Thunberg is making you look like a fool. 

No wonder why YOUR OWN HOMETOWN OF NEW YORK CITY DESPISES YOU SO MUCH.

What’s it like to never be able to go home again without constant protest?

Pretty bad. Huh?",1,@realDonaldTrump,D,@realDonaldTrump,D,@realDonaldTrump,D
1277936895377448960,"Biden: “I'm going to get rid of most of Trump's tax cuts” - I’m sure that would be good for the economy, wages, jobs and 401k’s 🙄 https://t.co/Jw7EjrRHbD",1,Biden,NA,Biden,D,Biden,NA
1277936895377448960,"Biden: “I'm going to get rid of most of Trump's tax cuts” - I’m sure that would be good for the economy, wages, jobs and 401k’s 🙄 https://t.co/Jw7EjrRHbD",2,Trump,NA,Trump,NA,Trump,NA
1332888074200752128,"@tedcruz has a personal net worth of about $3.5 million &amp; his wife works as a private wealth manager at Goldman Sachs.
Imagine that
Loeffler - 500m
Issa - 460m
Romney - 250m
Mitch &amp; Chao - 50m
Need I go on Raphael?
Stop w/these idiotic tweets
You are SO SO SO bad at this https://t.co/u9qwdKdvsV",1,@tedcruz,NA,@tedcruz,NA,@tedcruz,NA
1369308247254044672,"President Trump issued a fiery statement, telling #TrumpSupporters “No more money for RINOS,” directing donations to his campaign website and the Save America political action committee, instead of the #RNC. https://t.co/e8VWqWBW4F",1,President Trump,NA,President Trump,NA,President Trump,NA
1350145074324234240,RT @AOC: These GOP lawmakers trying to backtrack like “I was NOT voting to overturn the election with a lie I fed my white supremacist base…,1,@AOC,NA,@AOC,NA,@AOC,NA
1292057024906366976,"Trump’s Postmaster General Louis DeJoy and his wife, Aldona Wos, nominated to become our ambassador to Canada, own between $30 million and $75 million of assets in competitors to the US Postal Service. No problem there, right?",2,Postal Service,NA,Postal Service,NA,Postal Service,NA
1292057024906366976,"Trump’s Postmaster General Louis DeJoy and his wife, Aldona Wos, nominated to become our ambassador to Canada, own between $30 million and $75 million of assets in competitors to the US Postal Service. No problem there, right?",3,Trump,NA,Trump,NA,Trump,NA
1347093586698006528,"Biden is responsible for what is going on in the USA. If he'd agreed to an audit in the disputed states in order to clear the Dems of cheating, there wouldn't have been these bitter protests. It's that simple.",1,Biden,D,Biden,D,Biden,NA
1291470132355698688,"I've updated my Twitter username to stand in solidarity with my Black American friends, who first had their blackness snatched by Joe Biden, before he proceeded to tell them they are all monolithic lemmings. 

#NotableException ✊🏾",1,Joe Biden,D,Joe Biden,D,Joe Biden,NA
1308068412569116672,Trump is right to show respect for RBG. True presidential behavior. Far too rare.,1,Trump,T,Trump,T,Trump,T
1308068412569116672,Trump is right to show respect for RBG. True presidential behavior. Far too rare.,2,RBG,NA,RBG,NA,RBG,NA
1289403650209529856,"RT @jenjones207: @RedTRaccoon @Zillanna My 20 and 21 year olds both hate Trump and are ready to check that Biden box, even my 18 is going t…",1,Trump,NA,Trump,NA,Trump,NA
1289403650209529856,"RT @jenjones207: @RedTRaccoon @Zillanna My 20 and 21 year olds both hate Trump and are ready to check that Biden box, even my 18 is going t…",2,Biden,NA,Biden,NA,Biden,NA
1331231037553324032,"Joe Biden is rolling in Obama Administration alumni as if Trump wasn’t elected because of Obama’s Administration. 

There is nothing like repeating parts of history that aren’t worth repeating. Why not just elect a segregationist while we are at it?

Oh, wait...",1,Joe Biden,NA,Joe Biden,D,Joe Biden,NA
1331231037553324032,"Joe Biden is rolling in Obama Administration alumni as if Trump wasn’t elected because of Obama’s Administration. 

There is nothing like repeating parts of history that aren’t worth repeating. Why not just elect a segregationist while we are at it?

Oh, wait...",2,Trump,NA,Trump,NA,Trump,NA
1273682188756832256,"RT @JoeBiden: Thanks, Barack. You're right — and we won't stop until every Dreamer feels safe in this country. https://t.co/fVoZRhabRy",1,@JoeBiden,NA,@JoeBiden,NA,@JoeBiden,NA
1321946127625867264,RT @MaryLTrump: The Supreme Court rules that all absentee ballots must be counted in NC and PA and it’s described as a win for Democrats. B…,1,Supreme Court,NA,Supreme Court,NA,Supreme Court,NA
1244657449489125376,"RT @PopCrave: Cardi B calls out celebrities &amp; the government:

“If [Trump] is saying ‘if you don’t have any symptoms of the Coronavirus do…",1,government,NA,government,NA,government,NA
1244657449489125376,"RT @PopCrave: Cardi B calls out celebrities &amp; the government:

“If [Trump] is saying ‘if you don’t have any symptoms of the Coronavirus do…",2,Trump,NA,Trump,NA,Trump,NA
1350108412214996992,RT @BarbaraBoxer: As I listened to our president elect forcefully address the twin issues that are ravaging our country-covid and job loss-…,1,president,NA,president,NA,president,NA
1344066839509266432,RT @TaraSetmayer: Anyone who thinks THIS GOP controlled Senate is ever passing the $2000 COVID checks doesn't understand how McConnell work…,1,Senate,NA,Senate,NA,Senate,NA
1261781679691227136,Trump is going to lose his mind tonight isn't he?,1,Trump,NA,Trump,NA,Trump,NA
1251495513708531712,"from Dana Millbank...“It would have been so easy to be truthful.”
Thus spake President Trump this week on the very day he surpassed the milestone of uttering 18,000 falsehoods during his presidency, as tallied by the Post’s Fact Checker.''",1,President Trump,D,President Trump,D,President Trump,D
1239250322217984000,"RT @charliekirk11: BREAKING:

New reports claim that the FBI &amp; DOJ have “lost” General Michael Flynn’s records

Is this just like how Bob M…",1,FBI,NA,FBI,D,FBI,D
1239250322217984000,"RT @charliekirk11: BREAKING:

New reports claim that the FBI &amp; DOJ have “lost” General Michael Flynn’s records

Is this just like how Bob M…",2,DOJ,NA,DOJ,D,DOJ,D
1390027598219026432,Was trump not able to get on My Pillow guy's awesome new social media platform?,1,trump,NA,trump,NA,trump,NA
1215709437215825920,"BREAKING: Trump privately said one reason he had the Iranian General killed was to ensure some Republican Senators would support him in the upcoming impeachment trial. Trump is a disgrace and a danger to us all. The Senate must remove him, and then he should be thrown in prison.",2,Senate,NA,Senate,NA,Senate,NA
1215709437215825920,"BREAKING: Trump privately said one reason he had the Iranian General killed was to ensure some Republican Senators would support him in the upcoming impeachment trial. Trump is a disgrace and a danger to us all. The Senate must remove him, and then he should be thrown in prison.",3,Trump,D,Trump,D,Trump,D
1307197821234315264,"The Notorious RBG

#AddRuthImproveAnything https://t.co/wbgzZvaipU",1,Notorious RBG,NA,Notorious RBG,NA,Notorious RBG,NA
1235008619428687872,Biden wins Alabama.,1,Biden,NA,Biden,NA,Biden,NA
1237130759774896128,"@Impulse725 @IRHotTakes In what universe is ""winning 573 delegates to Biden's 664 so far, with votes that will probably narrow the margin still out in California and a recount impending in Texas"" a strategic collapse? I look forward to your statement being proven wrong tomorrow",1,Biden,NA,Biden,NA,Biden,NA
1354138948617043968,"White House press secretary Jen Psaki says Biden called Putin this afternoon and spoke about the SolarWinds hack, alleged Russian bounties on US troops, 2020 election interference, and the Navalny poisoning.",1,White House,NA,White House,NA,White House,NA
1354138948617043968,"White House press secretary Jen Psaki says Biden called Putin this afternoon and spoke about the SolarWinds hack, alleged Russian bounties on US troops, 2020 election interference, and the Navalny poisoning.",2,Biden,NA,Biden,NA,Biden,NA
1329875822753275904,Here is a copy of my complaint to the New York State judicial conduct body calling for Rudy Giuliani’s law license to be stripped. Similar letters were sent to four other states against Trump lawyers. https://t.co/NkwfmYVOnM,1,Trump,NA,Trump,NA,Trump,NA
1325350120129519616,Can’t wait til tomorrow when the Trump campaign has press conferences at the Days Inn Manure Factory and the Hilton Toxic Waste Dump,1,Trump,NA,Trump,NA,Trump,NA
1321463656278855680,"As a senator, Joe Biden voted to raise taxes on Social Security benefits.

As vice president, Biden broke his promise and enacted new taxes on middle-class Americans.

Now he's running on a far-left agenda that will cost the average American family $6,500 per year.",1,Joe Biden,D,Joe Biden,D,Joe Biden,D
1230940975599583232,"No matter how many times President Trump lies, the reality is clear:

Putin is interfering in our elections again in 2020—just like in 2016.

Senate Republicans need to explain why they have blocked election security bills TWENTY times.",1,President Trump,NA,President Trump,D,President Trump,D
1300861874498686976,RT if you demand @realDonaldTrump release his tax returns and medical records like @JoeBiden has done!,1,@realDonaldTrump,NA,@realDonaldTrump,NA,@realDonaldTrump,NA
1300861874498686976,RT if you demand @realDonaldTrump release his tax returns and medical records like @JoeBiden has done!,2,@JoeBiden,NA,@JoeBiden,NA,@JoeBiden,NA
1223389444843233280,"If Chuck Schumer has the right to put forward amendments, and if the Senate has to debate those amendments, why couldn't he put forward 3 amendments to force the recusal of those 3 GOP jurors who are witnesses in the case? In argument, the managers could establish their conflict.",1,Senate,NA,Senate,BA,Senate,NA
1260625700853354496,"Trump’s team is pushing the CDC to change how US coronavirus deaths are calculated, so the number is lower. The biggest coverup in American history.",1,CDC,NA,CDC,NA,CDC,NA
1260625700853354496,"Trump’s team is pushing the CDC to change how US coronavirus deaths are calculated, so the number is lower. The biggest coverup in American history.",2,Trump,NA,Trump,D,Trump,D
1228794428359200768,RT @BamjcastA: We've heard no complaints for months. That gives the appearance of a happy Trump. The Fed pouring in  money to artificially…,1,Fed,NA,Fed,NA,Fed,NA
1228794428359200768,RT @BamjcastA: We've heard no complaints for months. That gives the appearance of a happy Trump. The Fed pouring in  money to artificially…,2,Trump,NA,Trump,NA,Trump,NA
1233083480696852480,"TTT. There were ~180 narco subs last year, most got through. I tried to estimate the total. #NarcoSubs #Narcos narcosubmarino #SubThursday #Navy @USCG
https://t.co/y1nHxV1SYv",1,Navy,NA,Navy,NA,Navy,NA
1233083480696852480,"TTT. There were ~180 narco subs last year, most got through. I tried to estimate the total. #NarcoSubs #Narcos narcosubmarino #SubThursday #Navy @USCG
https://t.co/y1nHxV1SYv",2,@USCG,NA,@USCG,NA,@USCG,NA
1344474282978545664,"After less than 6 months, Fred Piccolo is out at @GovRonDeSantis office. This news comes less than a week after his reply to my retweet on a @Reuters COVID-19 photo thread, although they say he planned to leave prior to the backlash caused by the tweet. 
https://t.co/5YkRzQrh6D",1,@GovRonDeSantis,NA,@GovRonDeSantis,NA,@GovRonDeSantis,NA
1303920030464212992,"We need 20,000 retweets on this: @JoeBiden has 9.3 million followers. Retweet, follow him get to 10 million followers.",1,@JoeBiden,NA,@JoeBiden,NA,@JoeBiden,NA
1206608354371612672,"Hey folks, I need your help. There's a bad situation right now with Trump's Department of Health and Human Services. First, I'm going to tell you what happened, and then, I'm going to tell you what we can all do about it immediately. (thread)",1,Department of Health and Human Services,NA,Department of Health and Human Services,NA,Department of Health and Human Services,NA
1206608354371612672,"Hey folks, I need your help. There's a bad situation right now with Trump's Department of Health and Human Services. First, I'm going to tell you what happened, and then, I'm going to tell you what we can all do about it immediately. (thread)",2,Trump,NA,Trump,NA,Trump,NA
1327305364778475520,Does Trump belong in prison or a mental hospital?,1,Trump,D,Trump,D,Trump,D
1328879069073534976,@StephenKing Trump only tweets and talks on subjects important to him - himself.,1,Trump,D,Trump,NA,Trump,D
1348746199151599616,RT @JoyAnnReid: It's clear that Trump's fanatical supporters -- the obvious ones and even some of the seemingly ordinary ones -- pose a cle…,1,Trump,NA,Trump,NA,Trump,NA
1241445759272333312,"The best @JoeBiden add to date!

A briefing similar to this, (@RonaldKlain leading?) every weekday, (after Trump's BS brief) would allow Dems to immediately speak to lies, disinformation, and offer both solutions and an example of the kind of leadership America needs! Watch👇 https://t.co/aFGRNmfqZ8",1,@JoeBiden,NA,@JoeBiden,NA,@JoeBiden,T
1241445759272333312,"The best @JoeBiden add to date!

A briefing similar to this, (@RonaldKlain leading?) every weekday, (after Trump's BS brief) would allow Dems to immediately speak to lies, disinformation, and offer both solutions and an example of the kind of leadership America needs! Watch👇 https://t.co/aFGRNmfqZ8",2,@RonaldKlain,NA,@RonaldKlain,NA,@RonaldKlain,NA
1241445759272333312,"The best @JoeBiden add to date!

A briefing similar to this, (@RonaldKlain leading?) every weekday, (after Trump's BS brief) would allow Dems to immediately speak to lies, disinformation, and offer both solutions and an example of the kind of leadership America needs! Watch👇 https://t.co/aFGRNmfqZ8",3,Trump,NA,Trump,D,Trump,NA
1265010499810402304,"Voters in New Mexico have a chance to send a historic all-female delegation to the U.S. House of Representatives, no matter which party wins the races this fall. https://t.co/rkkot9brls",1,House of Representatives,NA,House of Representatives,NA,House of Representatives,NA
1313977616647417856,"May the fierce be with her.
@KamalaHarris @HamillHimself 
#VPDebate https://t.co/WAIF1q6dIg",1,@KamalaHarris,NA,@KamalaHarris,NA,@KamalaHarris,NA
1247951038155354112,New from @Hegemommy on the 5th Circuit's bs ruling that permits Texas to ban abortion during the #COVID19 pandemic. #TeamLegal | Trump Judge’s Radical Decision Lets States Suspend Abortion Rights https://t.co/e1M3fNdZoU,1,Trump,NA,Trump,NA,Trump,NA
1241861386705256448,RT @RepMaxineWaters: The way Dr. Fauci bowed his head in shame &amp; disgust listening to Trump spout his Fox News talking points is how all of…,2,@RepMaxineWaters,NA,@RepMaxineWaters,NA,@RepMaxineWaters,NA
1241861386705256448,RT @RepMaxineWaters: The way Dr. Fauci bowed his head in shame &amp; disgust listening to Trump spout his Fox News talking points is how all of…,3,Trump,NA,Trump,NA,Trump,NA
1251556090359083008,RT @Oregon_GOP: About 20% of small business to close if @OregonGovBrown runs the lockdown into May. Most jobs are created by small business…,1,@OregonGovBrown,NA,@OregonGovBrown,NA,@OregonGovBrown,NA
1221664553387339776,@realDonaldTrump https://t.co/Ec6AuRpo7q,1,@realDonaldTrump,NA,@realDonaldTrump,NA,@realDonaldTrump,NA
1293611289353363456,RT @lexatrexa: maybe unpopular opinion ?? but a celebrity publicly supporting biden/harris doesn’t necessarily mean they’re that moderate/c…,1,biden,NA,biden,NA,biden,NA
1382009733180231680,"RT @EricG1247: @kylegriffin1 My name is Eric Garcia. I’m a disabled Marine Corps veteran, Democrat, and father of three. 

I’m running a gr…",1,Marine Corps,NA,Marine Corps,NA,Marine Corps,NA
1313187898955456512,"RT @fake_biden: Fuck the Christmas. And fuck the Easter. And fuck the Easter Island, for the good measure.
-Melanie https://t.co/89TfPPFJdT",1,biden,NA,biden,NA,biden,NA
1255664165676433408,"RT @ErrolWebber: My name is Errol Webber &amp; I’m running for Congress in LA against Karen Bass.

I won my primary and now the true battle beg…",1,Congress,NA,Congress,NA,Congress,NA
1255664165676433408,"RT @ErrolWebber: My name is Errol Webber &amp; I’m running for Congress in LA against Karen Bass.

I won my primary and now the true battle beg…",2,Karen Bass,NA,Karen Bass,NA,Karen Bass,NA
1210336008962789376,"#BlueWave2020 #Resistance We need to rally everyone you know in KY! I know that every single friend and relative of mine, in that state, will be voting for  @AmyMcGrathKY 
#MoscowMitch has run his course in the Senate and it's time to put him into retirement! https://t.co/GrRspNm0r6",2,Senate,NA,Senate,NA,Senate,NA
1281635558523940864,@DeAnna4Congress That's what happens when you call half the country racists and worse because they voted for @POTUS I heard his restaurant chain took PP 💰?,1,@POTUS,NA,@POTUS,NA,@POTUS,NA
1212624809764540416,"RT @fred_guttenberg: Follow this thread.  It is clear to me @BernieSanders supporters are like Trump supporters. Same tactics like lying, i…",1,@BernieSanders,NA,@BernieSanders,NA,@BernieSanders,NA
1212624809764540416,"RT @fred_guttenberg: Follow this thread.  It is clear to me @BernieSanders supporters are like Trump supporters. Same tactics like lying, i…",2,Trump,NA,Trump,NA,Trump,NA
1274811368714178560,"@devinfoley8625 @Qwarantinebored @Bri871Ed @spinninpeen @Kelly7500 @Ramb_Stonk @realDonaldTrump @JoeBiden Yes but we’ll over 100,000 have died and hospitals in many places have been and will be overwhelmed.",1,@realDonaldTrump,NA,@realDonaldTrump,NA,@realDonaldTrump,NA
1274811368714178560,"@devinfoley8625 @Qwarantinebored @Bri871Ed @spinninpeen @Kelly7500 @Ramb_Stonk @realDonaldTrump @JoeBiden Yes but we’ll over 100,000 have died and hospitals in many places have been and will be overwhelmed.",2,@JoeBiden,NA,@JoeBiden,NA,@JoeBiden,NA
1248765009527574528,@Joe_Friedman_ @AgiaTheBun @WagsKoop @SteFonzie @usclimatestrike @JoeBiden (Libs don’t care about them),1,@JoeBiden,NA,@JoeBiden,NA,@JoeBiden,NA
1436131426114707456,"RT @Runde_MC: @KimReynoldsIA You rejected almost $100,000,000 we could have used to keep our kids and schools safe. 

Our hospitals are ove…",1,@KimReynoldsIA,D,@KimReynoldsIA,D,@KimReynoldsIA,D
