id,text,obj_index,object,Y_label,E_label,M_label,gold_label,item_difficulty
1293669089987239936,"@MyDailyCapital @LauraKi8833 @NickAdamsinUSA Well, IF Ms. Harris were actually a ""female version of Obama"", that would be wonderful, as he is an astounding leader!  tRump is a racist Nazi-loving throwback to the 1940's who left his brain behind on a golf course somewhere!",2,tRump,D,D,D,D,0.0007353885844737031
1362503852117929984,"@JSCCounterPunch @PattyArquette This story about the Ted Cruz family just keeps getting better &amp; better, doesn't it? What an tool @tedcruz is!",2,Ted Cruz,D,D,D,D,0.0007353885844737031
1334769141794832384,"@4everpeggy @Rothbard1776 @SidneyPowell1 I have seen the debunked videos, I have not seen one that has not been debunked to date and it has been a freaking month. I don't trust anyone that speaks or works for Trump as he is the most dishonest President in history and people in his employ have been caught lying often.",2,Trump,D,D,D,D,0.0007353885844737031
1465483301599203328,"BREAKING NEWS: The January 6 Committee announces that it will hold a vote on Wednesday to refer Jeffrey Clark, the Trump Justice Department official who tried to help Trump steal the election, for prosecution for defying its subpoena. RT IF YOU THINK THAT CLARK MUST BE LOCKED UP!",3,Trump,D,D,D,D,0.0007353885844737031
1353849346622558208,"I’d like to know if Steven Mnuchin will be investigated and charged with funneling $500B of PPP Covid relief loans, giving millions to himself, Kushner, Devin Nunes, Betsy DeVos, Joel Osteen, Kanye West, Tom Brady, $334K to Moscow Mitch’s wife Elaine Chao. Give that money back.",2,Steven Mnuchin,D,D,D,D,0.0007353885844737031
1302757689055870976,"@hgprjmet @HeatherBee03 @realDonaldTrump Here's a quick video on why Trump's gestapo in Portland was literally the wrong thing to do if he'd actually had any interest in quelling violence. Beau is a former security contractor with real knowledge of insurgencies. 

https://t.co/rkbQRSvRbN",2,Trump,D,D,D,D,0.0007353885844737031
1305274504898400256,@realDonaldTrump Trump will put all his supporters in a crowded arena or a crowd outside knowing that they could die just so he can get reelected and knowing that they will fall right in line His words will weed out the intelligent people And drawl in the ignorant,2,Trump,D,D,D,D,0.0007353885844737031
1277329125519134720,"How can the Supreme Court rule against Congress reviewing the President's records with the Russian money laundering Deutsche Bank when we now know that Russia put bounties on American troops that may have led to dead Americans, and Trump did nothing?",3,President,D,D,D,D,0.0007353885844737031
1223713702093836288,"Speaker of the House Nancy Pelosi: 79 y/o—17th term

Majority Leader Steny Hoyer: 80 y/o—20th term

Majority Whip James Clyburn: 79 y/o —14th term

House leadership has spent 102 combined years in office

Yet they blame Trump—who’s been in office for 1 term for our problems?

🤔",1,Nancy Pelosi,D,D,D,D,0.0007353885844737031
1223713702093836288,"Speaker of the House Nancy Pelosi: 79 y/o—17th term

Majority Leader Steny Hoyer: 80 y/o—20th term

Majority Whip James Clyburn: 79 y/o —14th term

House leadership has spent 102 combined years in office

Yet they blame Trump—who’s been in office for 1 term for our problems?

🤔",4,James Clyburn,D,D,D,D,0.0007353885844737031
1263362920148168704,RT @PalmerReport: @SenatorLoeffler I wouldn't put much stock in anything Kelly Loeffler says.,2,Kelly Loeffler,D,D,D,D,0.0007353885844737031
1296549926818721792,"Dear demented dipshit @realdonaldtrump, please block me on Twitter. #blockmeyouorangejackass @potus",1,@realdonaldtrump,D,D,D,D,0.0007353885844737031
1245031085660127232,"Trump participated in neither his impeachment hearings nor trial. Plenty time for prep vs #coronavirus.

#MoscowMitch made sure the trial was shortAF - no witnesses or documents. 

Also 2 days after his faux acquittal, Trump raided our stockpile to send medical supplies to China. https://t.co/EKT31nbqr0 https://t.co/Z6zBinlRA5",2,Trump,D,D,D,D,0.0007353885844737031
1251877834605432832,Watching @VP on @MeetThePress and it’s remarkable how he can talk for 20 minutes and literally not say anything and answer no questions. He’s completely full of shit. #MeetThePress #Pence https://t.co/pwehECRJKt,2,Pence,D,D,D,D,0.0007353885844737031
1305686925974679552,@SenHydeSmith @WhiteHouse @realDonaldTrump Donald Trump is a danger and is unfit to run this country who is protecting us from him now or we just gonna sit back and see how much more dangerous he can be to the American people who’s protecting us,1,@realDonaldTrump,D,D,D,D,0.0007353885844737031
1319767109652631552,"The problem isn't my choice of words

The problem is congressmen like you who have said more about my choice of words than the brutality of forcibly separating kids from their parents or the fact that women in detention centers are being FORCIBLY sterilized by the US government. https://t.co/KQZbNrM6HH",2,government,D,D,D,D,0.0007353885844737031
1288104373516722176,"RT @chitowprincess1: @realDonaldTrump @foxandfriends Trump’s failure to lead has caused the deaths of 150,000 Americans. Trump spends his t…",1,@realDonaldTrump,D,D,D,D,0.0007353885844737031
1333369316859842560,"Republican senator suddenly worries about ethics after ignoring them for 4 years

https://t.co/MpYezyJOvR",1,Republican senator,D,D,D,D,0.0007353885844737031
1353925190795862016,RT @TimHannan: Josh Hawley had no problem with Donald Judas Trump sabotaging the USPS in an attempt to delay mailed ballots during a pandem…,3,Josh Hawley,D,D,D,D,0.0007353885844737031
1314063701880705024,Let’s be honest @JoeBiden picked Kamala because she is supposedly black and it showed tonight! Pence owned her the entire debate. She is a horrible candidate and is not likeable to whites or blacks!,2,Kamala,D,D,D,D,0.0007353885844737031
1245883252264534016,"I have learned more about the deep roots of corruption in our government, politicians, and the media through 3+ years of President Trump than I did the entire previous 37 years of my life.

THAT’S why I trust in Trump.",2,government,D,D,D,D,0.0007353885844737031
1225617135273115648,"RT @CAPAction: Trump is a criminal—and the 52 Senate Republicans who voted to “acquit” him are now complicit in his crimes.

It’s no surpri…",1,Senate Republicans,D,D,D,D,0.0007353885844737031
1321234828851724288,"@realDonaldTrump And you have said you will do nothing about COVID, that it's fake news. 225,000 people have died because of you and that number is rising every day because you refuse to do anything. You're a pathetic excuse for a leader. Vote Biden!",1,@realDonaldTrump,D,D,D,D,0.0007353885844737031
1280600516473618432,"BREAKING: Nursing home experimented on Veterans with Trump’s unproven drug.

This connects Trump to a long &amp; shameful history beyond hoax medicines to some of history’s most shameful moments. https://t.co/f0VQhUZqDk",1,Trump,D,D,D,D,0.0007353885844737031
1242278207350394880,"In the days ahead, Trump will ask us to sacrifice the lives of seniors, the unwell, and other Americans vulnerable to COVID-19 to serve his political and other interests. We should reject this proposition. We need to stand together against this pandemic, leaving no one behind.",1,Trump,D,D,D,D,0.0007353885844737031
1381362540509331456,"RT @donie: Trump repeats election lies and insults McConnell in front of RNC donors in Palm Beach

https://t.co/huUhfb0yDs @Acosta https://…",1,Trump,D,D,D,D,0.0007353885844737031
1283616007530196992,RT @funder: Biden would’ve responded to Russia’s murder of our troops immediately. Trump still hasn’t. And that says everything. Vote Biden.,2,Trump,D,D,D,D,0.0007353885844737031
1275660198422745088,"RT @SenWarren: OSHA has completely abandoned workers by refusing to issue emergency COVID-19 safety standards, investigate safety complaint…",1,OSHA,D,D,D,D,0.0007353885844737031
1302919271119495168,"Anyone remember this from Trump in the 1990s? There are some STDs that are known to linger for decades and then accelerate neurological deterioration. Trump boasts of having escaped their ravages. Watching him fall apart, it’s hard not to wonder. 

https://t.co/3k8Vh1ecwp",1,Trump,D,D,D,D,0.0007353885844737031
1313623443531726848,"@MeidasTouch @robertgreenwald How creepy to hear someone say they will die for Donald Trump, the conman. Donald is broke &amp; took money from kid’s charities &amp; laundered money for the Russians. He’s lied on his taxes, committing tax fraud, &amp; has numerous rape allegations on kids as young as 13.  #VOTE",1,Donald Trump,D,D,D,D,0.0007353885844737031
1277889867729514496,What if Trump didn’t exactly shoot anyone on Fifth Avenue but constantly did favors for dictators who offered bounties to those who did the shooting and succeeded in killing returning US vets?,1,Trump,D,D,D,D,0.0007353885844737031
1319034729811734528,@MJMcKean @MichelleKinney Trump hates children he is a giant orange ogre,1,Trump,D,D,D,D,0.0007353885844737031
1452682737790357504,RT @MarshaBlackburn: Twitter is censoring @RepJimBanks for refusing to go along with the Biden administration’s performance theater. @Jim_B…,1,Biden administration,D,D,D,D,0.0007353885844737031
1203319729231937536,RT @BenjaminPDixon: “@PeteButtigieg literally doesn’t know what he’s talking about when it comes to...deficits or he’s deliberately lying..…,1,@PeteButtigieg,D,D,D,D,0.0007353885844737031
1405051014831542272,It seems like a daily situation and great cause for concern when you hear almost daily about an officer being shot. Yet  Congress is more worried how to keep Trump off social media and claim Jan 6th THEY almost died when these lives are at far more risk EVERY DAY https://t.co/bfBfMMI9Rm,1,Congress,D,D,D,D,0.0007353885844737031
1271191021930643456,"Joe Biden's 'single greatest concern' is that Trump 'is going to try to steal this election' 

Creepy Joe knows he cant beat President Trump so he starts making up excuses. At least Hillary waited after she loss. What a bunch of ass....",2,Joe Biden,D,D,D,D,0.0007353885844737031
1434936806634504192,"RT @MarkYoungTruth: We are suppose to trust the FDA on the vaccine, but the FDA says Ivermectin is dangerous even though they approved it i…",1,FDA,D,D,D,D,0.0007353885844737031
1290819335162912768,RT @samanthamarika1: The left had four years to find a candidate and the best they came up with was Joe Biden...,1,Joe Biden,D,D,D,D,0.0007353885844737031
1247550823263080448,"@WhiteHouse On World Health Day, let us remember how Trump was unprepared and delayed a response to the coronavirus crisis resulting in people dying, economic collapse and the shutdown of America.",2,Trump,D,D,D,D,0.0007353885844737031
1312745178659270656,a sick old man pretending to sign blank pieces of paper is the perfect metaphor for the entire Trump presidency,1,Trump,D,D,D,D,0.0007353885844737031
1236677223450640384,Trump wants to leave sick people on that docked cruise ship so America’s coronavirus numbers don’t go up. After hearing this I had to wash my brain for 20 seconds with hot soapy water while singing “Happy Birthday” twice.,1,Trump,D,D,D,D,0.0007353885844737031
1245878381507497984,@JoeBiden BACK UNIVERSAL HEALTHCARE YOU IDIOT!,1,@JoeBiden,D,D,D,D,0.0007353885844737031
1251285849834164224,"Perspective: Trump’s ""LIBERATE MICHIGAN!"" tweets incite insurrection. 

That’s illegal. https://t.co/flnRk7scri",1,Trump,D,D,D,D,0.0007353885844737031
1361390572230103040,Ignorant Senator Shares New York Times Article Thinking It's Real https://t.co/UAHRUNv5Um,1,Senator,D,D,D,D,0.0007353885844737031
1322827766400770048,"Our long-term allies and brave independent people, who Trump deserted, have a long, deep, thoughtful history: https://t.co/BKCnsM2zo6",1,Trump,D,D,D,D,0.0007353885844737031
1420070524596723712,Donald J. Trump committed treason,1,Donald J. Trump,D,D,D,D,0.0007353885844737031
1412490276325711872,"Hillary Clinton did everything she possibly could to prevent Benghazi &amp; the Republican Party went after like how sharks go after blood. Yet, Marjorie Taylor Greene, Lauren Boebert, &amp; Ted Cruz led the terror attack on Capitol that resulted in 6 deaths but the GOP wants to move on.",1,Marjorie Taylor Greene,D,D,D,D,0.0007353885844737031
1412490276325711872,"Hillary Clinton did everything she possibly could to prevent Benghazi &amp; the Republican Party went after like how sharks go after blood. Yet, Marjorie Taylor Greene, Lauren Boebert, &amp; Ted Cruz led the terror attack on Capitol that resulted in 6 deaths but the GOP wants to move on.",3,Ted Cruz,D,D,D,D,0.0007353885844737031
1307027611118456832,"@realDonaldTrump @FLOTUS yet you call POW and MIA losers and suckers!  You're OWN WORDS regarding John McCain ""I like people that aren't caught"" RESIGN!!!!!!!! #TrumpIsANationalDisgrace https://t.co/oe5UpzOjXA",1,@realDonaldTrump,D,D,D,D,0.0007353885844737031
1368060865111588864,"2,000 people are dying daily of COVID-19 and you pull this @GOPLeader

The GOP can't be entrusted with *any aspect* of his nation's future https://t.co/Qk30zwCXRd",1,@GOPLeader,D,D,D,D,0.0007353885844737031
1298440384457187328,"Chad Wolf is utterly unfit to lead @DHSgov. He’s led child separation at the border &amp; secret police in Portland. These actions should be condemned, not rewarded. I oppose this nomination wholeheartedly &amp; will do everything in my power to stop it.

https://t.co/B7Vor9br0Y",2,Chad Wolf,D,D,D,D,0.0007353885844737031
1222942043338629120,"🚨‼️ BREAKING: The House JUST PASSED my amendment to finally repeal the 2002 AUMF.

It's more urgent than ever for Congress to do its job and prevent the President from using military force without Congressional authorization. #StopEndlessWar",2,President,D,D,D,D,0.0007353885844737031
1332438282177708032,"Donald Trump and Republicans are about to raise your taxes if you make less than $75K. 

Just remember this in January when they’re trying to blame Joe Biden for this 👇🏽👇🏽👇🏽
#TrumpTaxScam https://t.co/RyQUqcCY7r",1,Donald Trump,D,D,D,D,0.0007353885844737031
1310603871178420224,The first thing Trump did when he took office was take away property tax deductions for folks in blue states that didn’t vote him. My taxes went up significantly as did most of my friends in NY &amp; CA while he paid a measly $750 and gave the richest 1% a huge cut. @realDonaldTrump,2,Trump,D,D,D,D,0.0007353885844737031
1218974175345487872,"But, of course this disgusting criminal President would. https://t.co/eEHjmmPjyn",1,President,D,D,D,D,0.0007353885844737031
1262359309679198208,"With all the noise from The President’s Twitter feed, his scumbag sons, and his Ob*m*gate conspiracy lies, it’s important to remember what’s really going on this week: https://t.co/gdjjO1HwFD",1,President,D,D,D,D,0.0007353885844737031
1272751502893871104,".@AOC and @justicedems support none of these things. What they support is grandstanding about them. Your movement leader magic grandpa got none of this done in 30 years in Congress, AOC has no clue, and Omar is too busy denying genocides.

Leave. You are not needed or wanted. https://t.co/PnrBtYufqN",3,AOC,D,D,D,D,0.0007353885844737031
1277426398685270016,"@realDonaldTrump projection much, Babyhands McGrifter?",1,@realDonaldTrump,D,D,D,D,0.0007353885844737031
1313686547942699008,"@JoeBiden You took on no one, you and Obama gave Putin a reset button and you gave Cuba what they wanted without anything in return. 

Moscow Mayor's wife gave Hunter $3.5mil - there is absolute irrefutable proof. What was the money for? 

Foreign dictators love you because you are weak!",1,@JoeBiden,D,D,D,D,0.0007353885844737031
1450518092799483904,"#TrumpisaNationalDisgrace heck, he’s a disgrace to the entire world.  If Darwin were alive Trump would force him to rethink his Theory of Evolution.",1,Trump,D,D,D,D,0.0007353885844737031
1242935699290165248,"Donald Trump is three minutes into his press conference and he already sounds short of breath, like he's going to keel over. In fairness, the two hours a day he spends holding these press conferences is the most work he's ever done in his life.",1,Donald Trump,D,D,D,D,0.0007353885844737031
1286016358984155136,"Afghanistan: 1,833
Iraq: 3,836
Vietnam: 47,424
Korea: 33,686
WWI: 53,402
US combat deaths: 140,181

Trump Virus deaths: 144,888",1,Trump,D,D,D,D,0.0007353885844737031
1437908128453087232,"RT @lindyli: Trump: “I don't want to be your friend anymore if you don't do this”

Pence was such a coward ass that he would’ve caved to hi…",2,Pence,D,D,D,D,0.0007353885844737031
1432887786282045440,@GOPLeader WHAT HAVE YOU GOT TO HIDE????  YOU LICK THE CRIMINAL'S ASS EVERYYYY CHANCE YOU GET!!! JANUARY 6TH WAS TREASON!!!  YOUR BOYYYY INCITED THAT RIOT AND YOU KNOWWW IT!!! 😡😡,1,@GOPLeader,D,D,D,D,0.0007353885844737031
1309145139751923712,Disturbing that Joe Biden and other leftist politicians push to prosecute police officers for Breonna Taylor shooting despite no evidence of wrongdoing.,1,Joe Biden,D,D,D,D,0.0007353885844737031
1457146141687140352,"Senator Cruz of Houston spent all day rage tweeting at Big Bird &amp; ‘Woke Cartoons’ and did not mention the horrific deaths at Astroworld until 6:30pm and then just a cut and past ‘thoughts &amp; prayers and grateful for law enforcement.’ Texas, you can do SO much better than Lyin’Ted.",1,Senator Cruz,D,D,D,D,0.0007353885844737031
1313612499263127552,"Make no mistake: if you are out of work, if your business is closed, if your child’s school is shut down, if you are seeing layoffs in your community, Donald Trump decided today that none of that matters to him.",1,Donald Trump,D,D,D,D,0.0007353885844737031
1456274378845409280,"Look sheeple, a gallon of milk was FREE when Donald Trump (🇺🇸) was our REEL PRESIDENT and now it costs $37 a gallon under LOSER SLEePY JOE BIDEN. My family drinks 27 gallons of milk a week because WE ARE PATRIOTS WHO LOVE GOD and we are now broke AND constipated. LET'S GO BRANDON",3,JOE BIDEN,D,D,D,D,0.0007353885844737031
1407105970015248384,"RT @SenSchumer: Donald Trump lost an election legitimately

He can’t face that—that it was his failure

So he lied and lied

He created the…",1,Donald Trump,D,D,D,D,0.0007353885844737031
1220010108026945536,"@SweetCainMusic @introvertgay @dannybarefoot If Biden wins, we will not stop climate change. If Biden wins, I will not see my 50th birthday",1,Biden,D,D,D,D,0.0007353885844737031
1301145034201468928,".@DHS_Wolf withheld publication of intelligence bulletin warning of Russian scheme to push “allegations about the poor mental health” of #JoeBiden for #Trump

Clear proof that #PutinsPuppet is receiving help from Mother Russia &amp;  DHS is keeping it quiet.

https://t.co/NMb7xP48Ki",1,DHS,D,D,D,D,0.0007353885844737031
1301145034201468928,".@DHS_Wolf withheld publication of intelligence bulletin warning of Russian scheme to push “allegations about the poor mental health” of #JoeBiden for #Trump

Clear proof that #PutinsPuppet is receiving help from Mother Russia &amp;  DHS is keeping it quiet.

https://t.co/NMb7xP48Ki",3,Trump,D,D,D,D,0.0007353885844737031
1238433166941130752,"As Trump tries blaming Obama for CDC problems, let's recall:

-Every Trump budget has proposed cutting CDC's budget. His OMB chief still backs cutting $1.2 billion this year

-Trump's 2017 hiring freeze left 700 CDC positions vacant

(From May 2017👇) https://t.co/q5hO0g9flt",2,Trump,D,D,D,D,0.0007353885844737031
1424553118696607744,RT @WalshFreedom: I have very little patience for those who downplay the threat Trump posed as a sitting President trying to overturn the 2…,1,President,D,D,D,D,0.0007353885844737031
1267769896194236416,"Trump using a church, NOT to pray or to read scripture. It was an awkard, PHOTO OP, where he held a Bible up in the air and pointed at it, like it was a Trump steak. People were pepper sprayed to make space for this. He is at best a mockery during this deeply depressing time.",1,Trump,D,D,D,D,0.0007353885844737031
1244062234923286528,RT @JoeBiden: Donald Trump’s ego will cost lives. https://t.co/JNcGny13KO,2,Donald Trump,D,D,D,D,0.0007353885844737031
1373282593202958336,"3) things are going as well as can be expected... #B117 variant surging in South Florida.

Why do we pretend nothing will happen? I didn’t suffer through a doctorate in epidemiology by age 23, just so that @GovRonDeSantis can pretend to govern. 

https://t.co/Nnn6oHIRSx",1,@GovRonDeSantis,D,D,D,D,0.0007353885844737031
1320743639857811456,"@FudgeMonkeyYT @ommyhassan @benabshari @509ShawnG @realDonaldTrump @JoeBiden Higher tariffs hurt the American consumer as much as if not more than Mexico. No, Mexico did not pay for the wall. YOU paid for it. All the taxpayers, who Trump lied to about who was going to pay for the wall, paid for it.",1,@realDonaldTrump,D,D,D,D,0.0007353885844737031
1269632844609007616,"Get Rid of those old Jim Crow Congressman, that's why it is IMPORTANT to Vote. #AMJoy",1,Congressman,D,D,D,D,0.0007353885844737031
1326911300140724224,We epidemiologists never been more sad during #COVID19. It’s like watching Trump piloting a plane ✈️ and neglect to steer it from an impending crash with 330 mil Americans aboard—all while us epidemiologists are banging on the cockpit door in vain to try to make him listen. https://t.co/0JH9PYGjH1,1,Trump,D,D,D,D,0.0007353885844737031
1260254073078657024,"Our president is out every single day talking and working with others, yet @JoeBiden is hiding in his basement. Which kind of president do y'all want?",2,@JoeBiden,D,D,D,D,0.0007353885844737031
1450467701311385600,"RT @FPWellman: Donald Trump is a deeply broken psychotic loser. No one will say nice things about him when he’s dead. He will die broke, al…",1,Donald Trump,D,D,D,D,0.0007353885844737031
1313091322274865152,"He has weakened our vital institutions &amp; the perceptions of American power.
He has embraced isolationism, and conspiracy.
He stokes unrest.

The national security crisis isn’t that Trump is sick.
The crisis is that he is president.

Via @RenewGreatPower 

https://t.co/jMMq06snzh",2,Trump,D,D,D,D,0.0007353885844737031
1342950512220643328,"One of the most terrifyin' epiphanies you may experience this Christmas season is realizin' a United States ""President"" is withholdin' comment about a terrorist attack until he knows if the attacker supports him or not.",1,President,D,D,D,D,0.0007353885844737031
1295933524386574336,"Because unlike the President of the United States, we understand that we're expected to play by the rules. Candidates that come to the convention over a delegate threshold receive a nomination. Senator Sanders did, so he gets a nomination. It's unity and respect, not division. https://t.co/H2aRx2iBNV",1,President,D,D,D,D,0.0007353885844737031
1429870006473531392,@greta Rushed approval isn't legitimate. It only makes me less likely to get it since the FDA no longer cares about the science,1,FDA,D,D,D,D,0.0007353885844737031
1310358619280543744,"@LarrySabato Basically,  the President of the United States is so bankrupt that, if he were any other appointee, he would not be able to get a security clearance &amp; would be a national security risk.",1,President,D,D,D,D,0.0007353885844737031
1325640882796761088,"Biden team has only 10 weeks to complete a massive transition.  By his childish antics, Trump threatens to gum up the works &amp; delay help for tens of millions of Americans.  No President in history has been more selfish.  @CNN",3,Trump,D,D,D,D,0.0007353885844737031
1431060188526694400,"Donald Trump sent a gang of terrorists to attack the US because he lost an election. 

Don’t really give a shit what he thinks about Afghanistan.",1,Donald Trump,D,D,D,D,0.0007353885844737031
1405301021224673280,@TomiLahren Putin became DELIGHTED the moment mentally unstable Trump gave him a free pass for interfering in our elections.,1,Trump,D,D,D,D,0.0007353885844737031
1360473959150460928,"When their time comes, we need to primary Rand Paul, Ted Cruz, Josh Hawley, Tommy Tuberville, Kevin McCarthy, Marco Rubio, Jim Jordan, Devin Nunes, John Cornyn, Ron Johnson, and Mike Lee. This can be done within the next 6 years. These men should not be in positions of power.",1,Rand Paul,D,D,D,D,0.0007353885844737031
1360473959150460928,"When their time comes, we need to primary Rand Paul, Ted Cruz, Josh Hawley, Tommy Tuberville, Kevin McCarthy, Marco Rubio, Jim Jordan, Devin Nunes, John Cornyn, Ron Johnson, and Mike Lee. This can be done within the next 6 years. These men should not be in positions of power.",3,Josh Hawley,D,D,D,D,0.0007353885844737031
1360473959150460928,"When their time comes, we need to primary Rand Paul, Ted Cruz, Josh Hawley, Tommy Tuberville, Kevin McCarthy, Marco Rubio, Jim Jordan, Devin Nunes, John Cornyn, Ron Johnson, and Mike Lee. This can be done within the next 6 years. These men should not be in positions of power.",6,Marco Rubio,D,D,D,D,0.0007353885844737031
1360473959150460928,"When their time comes, we need to primary Rand Paul, Ted Cruz, Josh Hawley, Tommy Tuberville, Kevin McCarthy, Marco Rubio, Jim Jordan, Devin Nunes, John Cornyn, Ron Johnson, and Mike Lee. This can be done within the next 6 years. These men should not be in positions of power.",10,Ron Johnson,D,D,D,D,0.0007353885844737031
1266409375486205952,RT @SpiroAgnewGhost: @gtconway3d @realDonaldTrump @gop’s malignant enabling of Trump has done as much damage to America as Trump’s malignan…,1,@realDonaldTrump,D,D,D,D,0.0007353885844737031
1251290606669836288,RT @sarahkendzior: I've quoted this passage from Trump -- where he states his intent to cause riots and US economic collapse -- so many tim…,1,Trump,D,D,D,D,0.0007353885844737031
1309079650757414912,RT @RBReich: Do not lose hope or fall into cynicism. That's what Trump is counting on. The next weeks are the testing time of our fortitude…,1,Trump,D,D,D,D,0.0007353885844737031
1291470132355698688,"I've updated my Twitter username to stand in solidarity with my Black American friends, who first had their blackness snatched by Joe Biden, before he proceeded to tell them they are all monolithic lemmings. 

#NotableException ✊🏾",1,Joe Biden,D,D,D,D,0.0007353885844737031
1215709437215825920,"BREAKING: Trump privately said one reason he had the Iranian General killed was to ensure some Republican Senators would support him in the upcoming impeachment trial. Trump is a disgrace and a danger to us all. The Senate must remove him, and then he should be thrown in prison.",3,Trump,D,D,D,D,0.0007353885844737031
1230940975599583232,"No matter how many times President Trump lies, the reality is clear:

Putin is interfering in our elections again in 2020—just like in 2016.

Senate Republicans need to explain why they have blocked election security bills TWENTY times.",1,President Trump,D,D,D,D,0.0007353885844737031
1436131426114707456,"RT @Runde_MC: @KimReynoldsIA You rejected almost $100,000,000 we could have used to keep our kids and schools safe. 

Our hospitals are ove…",1,@KimReynoldsIA,D,D,D,D,0.0007353885844737031
1314412657030631424,"@pquaife Between him, senator insider trading and governor covid spread. Woof.",1,governor,D,D,NA,D,0.09062008125522152
1415426646794977280,"Joe Biden's Eventful Day As President Today:

-Lunch
-Meeting
-Lid",1,Joe Biden,D,D,NA,D,0.09062008125522152
1308605986924572672,Your nightly reminder that Martha McSally and Kelly Loeffler have never actually been elected to the U.S. Senate and literally do not represent the will of the people in deciding who should fill the vacancy left by Justice Ginsburg.,4,Kelly Loeffler,D,D,NA,D,0.09062008125522152
1241445759272333312,"The best @JoeBiden add to date!

A briefing similar to this, (@RonaldKlain leading?) every weekday, (after Trump's BS brief) would allow Dems to immediately speak to lies, disinformation, and offer both solutions and an example of the kind of leadership America needs! Watch👇 https://t.co/aFGRNmfqZ8",3,Trump,D,D,NA,D,0.09062008125522152
1267590687081418752,TRUMP JUST DECLARED WAR ON AMERICA,1,TRUMP,D,D,NA,D,0.09062008125522152
1254119734154530816,Sesame Street tried warning people for years about Trump and they still wouldn’t listen. #CNNSesameStreet https://t.co/ezKf6CmX7W,1,Trump,D,D,NA,D,0.09062008125522152
1342171162890153984,"There are positions the president holds that his party will buck and those they won't. $2,000 checks is a no go. Falsely and repeatedly claiming the election was stolen, is fine.",1,president,D,D,NA,D,0.09062008125522152
1319698635853074432,"I find it odd, if not curious, that the moment I hit “send” on my column that’s highly critical of Joe Biden my Wi-Fi service disconnected. Inexplicably, it will be out all day. Never happened before. Probably just a coincidence. I drove to the local store and sent the column .",1,Joe Biden,D,D,NA,D,0.09062008125522152
1241921484320358400,"Nothing in the Senate has shocked me, until today. Standing in the way of a critically needed rescue package is irresponsible and reckless. Dems say not enough money to states: nearly $200 billion isn’t chump change. Hospitals get at least $75 billion.",1,Senate,D,D,NA,D,0.09062008125522152
1420167405607731200,RT @RetireMarco: We expect more from our Senator than a daily copy and pasted Bible verse.,1,Senator,D,D,NA,D,0.09062008125522152
1281304505825366016,"When Trump loses in November, Republicans are gonna turn on him so quickly. It's not too late for them to put party aside and speak out against this monstrous administration TODAY. We know how they really feel. Just watch. https://t.co/bRl5a4GBKc",1,Trump,D,D,NA,D,0.09062008125522152
1366845161075015680,"@charliekirk11 Charlie, Charlie, Charlie. The entire world has been laughing at us for four years under Trump.",1,Trump,D,D,NA,D,0.09062008125522152
1360700946225848320,RT @_celia_bedelia_: Chuck Schumer should not be majority leader if he can’t stand up to Mitch McConnell’s bitch-ass.,1,Chuck Schumer,D,D,NA,D,0.09062008125522152
1272935526123876352,NOT TRUE what @realDonaldTrump  said that @BarackObama &amp;  @JoeBiden did nothing! The Obama admin had 21st Century Policing enforced by the DOJ &amp; its Civil Rights Division. Pattern &amp; Practice &amp; body cams were part of the accountability then. Trump abolished the Civil Rights office,4,Trump,D,D,NA,D,0.09062008125522152
1281364857334398976,"@realDonaldTrump Obama: Zero Indictments
Trump: 14 Indictments",2,Trump,D,D,NA,D,0.09062008125522152
1340399606014865408,"So the president is discussing appointing as a special counsel someone whose deranged crackpot conspiracy theories have been laughed out of court, while consulting a retired general who has been musing about using the military to force new elections in states Biden won. https://t.co/36faZNDlHr",1,president,D,D,NA,D,0.09062008125522152
1367310585474535424,"77% of voters support the American Rescue Plan. 

But zero Republicans in Congress voted to pass it. https://t.co/cmtMFLZf8h",1,Republicans in Congress,D,D,NA,D,0.09062008125522152
1340064977109991424,"RT @donwinslow: Donald Trump continues the same strategy:

Commit so many horrors that the American people are constantly exhausted, on the…",1,Donald Trump,D,NA,D,D,0.21657624380478505
1427739086618382336,Trump literally orchestrated it so that the Taliban would take over Afghanistan. In his own words… https://t.co/Tgx6J0AIvx,1,Trump,D,NA,D,D,0.21657624380478505
1319613998334005248,"Biden leads by 10 points in polls- but Trump can still win by voter suppression/electoral college fluke/if we dont get out all our vote/cheating on the count.

Only the brain dead are still ""independent"" after these 4 yrs/won't impact election.

Vote/Rouse others to vote. https://t.co/9krI6dj5Sr",2,Trump,D,NA,D,D,0.21657624380478505
1309617339202039808,@realDonaldTrump @FDA And when was your direction on nursing homes? The same time you said need to disinfect our insides with Clorox,2,FDA,D,NA,D,D,0.21657624380478505
1375074100226490368,America doesn't need gun control. It needs government control.,1,government,D,NA,D,D,0.21657624380478505
1265857032441270272,"RT @DahlELama2: @realTuckFrumper @PressSec 
Translation: Trump is going to violate the First Amendment and stifle free speech because he go…",2,Trump,D,NA,D,D,0.21657624380478505
1293668793236037632,"Trump now bragging about judges and making the false claim that the stock market ""signals a V-shaped recovery"" for the economy, which is not even close to being the case. https://t.co/cGbTFBUnQE",1,Trump,D,NA,D,D,0.21657624380478505
1370572891599773696,"@GOPLeader You secretly said to colleagues, ""There's two people I think Putin pays--Rohrabacher and Trump. Swear to God,"" on June 15, 2016, and never thought giving Trump info was a problem.

Hush, #KremlinKevin 

https://t.co/AyotzY8f0Y",1,@GOPLeader,D,NA,D,D,0.21657624380478505
1343975743693307904,RT @MICHELLEBUDZ: @gartmartin9 @kylegriffin1 Trump always knew Mitch would block it too. He wanted to look like the good guy that he isn't.,1,Trump,D,NA,D,D,0.21657624380478505
1258599988877131776,"If the FBI can do that to a three-star general working as an advisor to the President of the United States, what do you think they can do to the average citizen if they want to?

Remember, the scariest part of Nazi Germany was the Gestapo and for the Soviet Union, it was the KGB.",1,FBI,NA,D,D,D,0.28667601917114044
1298074748375699456,Kristin Urquiza’s father passed away from #Covid19. His only pre-existing condition was trusting Donald Trump. #RNChaos https://t.co/JZkC0FUcko,1,Donald Trump,NA,D,D,D,0.28667601917114044
1313194517395394560,"“Don’t be afraid of Covid,” Trump says, while in quarantine, in a hospital he was airlifted to, and been in for the last four days, where he needed to be hooked up to oxygen, and is taking experimental medicine, because there is no vaccine, cure or therapeutic. Nothing to fear...",1,Trump,NA,D,D,D,0.28667601917114044
1284192253444067328,RT @funder: If you’re pro-Trump you’re pro-virus.,1,Trump,NA,D,D,D,0.28667601917114044
1246045762674479104,"The people in charge are scammers. So they are bad at running the government, bad at handling economic distress, and bad at protecting Americans from disease. Like most successful scammers though, they are exceedingly good at getting away with crimes.",1,government,NA,D,D,D,0.28667601917114044
1247547780467310592,RT @FrankFigliuzzi1: Think the evidence in Trump’s last impeachment trial was powerful? How about negligent homicide: https://t.co/fkPQFv6H…,1,Trump,NA,D,D,D,0.28667601917114044
1283572317117771776,RT @atrupar: Trump has numbed us to how unethical it is for White House officials (including the president) to promote private businesses t…,3,Trump,NA,D,D,D,0.28667601917114044
1260625700853354496,"Trump’s team is pushing the CDC to change how US coronavirus deaths are calculated, so the number is lower. The biggest coverup in American history.",2,Trump,NA,D,D,D,0.28667601917114044
1293669089987239936,"@MyDailyCapital @LauraKi8833 @NickAdamsinUSA Well, IF Ms. Harris were actually a ""female version of Obama"", that would be wonderful, as he is an astounding leader!  tRump is a racist Nazi-loving throwback to the 1940's who left his brain behind on a golf course somewhere!",1,Harris,NA,NA,NA,NA,0.0005766760408273562
1396597726586966016,"@Build_Blue_Wall @andrewsaundry You do understand that more Clinton supporters voted for McCain than Bernie supporters voted for Trump? Also y'know who campaigned for Hillary despite losing a rigged primary? Bernie, how the fuck does she lose to Trump despite all that?",2,Trump,NA,NA,NA,NA,0.0005766760408273562
1250189212638314496,RT @Acosta: After Fauci clarifies comments Trump jumps up to complain about press coverage again: “I guess I’m doing ok. I’m the president…,2,Fauci,NA,NA,NA,NA,0.0005766760408273562
1283880008075956224,"Are Members of Congress, governors, mayors even.. violating ethics rules that bar government officials from using their public office to endorse specific groups or products. #BlackLivesMatter",1,Members of Congress,NA,NA,NA,NA,0.0005766760408273562
1283880008075956224,"Are Members of Congress, governors, mayors even.. violating ethics rules that bar government officials from using their public office to endorse specific groups or products. #BlackLivesMatter",3,government officials,NA,NA,NA,NA,0.0005766760408273562
1384312612201009152,"RT @MeidasTouch: Ron Johnson, a senator who celebrates the Fourth of July in Moscow, Russia, is going to be removed from the U.S. Senate wi…",2,senator,NA,NA,NA,NA,0.0005766760408273562
1423640484766011392,"We’re honored. 

US Senator Max Cleland (ret.) endorses Marcus Flowers in his campaign against Rep. Marjorie Taylor Greene. 

“Marcus sat across the table and negotiated with Afghan warlords so I know he can deliver in Washington.” 

-Senator Max Cleland https://t.co/0bNWlQQHtS",1,Rep. Marjorie Taylor Greene,NA,NA,NA,NA,0.0005766760408273562
1207403033732120576,"@justinamash
 represent your constituents in MI &amp; vote NO on the articles of impeachment of President Donald John Trump.  No proof of High Crimes &amp; Misdemeanors has been presented.  This is not ""your"" vote, rather it is ""our vote"", the people who sent you to DC. 
@realDonaldTrump",3,@justinamash,NA,NA,NA,NA,0.0005766760408273562
1347671970196975616,RT @TexasTribune: Julián and Joaquin Castro are calling on Ted Cruz to resign after he objected to Joe Biden's victory just before pro-Trum…,2,Joaquin Castro,NA,NA,NA,NA,0.0005766760408273562
1288953140625264640,"The co-founder of the Federalist Society, who voted for Trump and opposed both the Mueller probe and Ukraine impeachment, says the president’s tweet about delaying the election is grounds for impeachment: https://t.co/FOmO1X57lC",1,president,NA,NA,NA,NA,0.0005766760408273562
1423656826491506688,"Trump supporters are taking Ivermectin, intended for cattle and sheep, as a cure for COVID-19.

I could not possibly be less surprised by this.",1,Trump,NA,NA,NA,NA,0.0005766760408273562
1352012365487874048,"RT @JoyAnnReid: This is amazing. The Black woman Vice President swears in three new Democratic Senators: one Black, one Jewish, one Latino.…",2,Democratic Senators,NA,NA,NA,NA,0.0005766760408273562
1235003675300462592,"READ: Bernie Sanders Lists Trump's Health Budget Cuts: 'I'm Sure the American People Will Be Just Overjoyed by This Generous $100,000 Donation.' - Second Nexus https://t.co/uO90oVbRu8",2,Trump,NA,NA,NA,NA,0.0005766760408273562
1465773437352235008,"@DjRodgers1231 @HRH_AlexNicole @NancyMace ""Covid policies"" while Biden is bragging about having the lowest jobless claims since 1969. Ok lmao.",2,Biden,NA,NA,NA,NA,0.0005766760408273562
1318140110743904256,"RT @KimMangone: I would suggest getting used to saying KAMALA right, because you’re going to be calling her Vice President soon.",2,KAMALA,NA,NA,NA,NA,0.0005766760408273562
1272373797488693248,"Police need to use overwhelming force to put down this insurrection. If local governments refuse, the federal government should step in.

Nothing good can come from coddling these criminals for even one second. Many arrests, long sentences, no confusion.

https://t.co/5FzxuRh5WT",1,government,NA,NA,NA,NA,0.0005766760408273562
1428385266578952192,RT @HAMPTONETTE: @mtgreenee @JoeBiden @KamalaHarris https://t.co/15Aoxd7yiX,2,@KamalaHarris,NA,NA,NA,NA,0.0005766760408273562
1465441046440161280,"New post: ""Joint Statement By Florida Democratic Party Chair Manny Diaz and First Vice Chair Judy Mount on the Passing of Pioneering Former Congresswoman Carrie Meek"" by Florida Democratic Party #DemCast https://t.co/eRTApcPJHm",1,Congresswoman,NA,NA,NA,NA,0.0005766760408273562
1435228173378129920,"I am honored to have President Trump's endorsement in our race for Lieutenant Governor to restore power back to the people of this great state!

Watch my full interview with @NatalieJHarp below ⬇️

https://t.co/C7qTdcbMqT #gapol",2,Governor,NA,NA,NA,NA,0.0005766760408273562
1224862848364490752,"BREAKING: James O’Keefe of Project Veritas has just been suspended from Twitter...

For reporting on Bernie Sanders campaign officials praising gulags and violence against Trump supporters.

Big tech censorship is real and must be stopped.

BLOW. THIS. UP!",2,Trump,NA,NA,NA,NA,0.0005766760408273562
1317985417476644864,"Believe them or dismiss them, but you should definitely LISTEN to the former Trump administration officials now sounding the alarm about the president for whom they once served.  Tonight at 9 pm ET and Pacific on @CNN — https://t.co/7TSV2yFAJH",1,Trump administration,NA,NA,NA,NA,0.0005766760408273562
1434648766422847488,"RT @PerfectMisty: @SarlisSioux @POTUS @SecDebHaaland @Freedom4Horses @jaredpolis @GovofCO @SenFeinstein #haltthehelicopters
#wildhorses",1,@POTUS,NA,NA,NA,NA,0.0005766760408273562
1434648766422847488,"RT @PerfectMisty: @SarlisSioux @POTUS @SecDebHaaland @Freedom4Horses @jaredpolis @GovofCO @SenFeinstein #haltthehelicopters
#wildhorses",3,@jaredpolis,NA,NA,NA,NA,0.0005766760408273562
1434648766422847488,"RT @PerfectMisty: @SarlisSioux @POTUS @SecDebHaaland @Freedom4Horses @jaredpolis @GovofCO @SenFeinstein #haltthehelicopters
#wildhorses",5,@SenFeinstein,NA,NA,NA,NA,0.0005766760408273562
1351769801501204480,"RT @KellyO: Three new senators, all Democrats, are scheduled to be sworn in tomorrow afternoon about 4:30pm. @ossoff @ReverendWarnock @Alex…",1,senators,NA,NA,NA,NA,0.0005766760408273562
1351769801501204480,"RT @KellyO: Three new senators, all Democrats, are scheduled to be sworn in tomorrow afternoon about 4:30pm. @ossoff @ReverendWarnock @Alex…",3,@ReverendWarnock,NA,NA,NA,NA,0.0005766760408273562
1222966099999907840,"BREAKING: Bill Barr says Trump impeachment 100% valid 

cc: @MittRomney @lisamurkowski @SenatorCollins @SenAlexander @MarcoRubio @tedcruz @SenCoryGardner https://t.co/DBKliNWdEN",2,@lisamurkowski,NA,NA,NA,NA,0.0005766760408273562
1222966099999907840,"BREAKING: Bill Barr says Trump impeachment 100% valid 

cc: @MittRomney @lisamurkowski @SenatorCollins @SenAlexander @MarcoRubio @tedcruz @SenCoryGardner https://t.co/DBKliNWdEN",4,@SenAlexander,NA,NA,NA,NA,0.0005766760408273562
1222966099999907840,"BREAKING: Bill Barr says Trump impeachment 100% valid 

cc: @MittRomney @lisamurkowski @SenatorCollins @SenAlexander @MarcoRubio @tedcruz @SenCoryGardner https://t.co/DBKliNWdEN",6,@tedcruz,NA,NA,NA,NA,0.0005766760408273562
1222966099999907840,"BREAKING: Bill Barr says Trump impeachment 100% valid 

cc: @MittRomney @lisamurkowski @SenatorCollins @SenAlexander @MarcoRubio @tedcruz @SenCoryGardner https://t.co/DBKliNWdEN",8,Trump,NA,NA,NA,NA,0.0005766760408273562
1420627281194754048,"RFL President @clarebalding with an unintentional highlight of the Olympics, whilst interviewing 18 year old Gold Medal winning swimmer Matt Richards 😂 https://t.co/gR3bQ6JJpv",1,President,NA,NA,NA,NA,0.0005766760408273562
1364295140400103424,Roy Blunt says the next hearing will look at the Defense Department and why it took so long for the National Guard to come to the Capitol on Jan. 6,2,National Guard,NA,NA,NA,NA,0.0005766760408273562
1280630939484225536,"RT @keithboykin: Ilhan Omar:
Speaks about inequality
(Scandalous!)

Trump:
Lets 130,000 Americans die from Covid
Lets Russia put bounties o…",2,Ilhan Omar,NA,NA,NA,NA,0.0005766760408273562
1435007394841448448,"Dear @GOPLeader Kevin McCarthy,

Do you have a few minutes for a Zoom call Tuesday?

I have some questions. https://t.co/V57emxnmcA",2,Kevin McCarthy,NA,NA,NA,NA,0.0005766760408273562
1283409167047258112,"Helen Aguirre Ferré is the spokeswoman for Florida governor Ron De Santis. She previously worked for Trump.

The ""alarmist"" headline she is criticizing tops an article that predicted 4,000 coronavirus deaths in Florida.

Florida now has 4,400 coronavirus deaths. https://t.co/6UvkTPZmbb",1,governor,NA,NA,NA,NA,0.0005766760408273562
1465483301599203328,"BREAKING NEWS: The January 6 Committee announces that it will hold a vote on Wednesday to refer Jeffrey Clark, the Trump Justice Department official who tried to help Trump steal the election, for prosecution for defying its subpoena. RT IF YOU THINK THAT CLARK MUST BE LOCKED UP!",1,Justice Department,NA,NA,NA,NA,0.0005766760408273562
1350090666735493120,RT @hugolowell: Republican Sen. Tommy Tuberville now says to CBS that Biden inauguration could perhaps be delayed until after “we got this…,1,Sen. Tommy Tuberville,NA,NA,NA,NA,0.0005766760408273562
1321503149618831360,RT @carolecadwalla: Senate tech hearing STILL going on. The Republic senators are still shouting. And the @ProjectLincoln's @reedgalen &amp; Fa…,1,senators,NA,NA,NA,NA,0.0005766760408273562
1392572762212864000,White House on Liz Cheney: 'Disturbing' to see her attacked for speaking truth https://t.co/EUIShsQ9nC via @YahooNews,1,White House,NA,NA,NA,NA,0.0005766760408273562
1415374521851392000,"I just made a return at Lowe's and was asked for my ID.

A simple return requires my ID but voting for the president of the United States doesn't???

Let that shit sink in!!!!🖕",1,president,NA,NA,NA,NA,0.0005766760408273562
1329797828743483392,There have been more GOP senators who've tested positive for coronavirus this year than documented cases of voter fraud,1,GOP senators,NA,NA,NA,NA,0.0005766760408273562
1306734231062806528,RT @hugolowell: Just in: FBI Director Christopher Wray testifies before Congress at worldwide threats hearing that Russia continues to acti…,1,FBI,NA,NA,NA,NA,0.0005766760408273562
1306734231062806528,RT @hugolowell: Just in: FBI Director Christopher Wray testifies before Congress at worldwide threats hearing that Russia continues to acti…,3,Congress,NA,NA,NA,NA,0.0005766760408273562
1318560835430744064,"RT @VetAffairsDems: .@RepKathleenRice's Honoring All Veterans Act would change VA's motto to:

""To fulfill President Lincoln's promise to c…",1,President,NA,NA,NA,NA,0.0005766760408273562
1318560835430744064,"RT @VetAffairsDems: .@RepKathleenRice's Honoring All Veterans Act would change VA's motto to:

""To fulfill President Lincoln's promise to c…",3,@RepKathleenRice,NA,NA,NA,NA,0.0005766760408273562
1392599382680236032,A Bill That Removes Fauci from His Position Is About to Hit Congress - https://t.co/ySx2QY5yfc,1,Congress,NA,NA,NA,NA,0.0005766760408273562
1315745581885788160,"—@JakeTapper asks Fauci if Trump campaign should take down the ad featuring him. ""I think so,"" Fauci replies.",1,Fauci,NA,NA,NA,NA,0.0005766760408273562
1349088834022068224,"trump says ""the 25th Amendment is of zero risk to me, but will come back to haunt Joe Biden and the Biden admin.""

Does he think impeachment is the same as the 25th Amendment, because that doesn't make any sense.",1,Biden admin,NA,NA,NA,NA,0.0005766760408273562
1349088834022068224,"trump says ""the 25th Amendment is of zero risk to me, but will come back to haunt Joe Biden and the Biden admin.""

Does he think impeachment is the same as the 25th Amendment, because that doesn't make any sense.",3,trump,NA,NA,NA,NA,0.0005766760408273562
1267908645259489280,"RT @mkraju: Sen. Tammy Duckworth, Democrat of Illinois, called Trump a “draft-dodging, wannabe tinpot dictator” who is perverting “the hono…",2,Trump,NA,NA,NA,NA,0.0005766760408273562
1203528935801114624,RT @paulsperry_: Still waiting for statements from Rep. Ilhan Omar and Rep. Rashida Tlaib condemning the Islamic terrorist attack on U.S. m…,2,Rep. Rashida Tlaib,NA,NA,NA,NA,0.0005766760408273562
1348860572671090688,RT @ThomasSalzman: #IBelieveIShould call my congressman and senator and tell them to vote to Impeach and convict. https://t.co/Kn70USSMRs,2,congressman,NA,NA,NA,NA,0.0005766760408273562
1362839037556400128,"If the below is true, Louis DeJoy committed perjury. That’s a crime.

Last August @RepJeffries and I requested the @FBI to investigate Postmaster General DeJoy. No one should be above the law. https://t.co/QHq2LjhU2a",1,FBI,NA,NA,NA,NA,0.0005766760408273562
1253130339779850240,"RT @MSNBC: WATCH: President Trump says he told Georgia Gov. Kemp ""I disagree, strongly, with his decision to open certain facilities ... bu…",1,President Trump,NA,NA,NA,NA,0.0005766760408273562
1415426646794977280,"Joe Biden's Eventful Day As President Today:

-Lunch
-Meeting
-Lid",2,President,NA,NA,NA,NA,0.0005766760408273562
1352010545268981760,"President Biden and Vice President Kamala Harris visited Arlington National Cemetery to lay a wreath at the Tomb of the Unknown Soldier, an inaugural tradition. They were accompanied by former Presidents Bill Clinton, George W. Bush and Barack Obama. https://t.co/LdEWesivgh https://t.co/KcQS33qMZD",2,Vice President Kamala Harris,NA,NA,NA,NA,0.0005766760408273562
1239379493019500544,"Biden commits to a woman as his vice president. He needs progressives and young people if he's to beat Trump. That means Vice President Elizabeth Warren.

#Demdebate",2,Biden,NA,NA,NA,NA,0.0005766760408273562
1239379493019500544,"Biden commits to a woman as his vice president. He needs progressives and young people if he's to beat Trump. That means Vice President Elizabeth Warren.

#Demdebate",4,Elizabeth Warren,NA,NA,NA,NA,0.0005766760408273562
1223713702093836288,"Speaker of the House Nancy Pelosi: 79 y/o—17th term

Majority Leader Steny Hoyer: 80 y/o—20th term

Majority Whip James Clyburn: 79 y/o —14th term

House leadership has spent 102 combined years in office

Yet they blame Trump—who’s been in office for 1 term for our problems?

🤔",2,Trump,NA,NA,NA,NA,0.0005766760408273562
1449052395325968384,RT @ByronYork: Justice Department IG found top FBI official Andrew McCabe lied repeatedly about leaks to media. AG Sessions fired him in 20…,2,FBI,NA,NA,NA,NA,0.0005766760408273562
1330313023135903744,"RT @mkraju: Rep. Liz Cheney, a member of House GOP leadership, says President Trump should respect “the sanctity of our electoral process”…",1,President Trump,NA,NA,NA,NA,0.0005766760408273562
1433312758406156288,@DmitrysPlane @lasnpatterson @TTBDNS6 @ClubPhyte @AshaRangappa_ The other GP candidates were completely irrelevant nobodies who faded into nonexistence after they lost. Same reason nobody remembers Seth Moulton and Wayne Messam ran for President,1,President,NA,NA,NA,NA,0.0005766760408273562
1363637237280202752,RT @EvanDonovan: NEW: St. Pete Congressman @RepCharlieCrist is requesting the DOJ investigate @GovRonDeSantis and his involvement in the Ma…,1,DOJ,NA,NA,NA,NA,0.0005766760408273562
1363637237280202752,RT @EvanDonovan: NEW: St. Pete Congressman @RepCharlieCrist is requesting the DOJ investigate @GovRonDeSantis and his involvement in the Ma…,3,Congressman,NA,NA,NA,NA,0.0005766760408273562
1351293358531031040,"I'm old enough to remember when The Obamas gave the trumps the courtesy of a peaceful transition, even though you KNOW President Obama wanted to bodyslam trump.

I wouldn't have even minded.",2,trump,NA,NA,NA,NA,0.0005766760408273562
1351940541408305152,RT @MeidasTouch: Joe Biden leads a silent prayer for those who lost their lives to COVID-19. Finally we have a president willing to acknowl…,2,president,NA,NA,NA,NA,0.0005766760408273562
1318552233387098112,"@RepWilson No, it's not baffling Rep. Wilson. Those people in the White House are rotten, evil and want to SEE people suffering. 

They don't CARE. They're souleless.",3,Rep. Wilson,NA,NA,NA,NA,0.0005766760408273562
1371157618824126464,Awaiting comment from @POTUS @PressSec @HouseDemocrats @SenateDems and all of Hollywood celebrities and @CNN @jaketapper @brianstelter @maddow @MSNBC @Oprah @TheView https://t.co/VcPbdsYBjT,2,HouseDemocrats,NA,NA,NA,NA,0.0005766760408273562
1371157618824126464,Awaiting comment from @POTUS @PressSec @HouseDemocrats @SenateDems and all of Hollywood celebrities and @CNN @jaketapper @brianstelter @maddow @MSNBC @Oprah @TheView https://t.co/VcPbdsYBjT,4,@PressSec,NA,NA,NA,NA,0.0005766760408273562
1214046618959405056,"Speaker Nancy Pelosi (D-Calif.) announced in a letter Sunday that the House ""will introduce and vote on a War Powers Resolution to limit"" President Trump's ""military actions regarding Iran."" https://t.co/hNPLb2mwuS",2,Nancy Pelosi,NA,NA,NA,NA,0.0005766760408273562
1326985502810058752,"The Pope aka His Holiness reached out today &amp; other World Leaders have called to congratulate the 
President Elect Joey Biden 🇺🇸🇺🇸

#4MoreYears #46 

@Pontifex is a real Patriot !!!!

The @iamrapaport is DISRUPTION 

https://t.co/Q8XeE72a6P https://t.co/igXyZXLRrr",2,Biden,NA,NA,NA,NA,0.0005766760408273562
1308605986924572672,Your nightly reminder that Martha McSally and Kelly Loeffler have never actually been elected to the U.S. Senate and literally do not represent the will of the people in deciding who should fill the vacancy left by Justice Ginsburg.,1,Justice Ginsburg,NA,NA,NA,NA,0.0005766760408273562
1438159730472484864,"RT @KTLA: Fearful of Donald Trump’s actions in his final weeks as president, the United States’ top military officer twice called his Chine…",1,Donald Trump,NA,NA,NA,NA,0.0005766760408273562
1326637282468696064,Biden Covid advisor says U.S. lockdown of 4 to 6 weeks could control pandemic and revive economy https://t.co/ts7YNbtiiR,1,Biden,NA,NA,NA,NA,0.0005766760408273562
1261453435955818496,"House Minority Leader Kevin McCarthy 
Rep. Dan Crenshaw 
Rep. Matt Gaetz
Rep. Devin Nunes
Rep. Jim Jordan
Rep. Elise Stefanik
Rep. Lee Zeldin

All are at Camp David so they can receive their deflection, projection, rejection and Lysol Injection fall Syllabus.

#TrumpHasNoPlan",2,Rep. Matt Gaetz,NA,NA,NA,NA,0.0005766760408273562
1261453435955818496,"House Minority Leader Kevin McCarthy 
Rep. Dan Crenshaw 
Rep. Matt Gaetz
Rep. Devin Nunes
Rep. Jim Jordan
Rep. Elise Stefanik
Rep. Lee Zeldin

All are at Camp David so they can receive their deflection, projection, rejection and Lysol Injection fall Syllabus.

#TrumpHasNoPlan",4,Rep. Jim Jordan,NA,NA,NA,NA,0.0005766760408273562
1261453435955818496,"House Minority Leader Kevin McCarthy 
Rep. Dan Crenshaw 
Rep. Matt Gaetz
Rep. Devin Nunes
Rep. Jim Jordan
Rep. Elise Stefanik
Rep. Lee Zeldin

All are at Camp David so they can receive their deflection, projection, rejection and Lysol Injection fall Syllabus.

#TrumpHasNoPlan",6,Rep. Lee Zeldin,NA,NA,NA,NA,0.0005766760408273562
1346289221535981568,"I like Jamie Comer and he is my friend

But he, and all these other GOP politicians, say and do things in order to defend Trump that are beneath them 

Comer is smart and he knows that Trump’s arguments are ridiculous. I wish he would say that",2,Jamie Comer,NA,NA,NA,NA,0.0005766760408273562
1353794529850241024,President Joe Biden's German Shepherd dogs — Major and Champ — have moved into the White House https://t.co/KlaAzK1slD https://t.co/EvklCO0X3D,2,White House,NA,NA,NA,NA,0.0005766760408273562
1348056745143382016,"Sen. Lisa Murkowski says she wants Pres. Trump to resign, and questions whether she would remain a part of the Republican Party. https://t.co/VPe1FAISR7 https://t.co/RBnbqPVeqT",2,Trump,NA,NA,NA,NA,0.0005766760408273562
1394990783577604096,"@potus  President Biden: you must stop Israel from destroying the Palestinians...2 state solution.
Biden is increasingly at odds with other Democrats over Israel https://t.co/eaRIybntJZ",1,President Biden,NA,NA,NA,NA,0.0005766760408273562
1245031085660127232,"Trump participated in neither his impeachment hearings nor trial. Plenty time for prep vs #coronavirus.

#MoscowMitch made sure the trial was shortAF - no witnesses or documents. 

Also 2 days after his faux acquittal, Trump raided our stockpile to send medical supplies to China. https://t.co/EKT31nbqr0 https://t.co/Z6zBinlRA5",1,MoscowMitch,NA,NA,NA,NA,0.0005766760408273562
1304173039936966656,"Hmmmm...we’ve seen this done before. Top level members of Mueller's investigative team claim to have ""accidentally wiped"" at least 15 (phones used during the Trump investigation after the DOJ OIG asked for the devies to be handed over.",1,DOJ,NA,NA,NA,NA,0.0005766760408273562
1304173039936966656,"Hmmmm...we’ve seen this done before. Top level members of Mueller's investigative team claim to have ""accidentally wiped"" at least 15 (phones used during the Trump investigation after the DOJ OIG asked for the devies to be handed over.",3,Trump,NA,NA,NA,NA,0.0005766760408273562
1327402113920602112,Breaking: Congressman Louie Ghomert has stated that The U.S. Army has seized servers for Dominion in Germany.,1,U.S. Army,NA,NA,NA,NA,0.0005766760408273562
1305686925974679552,@SenHydeSmith @WhiteHouse @realDonaldTrump Donald Trump is a danger and is unfit to run this country who is protecting us from him now or we just gonna sit back and see how much more dangerous he can be to the American people who’s protecting us,3,@SenHydeSmith,NA,NA,NA,NA,0.0005766760408273562
1319767109652631552,"The problem isn't my choice of words

The problem is congressmen like you who have said more about my choice of words than the brutality of forcibly separating kids from their parents or the fact that women in detention centers are being FORCIBLY sterilized by the US government. https://t.co/KQZbNrM6HH",1,congressmen,NA,NA,NA,NA,0.0005766760408273562
1241827061435678720,"RT @SethAbramson: 1️⃣ Many in Congress are in the highest-risk group for coronavirus.
2️⃣ Sen. Paul fought a coronavirus stimulus.
3️⃣ Paul…",2,Sen. Paul,NA,NA,NA,NA,0.0005766760408273562
1333218625671614464,GOP Congressman Denver Riggleman says Trump/GOP are pulling a “massive grift” in refusing to call President-elect Biden the winner. He calls it “anti-American” and says it’s “just money-making for the 2024 election.” Says it’s “completely unethical.” He’s “so damn sick of it.”,1,President-elect Biden,NA,NA,NA,NA,0.0005766760408273562
1333218625671614464,GOP Congressman Denver Riggleman says Trump/GOP are pulling a “massive grift” in refusing to call President-elect Biden the winner. He calls it “anti-American” and says it’s “just money-making for the 2024 election.” Says it’s “completely unethical.” He’s “so damn sick of it.”,3,Trump,NA,NA,NA,NA,0.0005766760408273562
1298279699731406848,"Never forget Nikki Haley in 2016: 

“I will not stop until we fight a man  ( @realDonaldTrump ) that chooses not to disavow the KKK, that is not a part of our party.”

It is now...https://t.co/q9YJETB3LJ",1,@realDonaldTrump,NA,NA,NA,NA,0.0005766760408273562
1256636638144446464,"To @USWNT: don’t give up this fight. This is not over yet.

To @USSoccer: equal pay, now. Or else when I'm president, you can go elsewhere for World Cup funding. https://t.co/XK6t9oM94k",1,president,NA,NA,NA,NA,0.0005766760408273562
1274191428189552640,"RT @funder: BREAKING: Trump “is ethically unfit and intellectually unprepared to be president of the United States."" Speaker Pelosi",2,president,NA,NA,NA,NA,0.0005766760408273562
1176948323040862208,"Republican President Teddy Roosevelt said that patriotism means to stand by the country, not the president.

History is about to be written. I hope that my Republican colleagues will decide whether they want to stand up for corruption, or for the country we swore to protect. https://t.co/QpHjjEHkn1",1,President,NA,NA,NA,NA,0.0005766760408273562
1262542525857853440,RT @tedlieu: Dear @realDonaldTrump: You may want to check with your physician before you continue taking #Hydroxychloroquine. Repeated stud…,2,@tedlieu,NA,NA,NA,NA,0.0005766760408273562
1453535649693306880,RT @TRNshow: President Manchin &amp; VP Sinema Completely Gut Biden Spending Bill https://t.co/IEyw0jj0M0,2,VP,NA,NA,NA,NA,0.0005766760408273562
1353925190795862016,RT @TimHannan: Josh Hawley had no problem with Donald Judas Trump sabotaging the USPS in an attempt to delay mailed ballots during a pandem…,1,USPS,NA,NA,NA,NA,0.0005766760408273562
1286389772467003392,RT @AbbieRBennett: There's $21.3 billion for defense in the draft #COVID19 aid proposal from the White House/Senate Republicans but FWIW I…,2,Senate Republicans,NA,NA,NA,NA,0.0005766760408273562
1265421741272301568,BREAKING: Senator Dianne Feinstein cleared by the Justice Department in her husbands stock trades after a coronavirus meeting on The Hill...,2,Senator Dianne Feinstein,NA,NA,NA,NA,0.0005766760408273562
1366235826162696192,How can Jim Jordan be the Senate Majority Leader and Josh Hawley the Senate Minority Leader... Jim Jordan isn’t even a senator. https://t.co/Qj3Uaw03v0,1,Senate Majority Leader,NA,NA,NA,NA,0.0005766760408273562
1366235826162696192,How can Jim Jordan be the Senate Majority Leader and Josh Hawley the Senate Minority Leader... Jim Jordan isn’t even a senator. https://t.co/Qj3Uaw03v0,3,Senate,NA,NA,NA,NA,0.0005766760408273562
1366235826162696192,How can Jim Jordan be the Senate Majority Leader and Josh Hawley the Senate Minority Leader... Jim Jordan isn’t even a senator. https://t.co/Qj3Uaw03v0,5,Jim Jordan,NA,NA,NA,NA,0.0005766760408273562
1366235826162696192,How can Jim Jordan be the Senate Majority Leader and Josh Hawley the Senate Minority Leader... Jim Jordan isn’t even a senator. https://t.co/Qj3Uaw03v0,7,Jim Jordan,NA,NA,NA,NA,0.0005766760408273562
1204629250701086720,"RT @AmyMcGrathKY: A Democrat was just sworn in as Kentucky's governor. We can beat Mitch McConnell, but I'm going to need your help to do i…",2,Mitch McConnell,NA,NA,NA,NA,0.0005766760408273562
1283410069154037760,"@DemWrite Amy McGrath to defeat Mitch McConnell.
Jaime Harrison to defeat Lindsey Graham.
Sara Gideon to defeat Susan Collins.
Mark Kelly to defeat Martha McSally.
#DemCast",2,Lindsey Graham,NA,NA,NA,NA,0.0005766760408273562
1283410069154037760,"@DemWrite Amy McGrath to defeat Mitch McConnell.
Jaime Harrison to defeat Lindsey Graham.
Sara Gideon to defeat Susan Collins.
Mark Kelly to defeat Martha McSally.
#DemCast",4,Mark Kelly,NA,NA,NA,NA,0.0005766760408273562
1430816379192627200,"Donald Trump Attorney Hall Of Fame

Roy Cohn [1]
Michael Cohen [1, 3, 4]
Rudy Giuliani [2, 3, 5]
Victoria Toensing [2, 3, 5]
Sidney Powell [2, 3]
Lin Wood [2, 3]
Doug Collins

1 disbarred
2 disbarment formally requested by court
3 unpaid
4 convicted
5 office raided by FBI https://t.co/6Urq7cgzCu",1,Donald Trump,NA,NA,NA,NA,0.0005766760408273562
1430816379192627200,"Donald Trump Attorney Hall Of Fame

Roy Cohn [1]
Michael Cohen [1, 3, 4]
Rudy Giuliani [2, 3, 5]
Victoria Toensing [2, 3, 5]
Sidney Powell [2, 3]
Lin Wood [2, 3]
Doug Collins

1 disbarred
2 disbarment formally requested by court
3 unpaid
4 convicted
5 office raided by FBI https://t.co/6Urq7cgzCu",3,Doug Collins,NA,NA,NA,NA,0.0005766760408273562
1315433879067451392,Former top Postal Service official testifies Mnuchin and White House were involved in slowing mail - CBS News https://t.co/JVrI73BFOm,1,Postal Service,NA,NA,NA,NA,0.0005766760408273562
1238284154296569856,RT @JakeSherman: TO RECAP: no deal between trump admin and pelosi tonight. They hope to have an announcement tomorrow and a vote tomorrow m…,1,trump admin,NA,NA,NA,NA,0.0005766760408273562
1237849528855719936,"@atrupar Science journalist @Laurie_Garrett, a Pulitzer Prize winner for her work chronicling the Ebola virus outbreak in Zaire

...on Trump eliminating Obama’s entire #Pandemic Response Apparatus headed by @RonaldKlain

#coronavirus
#COVID19
#CoronaVirusUpdate
https://t.co/vEWoAogCyu",1,@RonaldKlain,NA,NA,NA,NA,0.0005766760408273562
1436872738833117184,"RT @BettyBowers: Profits from 9/11 Today:

Joe Biden: none
Barack Obama: none
Bill Clinton: none
George W. Bush: none
Donald J. Trump: His…",1,Joe Biden,NA,NA,NA,NA,0.0005766760408273562
1420784872294027264,RT @amandadeibert: Remember when Senator Duckworth put a tiny blazer on her newborn so she wouldn’t violate Senate floor dress code? Or whe…,1,Senator Duckworth,NA,NA,NA,NA,0.0005766760408273562
1351624314160865280,"RT @HaikuStock: My governor, Greg Abbott, thinks it's disrespectful to ensure the safety of the inauguration. https://t.co/hlydlkzJGk",1,governor,NA,NA,NA,NA,0.0005766760408273562
1223784845232558080,"seriously in need of firing, and it had very little (if anything) to do with Hunter Biden. 
Volodymyr Zelensky, Ukraine's new President, has real problems that he has to deal with. His Government recently fired more than 500 prosecutors and his new Prosecutor-General is currently",1,President,NA,NA,NA,NA,0.0005766760408273562
1207194284283375616,RT @funder: BREAKING: Senator Chris Murphy says he met privately with Ukrainian President Zelensky. Murphy makes it clear Zelensky felt pre…,1,President,NA,NA,NA,NA,0.0005766760408273562
1267478952387411968,"I'm in touch with someone who's on the governors' call with President Trump right now. They and others listening in are alarmed. The president is urging governors to take back the streets, not be ""weak,"" and use force as the nation faces growing racial unrest.",1,President Trump,NA,NA,NA,NA,0.0005766760408273562
1267478952387411968,"I'm in touch with someone who's on the governors' call with President Trump right now. They and others listening in are alarmed. The president is urging governors to take back the streets, not be ""weak,"" and use force as the nation faces growing racial unrest.",3,president,NA,NA,NA,NA,0.0005766760408273562
1314063701880705024,Let’s be honest @JoeBiden picked Kamala because she is supposedly black and it showed tonight! Pence owned her the entire debate. She is a horrible candidate and is not likeable to whites or blacks!,1,@JoeBiden,NA,NA,NA,NA,0.0005766760408273562
1391146053676720128,"RT @PoliticusSarah: House Republicans recently hid Trump’s bad polling number in core House districts from their own members.

https://t.co…",2,Trump,NA,NA,NA,NA,0.0005766760408273562
1261309473085325312,RT @RMConservative: What ever happened to those promised DOJ lawsuits against governor fascists?,1,DOJ,NA,NA,NA,NA,0.0005766760408273562
1296810591131181056,"Congress must pass legislation right now to force Postmaster DeJoy to return the USPS to its full capacity.

Pass it on.",1,Congress,NA,NA,NA,NA,0.0005766760408273562
1296810591131181056,"Congress must pass legislation right now to force Postmaster DeJoy to return the USPS to its full capacity.

Pass it on.",3,Postmaster DeJoy,NA,NA,NA,NA,0.0005766760408273562
1357362674229776384,"“SHE DISCREDITS THE CONSERVATIVE MOVEMENT AND, AS FAR AS I'M CONCERNED, SHE'S NOT IN MY TENT,” GOP @SenBillCassidy to me, contradicting @GOPLeader McCarthy on @mtgreenee",2,@GOPLeader,NA,NA,NA,NA,0.0005766760408273562
1292057024906366976,"Trump’s Postmaster General Louis DeJoy and his wife, Aldona Wos, nominated to become our ambassador to Canada, own between $30 million and $75 million of assets in competitors to the US Postal Service. No problem there, right?",2,Postal Service,NA,NA,NA,NA,0.0005766760408273562
1308068412569116672,Trump is right to show respect for RBG. True presidential behavior. Far too rare.,2,RBG,NA,NA,NA,NA,0.0005766760408273562
1313187898955456512,"RT @fake_biden: Fuck the Christmas. And fuck the Easter. And fuck the Easter Island, for the good measure.
-Melanie https://t.co/89TfPPFJdT",1,biden,NA,NA,NA,NA,0.0005766760408273562
1255664165676433408,"RT @ErrolWebber: My name is Errol Webber &amp; I’m running for Congress in LA against Karen Bass.

I won my primary and now the true battle beg…",2,Karen Bass,NA,NA,NA,NA,0.0005766760408273562
1298786964599177216,"@ddale8 Crenshaw’s statement about liberty, freedom and other countries is embarrassingly erroneous and ethnocentric. But it’s consistent with the level of ignorance one would expect of a full-time Trump sycophant.",1,Trump,NA,NA,NA,NA,0.0005766760408273562
1319666713206706176,Something we've all HEARD COME OUT OF HIS MOUTH.....Who BUILT THE CAGES JOE? FACT CHECK showed those photos making the rounds that raised serious questions came from 2014.....And Biden called Trump Abraham Lincoln trying to be a smart ass about an earlier statement that he,2,Trump,NA,NA,NA,NA,0.0005766760408273562
1347381302895505408,Retweet if you want @SpeakerPelosi and @senatemajldr to impeach and remove Donald Trump so he cannot run in 2024,3,@senatemajldr,NA,NA,NA,NA,0.0005766760408273562
1326425698211401728,"🌸✋🌼😷💮👐🌸😷🌼✋💮
#facemasks #facemasks4all
#gifts #shoppingonline #healthandsafety#onlineshopping #socialdistancing #Quarantine
CDC recommends the use of cloth face coverings to supplement social distancing in fight against spread of  #covid19
https://t.co/U3PLC00eep https://t.co/ZqWnhLwF5I",1,CDC,NA,NA,NA,NA,0.0005766760408273562
1431336719542939648,RT @TheRealHoarse: Sean Spicer wants you to know that Trump didn’t make him a loser; he was and is a loser all on his own.,1,Trump,NA,NA,NA,NA,0.0005766760408273562
1352409626990571520,"RT @kylegriffin1: The Proud Boys now mock Trump:

In dozens of conversations on social media, members of the far-right group are calling Tr…",1,Trump,NA,NA,NA,NA,0.0005766760408273562
1405219989712424960,".@POTUS: ""How would it be if the United States were viewed by the rest of the world as interfering with the elections directly of other countries and everybody knew it? What would it be like if we engaged in activities that he engaged in? It diminishes the standing of a country."" https://t.co/yFFwwSKxSl",1,@POTUS,NA,NA,NA,NA,0.0005766760408273562
1246193854090563584,JUST IN: President Trump announces the CDC recommendation that Americans voluntarily wear non-medical face masks in public https://t.co/XlDsPb6adn,2,CDC,NA,NA,NA,NA,0.0005766760408273562
1387832291930611712,Please share across all platforms. Do you Know this person?? Please contact the FBI with 319-AFO do not post names on social media #SageCopWhacker #DCRiots #CapitolRiots https://t.co/T3QTLGNB2i,1,FBI,NA,NA,NA,NA,0.0005766760408273562
1244673170893930496,"Breaking: #Submarines are not save from the virus. So far coronavirus has claimed 3 subs. Two Russian, one Dutch. Nod to @hdevreij for Dutch info, @NavyLookout for use of tweet, and @BarentsNews for #Russia news
https://t.co/LUCaTeIcxs",1,Navy,NA,NA,NA,NA,0.0005766760408273562
1293331001368809472,Taylor Swift officially endorses Kamala Harris for VP of the United States in new tweet. 🇺🇸 https://t.co/Fz7ahz1N0m,2,VP,NA,NA,NA,NA,0.0005766760408273562
1324761653913686016,"First they asked what happens if Trump doesn’t concede. 

We explained that it doesn’t matter. 

But they kept asking.

Finally everyone understands. 

Same with the question what if he won’t leave the White House. 

Soon everyone will understand leaving isn’t up to him.",2,Trump,NA,NA,NA,NA,0.0005766760408273562
1329822265274462208,RT @PeteButtigieg: Protecting the outgoing president's ego is not worth undermining national security.,1,president,NA,NA,NA,NA,0.0005766760408273562
1315449312852221952,Early voting begins in Texas in just 36 hours. My crystal balls says George Bush will endorse Biden within those 36 hours. It would cost Trump Texas and the election.,2,Trump,NA,NA,NA,NA,0.0005766760408273562
1307521594831630336,This is the American president.  Shame on us.   Shame on us. https://t.co/AlZVfwulDJ,1,president,NA,NA,NA,NA,0.0005766760408273562
1311698674527989760,"Second piece of anti-#sexwork legislation today is the intro of #EARNITAct in the House by @RepAnnWagner, who brought you/ran on #FOSTA &amp; @RepSylviaGarcia, who we hope will be open to learning more about the false bill of goods she's co-sponsoring, HR8454 (no link yet) (1/22",1,@RepAnnWagner,NA,NA,NA,NA,0.0005766760408273562
1312155879811104768,RT @BeschlossDC: Photograph of a President in physical distress can hurt him politically—look at this of Jimmy Carter near collapse during…,1,President,NA,NA,NA,NA,0.0005766760408273562
1382908625119682560,"RT @POTUS: This afternoon, Vice President Harris and I met with Congressional Asian Pacific American Caucus leaders in the Oval Office. We…",1,Vice President Harris,NA,NA,NA,NA,0.0005766760408273562
1362623553863098368,"RT @starsandstripes: Shortly after sunrise on Jan. 15, FBI agents descended with guns drawn on a squat, red-brick apartment complex here, b…",1,FBI,NA,NA,NA,NA,0.0005766760408273562
1324865698313670656,"In true Philly fashion, Philadelphia Mayor Jim Kenney did not mince words when reporters asked him about President Donald Trump’s refusal to accept a loss to Democratic candidate Joe Biden. #Election2020 https://t.co/1T4qTPdPXs",1,President Donald Trump,NA,NA,NA,NA,0.0005766760408273562
1298302704847130624,"If Trump stooge Peter Navarro is going to be that dishonest and abusive on air, MSBNC needs to stop booking him. Forever.",1,Trump,NA,NA,NA,NA,0.0005766760408273562
1350143944399740928,RT @kylegriffin1: Mike Pence telephoned Kamala Harris on Thursday to congratulate her and offer his assistance ahead of next week's swearin…,2,Kamala Harris,NA,NA,NA,NA,0.0005766760408273562
1352249313158602752,"@RaphaelTiriel @crypto_simon69 @BrandonStraka Yes!  I saw an older screen record where it went to build back better aka joes website.  Weird how it followed him to the White House.

*actually not weird at all, one of the more transparent things about his campaign",1,White House,NA,NA,NA,NA,0.0005766760408273562
1244638173457788928,"RT @ddale8: Trump told Fox and Friends that ""nobody could have predicted something like this,"" which remains not even close to true.",1,Trump,NA,NA,NA,NA,0.0005766760408273562
1254486067853606912,"RT @BernieSanders: If the Postal Service goes under, universal and affordable delivery would no longer be a guaranteed public service.

Tha…",1,Postal Service,NA,NA,NA,NA,0.0005766760408273562
1325177654572576768,"RT @RBReich: Despite some of the highest Covid-19 death rates in America, Navajo Nation increased their turnout and went 97% for Biden...ye…",1,Biden,NA,NA,NA,NA,0.0005766760408273562
1360451993639284736,RT @BeschlossDC: So TV viewers knew Pence was in danger but Trump did not?,1,Pence,NA,NA,NA,NA,0.0005766760408273562
1202535644620214272,"Taking care of our planet, is a matter of looking after our own home. We can no longer exploit the earth’s resources—the trees, water, air and minerals—with no care for the coming generations. I support young people’s protests at governments’ inaction over the climate crisis.",1,government,NA,NA,NA,NA,0.0005766760408273562
1332372400575541248,"@JamalAlShalabi1 @RepMoBrooks Actually, you are wrong",1,@RepMoBrooks,NA,NA,NA,NA,0.0005766760408273562
1308435223214985216,"I guess Republicans can accept 200,000 deaths from a white president but not affordable healthcare from a black one.",1,president,NA,NA,NA,NA,0.0005766760408273562
1325114857969094656,"With news that Biden won, how do you feel? (Gifs only)",1,Biden,NA,NA,NA,NA,0.0005766760408273562
1274115400444178432,"RT @charliekirk11: For all the media complaining about Trump’s upcoming rally:

Why were you so silent when hundreds of thousands of people…",1,Trump,NA,NA,NA,NA,0.0005766760408273562
1347059988586500096,"Quote/paraphrasing Barry McCaffrey just now: if you tried to storm Buckingham Palace, you'd be shot. If you tried to storm the Pentagon, they'd use lethal force. Are you saying we'd just give up our seat of government to a bunch of thugs? (Apparently yes, if they're white dudes.)",1,government,NA,NA,NA,NA,0.0005766760408273562
1331631229414772736,The challenge before us right now is immense — we need bold action to fight this pandemic. That’s why @KamalaHarris and I are getting right to work preparing to get this virus under control.,1,@KamalaHarris,NA,NA,NA,NA,0.0005766760408273562
1424353591452700672,"In the 01/03 White House meeting:

- With Rosen's job hanging in balance
- ""Spent nearly three hours with Mr. Trump and Mr. Clark, debating the merits of sending the letter to Georgia lawmakers""

That's more evidence of criminal coercion, 18 U.S.C. § 610.

https://t.co/dabXbPLclG",2,Trump,NA,NA,NA,NA,0.0005766760408273562
1439303163241246720,"Biden, along with leaders from Japan, India and Australia, plan to work on building secure semiconductor supply chains when they gather for their first in-person summit in Washington this week.

https://t.co/VSBf8wB5kC",1,Biden,NA,NA,NA,NA,0.0005766760408273562
1449428564168695808,@JamesHLawson3 @Jim_Jordan Let's just keep beating this dead horse while Biden is doing a way better job destroying America than breaking windows and taking a dump on Pelosi's desk ever did.,3,Pelosi,NA,NA,NA,NA,0.0005766760408273562
1268291892287991808,"RT @Drea_got_rage: PRESIDENT OBAMA IS LIVE RIGHT NOW. 
cnn msnbc are carrying it
#takeobamalive",1,PRESIDENT,NA,NA,NA,NA,0.0005766760408273562
1291078360504754176,"Michelle Obama says she is ""dealing with some form of low-grade depression"" due to the Trump Administration. https://t.co/aQw2GGixmo",1,Trump Administration,NA,NA,NA,NA,0.0005766760408273562
1254968345125945344,"Day 1,194: Trump says he won't take responsibility for his 'disinfectant' controversy as the confirmed U.S. death toll tops 56,000.

Here tonight: 

@spettypi 
@theabstoddard 
#JeremyNoTwitterBash
@lipiroy 
@SteveSchmidtSES 
@jmeacham 

#11thHour #Coronavirus https://t.co/fgbshyTOHB",1,Trump,NA,NA,NA,NA,0.0005766760408273562
1312792454962307072,RT @Olivianuzzi: So Dr. Conley outright lied yesterday when he was asked if the president had received oxygen.,1,president,NA,NA,NA,NA,0.0005766760408273562
1278117646811238400,"RT @keithellison: Look folks, elections have consequences. ⁦ Homelessness in Greater Minnesota could be solved if Congress passed ⁦@Ilhan⁩’…",1,Congress,NA,NA,NA,NA,0.0005766760408273562
1288298799094472704,"RT @JamesTodaroMD: Just finished a great meeting with Vice President Mike Pence and his Chief of Staff.

We are doing everything to restore…",1,Vice President Mike Pence,NA,NA,NA,NA,0.0005766760408273562
1280167860183027712,"RT @MavericTV: Leftists be like, “We are the resistance...Now put your mask on like the government says!” 😆",1,government,NA,NA,NA,NA,0.0005766760408273562
1267798074887409664,@neontaster Well you know the solution...more government and money. That's all that's missing,1,government,NA,NA,NA,NA,0.0005766760408273562
1235641256241397760,STORY: @SenPeteLucido loses Senate chairmanship for 'inappropriate workplace behavior' stemming from sexual harassment complaints from three women https://t.co/1SdA5BImVd via @crainsdetroit,1,Senate,NA,NA,NA,NA,0.0005766760408273562
1300251036259618816,"@SamInspired With the way I know how the Government works Legislatively &amp; have dealt with Politicians in the passed.
I think I would make a Great President 1 day after doing some time in Congress 1st that is. To work up support in the background/ behind scene's that is

Pic of me w/ State Rep https://t.co/pWe8aZyroS",1,Government,NA,NA,NA,NA,0.0005766760408273562
1300251036259618816,"@SamInspired With the way I know how the Government works Legislatively &amp; have dealt with Politicians in the passed.
I think I would make a Great President 1 day after doing some time in Congress 1st that is. To work up support in the background/ behind scene's that is

Pic of me w/ State Rep https://t.co/pWe8aZyroS",3,Congress,NA,NA,NA,NA,0.0005766760408273562
1347362438392524800,@ErieNotEerie @LindseyGrahamSC @realDonaldTrump What devastation did he cause🤔,2,@LindseyGrahamSC,NA,NA,NA,NA,0.0005766760408273562
1274056397928517632,"RT @ChrisMurphyCT: The Chinese leader told Trump that he was going to set up concentration camps for millions of Muslims and Trump replied,…",1,@ChrisMurphyCT,NA,NA,NA,NA,0.0005766760408273562
1351247364615450624,"RT @TheRickyDavila: First Lady Dr. Jill Biden already knows her way around the White House, her husband, who will be our President, was als…",1,White House,NA,NA,NA,NA,0.0005766760408273562
1375145764729552896,"You call this a press conference?? Where’s all the ranting and gaslighting? Where are all the self aggrandizing lies? Where are all the demeaning and misogynistic insults? 

I mean really, it’s almost like President Biden is acting..*gasp*..presidential.",1,President Biden,NA,NA,NA,NA,0.0005766760408273562
1237485345807028224,@MTRichards400 @bob_bv @DavidShuster @BernieSanders He’s a Biden supporter and his profile pic is incredibly classist. What did you expect?,2,Biden,NA,NA,NA,NA,0.0005766760408273562
1273809679693611008,"RT @nytimes: Senator Amy Klobuchar announced that she had withdrawn from consideration to be Joe Biden’s running mate
https://t.co/3swF4BKH…",2,Senator Amy Klobuchar,NA,NA,NA,NA,0.0005766760408273562
1295362882675314688,"RT @jaketapper: I couldn’t believe it when I first saw it, but I checked, and yes, the president of the United States actually RTed this me…",1,president,NA,NA,NA,NA,0.0005766760408273562
1308830952244871168,"Attorney General said influencers and celebrities will speak on this decision but they don’t understand. WELL as human beings and BLACK people, any one of us could have been Breonna Taylor. excuse the hell out of us for Breonna’s murder hitting too close to home.",1,Attorney General,NA,NA,NA,NA,0.0005766760408273562
1207780902819876864,"RT @tribelaw: Will Impeachment Drive Trump Batty? It’s a short drive!
https://t.co/RtUmHMfFii",1,Trump,NA,NA,NA,NA,0.0005766760408273562
1343653440942190592,RT @nowthisnews: BIDEN DISCUSSES NATIONAL SECURITY CHALLENGES IN THE NEW YEAR President-elect Joe Biden and VP-elect Kamala Harris deliver…,2,VP-elect Kamala Harris,NA,NA,NA,NA,0.0005766760408273562
1364222002656014336,RT @DineshDSouza: These were “cages” under Trump. Now under Biden they are “shelters” or “migrant facilities.” https://t.co/EZzedIAVaJ,2,Biden,NA,NA,NA,NA,0.0005766760408273562
1281013444423147520,"RT @SafetyPinDaily: Yet again, Trump is accused of doing something he falsely claimed Obama did || By Philip Bump https://t.co/q4VWn8Ttjm",1,Trump,NA,NA,NA,NA,0.0005766760408273562
1256519888509829120,RT @RepRaulGrijalva: Veterans like the care they receive from the VA. That's why I've introduced H.Res.701 to express support for policies…,1,@RepRaulGrijalva,NA,NA,NA,NA,0.0005766760408273562
1343426652441878528,@rockdj69 @russandpeggie @e3f3c53fc7ae44e @3days3nights I read the document regarding the Impoundment Control Act.  I didn't see anything saying that Congress was forced to implement Trump's recission.....,2,Trump,NA,NA,NA,NA,0.0005766760408273562
1431995360973623296,RT @mirandadevine: This is for those poor misguided souls who think that the image of Biden with his head resting on his hands was an expre…,1,Biden,NA,NA,NA,NA,0.0005766760408273562
1452682737790357504,RT @MarshaBlackburn: Twitter is censoring @RepJimBanks for refusing to go along with the Biden administration’s performance theater. @Jim_B…,2,@MarshaBlackburn,NA,NA,NA,NA,0.0005766760408273562
1356324128777711616,"BREAKING

Former acting Def. Sec. Chris Miller stipulated in a Jan. 4 memo that the DC National Guard could not be equipped with weapons, body armor or helmets, or conduct searches or arrests, among other restrictions, without his ""personal authorization"".
https://t.co/CPGzVS0MDD",1,National Guard,NA,NA,NA,NA,0.0005766760408273562
1422255882310664192,"This doctor clearly has a degree in common sense, something some politicians seem to lack. Let's make sure that we are protecting all aspects of older Americans' bodies and add hearing, vision, and dental to Medicare! https://t.co/1pRDMhvSkf",1,Medicare,NA,NA,NA,NA,0.0005766760408273562
1405051014831542272,It seems like a daily situation and great cause for concern when you hear almost daily about an officer being shot. Yet  Congress is more worried how to keep Trump off social media and claim Jan 6th THEY almost died when these lives are at far more risk EVERY DAY https://t.co/bfBfMMI9Rm,2,Trump,NA,NA,NA,NA,0.0005766760408273562
1204555685280800768,"I just posted ""Okay, President Boomer."" on Reddit

https://t.co/gIplCenToC",1,President,NA,NA,NA,NA,0.0005766760408273562
1284214174390849536,Hey! MAGAs! @realDonaldTrump ! @VP ! This is for you. https://t.co/lsc5CoMZ3c,2,@VP,NA,NA,NA,NA,0.0005766760408273562
1323762003370930176,"RT @kayleighmcenany: VOTE for President @realDonaldTrump!

No matter how long the line, VOTE!

Your vote matters. Make your voice HEARD‼️",1,President @realDonaldTrump,NA,NA,NA,NA,0.0005766760408273562
1214791066546823168,"RT @StephenKing: Trump did this.
It’s all on Donald Trump.
Retweet if you agree.",1,Donald Trump,NA,NA,NA,NA,0.0005766760408273562
1274675978074234880,"RT @RawStory: Trump protester taken for mental health evaluation ‘to keep her from talking to the press’: Tulsa lawmaker 
#TulsaTrumpRally…",1,Trump,NA,NA,NA,NA,0.0005766760408273562
1214103309902065664,@alx @georgelopez Trump and Nugent are not normal https://t.co/DppQIYUTRT,1,Trump,NA,NA,NA,NA,0.0005766760408273562
1219696387895570432,Schiff is playing videos of Trump saying he wants witnesses to testify as part of his opening statement for the removal trial. Using Trump’s own words against him. Awesome. #TrumpsRemovalTrial,1,Trump,NA,NA,NA,NA,0.0005766760408273562
1337545299582128128,@realDonaldTrump https://t.co/HHPXCxvKzl,1,@realDonaldTrump,NA,NA,NA,NA,0.0005766760408273562
1430579625026015232,"Kevin, you have one job: Sort Trump’s Starbursts! Leave the talking to adults. https://t.co/OizgS00Ej3",1,Trump,NA,NA,NA,NA,0.0005766760408273562
1234217205920714752,"RT @bryanbehar: If getting votes from the most people is still the goal of elections, then my money is on Biden. 

If the goal is to person…",1,Biden,NA,NA,NA,NA,0.0005766760408273562
1294382437955444736,Trump’s handpicked hatchet man gutting your post office. https://t.co/exxfr2R2F9,1,Trump,NA,NA,NA,NA,0.0005766760408273562
1235389307898208256,"@GOP @realDonaldTrump Someone turn dictraitor""s mike OFF! Sick of it and GOP lies!",1,@realDonaldTrump,NA,NA,NA,NA,0.0005766760408273562
1214313601349095424,RT @JoeBiden: Let's be clear: Donald Trump does not have the authority to take us into war with Iran without Congressional approval. A pres…,2,Donald Trump,NA,NA,NA,NA,0.0005766760408273562
1347250666201341952,"RT @KenDilanianNBC: Congressman Tim Ryan just told reporters that as many as 60 Capitol Police officers were injured, including 15 hospital…",2,Congressman Tim Ryan,NA,NA,NA,NA,0.0005766760408273562
1247550823263080448,"@WhiteHouse On World Health Day, let us remember how Trump was unprepared and delayed a response to the coronavirus crisis resulting in people dying, economic collapse and the shutdown of America.",1,@WhiteHouse,NA,NA,NA,NA,0.0005766760408273562
1206691539466039296,"RT @RepSpanberger: I have studied the articles of impeachment, both Republican and Democratic reports, deposition transcripts, and public t…",1,@RepSpanberger,NA,NA,NA,NA,0.0005766760408273562
1223497947054247936,@JRubinBlogger @chrisjollyhale @BernieSanders @RashidaTlaib @HillaryClinton #TheTimeIsNow #Democrats https://t.co/V3Es6Kcysy,2,@RashidaTlaib,NA,NA,NA,NA,0.0005766760408273562
1207471830568595456,"Breaking: The majority of the House has voted to impeach President Trump, making him just the third chief executive in U.S. history to be impeached. The Senate is expected to hold a trial in January on whether to convict and remove him from office. https://t.co/euSYva6Etv",1,President Trump,NA,NA,NA,NA,0.0005766760408273562
1299841764245803008,"Rand Paul claims he was 'attacked by an angry mob' leaving White House. Problem is, there's video https://t.co/4OHGjQ6yA8",1,White House,NA,NA,NA,NA,0.0005766760408273562
1352064516574621696,"If you not as happy as Nikora is about @JoeBiden and @KamalaHarris taking the helm, you doing it wrong. https://t.co/9GVrpZyhHt",1,@JoeBiden,NA,NA,NA,NA,0.0005766760408273562
1296464742685577216,"Trump Approval Surges During DNC

https://t.co/9bIiK7uf5A",1,Trump,NA,NA,NA,NA,0.0005766760408273562
1256413880915501056,"“I believe the people of this country are smart. And I don’t think that they will put a man in who’s incompetent,” Trump said dismissing polls showing Biden ahead. https://t.co/7d8jAAUhjA",1,Trump,NA,NA,NA,NA,0.0005766760408273562
1417222158170787840,RT @atrupar: Peter Doocy asks Jen Psaki if Biden might reach out to Trump and ask for his help to get more people vaccinated https://t.co/V…,1,Biden,NA,NA,NA,NA,0.0005766760408273562
1338160842257395712,"“This court has allowed the plaintiff the chance to make his case and he has lost on the merits.”
Yet ANOTHER  @realDonaldTrump-appointed judge, this one in WI, I tosses out the president’s baseless claims.  Enough already!  You lost.  Pack and go home.
https://t.co/WWLmGcafUu",1,@realDonaldTrump,NA,NA,NA,NA,0.0005766760408273562
1384012397229182976,RT @amvetsupport: Today we saw a couple of trump supporting idiots in their pickups. When that first happened I thought they were uninforme…,1,trump,NA,NA,NA,NA,0.0005766760408273562
1382667566309539840,RT @TeaPainUSA: The “Hang Mike Pence” crowd is suddenly concerned about civil unrest.,1,Mike Pence,NA,NA,NA,NA,0.0005766760408273562
1328446797530992640,"RT @sadmonsters: Biden should start his inaugural speech by saying, “Well, that was weird.”",1,Biden,NA,NA,NA,NA,0.0005766760408273562
1310720673791311872,"BREAKING: Anti-Trump Postal Workers In GOP Neighborhoods Get Exposed For Throwing Mail-In Ballots In The Garbage....
https://t.co/uVPFSRTFxH",1,Trump,NA,NA,NA,NA,0.0005766760408273562
1332708598451892224,"RT @tribelaw: “Trump said Thursday he would leave the White House if the electoral college voted for President-elect Biden next month, thou…",2,White House,NA,NA,NA,NA,0.0005766760408273562
1245748640594919424,RT @olgaNYC1211: Hmmm. So Putin denies speaking to MbS like Trump claimed. Yet the stock and oil markets go up https://t.co/80WgkVYkwy,1,Trump,NA,NA,NA,NA,0.0005766760408273562
1257833804053397504,"“No, I will not make a statement to you FBI agents, and the reason is General Mike Flynn. Bye.”",1,FBI,NA,NA,NA,NA,0.0005766760408273562
1331255279523147776,@realDonaldTrump The only stench that’s out there is you,1,@realDonaldTrump,NA,NA,NA,NA,0.0005766760408273562
1413560085780049920,"RT @DonaldJTrumpJr: David Chipman, Biden's radical ATF nominee, is a massive threat to our Second Amendment #2A rights. The Senate should r…",2,Senate,NA,NA,NA,NA,0.0005766760408273562
1204475115372630016,RT @C_3C_3: If President Trump is guilty of compromising US National Security by withholding military aid to Ukraine for a short time what…,1,President Trump,NA,NA,NA,NA,0.0005766760408273562
1241078785983655936,RT @dumptrump33: Joe Biden needs to do this everyday. Emphasize the difference between him and Trump. Give the American people some honest…,1,Joe Biden,NA,NA,NA,NA,0.0005766760408273562
1405412865402564608,RT @sahilkapur: Monmouth poll: 60% of voters support Biden's $1.9 trillion stimulus law (including 38% of self-identified Republicans). Not…,1,Biden,NA,NA,NA,NA,0.0005766760408273562
1354196452671713280,"My career has come full circle. I started at the @StateDept in 1993, and, today, it's the honor of my life to lead the Department's women and men as the 71st Secretary of State.",2,@StateDept,NA,NA,NA,NA,0.0005766760408273562
1293301914722086912,"RT @tj_melon: @realDonaldTrump Trump focuses on stocks because he caters to those whose wealth is based in stocks - the rich. 

Obama/Biden…",1,@realDonaldTrump,NA,NA,NA,NA,0.0005766760408273562
1293301914722086912,"RT @tj_melon: @realDonaldTrump Trump focuses on stocks because he caters to those whose wealth is based in stocks - the rich. 

Obama/Biden…",3,Biden,NA,NA,NA,NA,0.0005766760408273562
1311153586970132480,RT @ZeldaDan1: What worked for Trump 4 years ago won’t work for him now. We are 4 years older and won’t take it anymore,1,Trump,NA,NA,NA,NA,0.0005766760408273562
1273677458630250496,"This unchallenged quote in the Ars Technica story about Billy Mitchell's record being reinstated by Guinness is really something, huh? It is extremely easy to put an emulator in a cabinet. People have done it for DECADES. https://t.co/aSic194UjH",1,cabinet,NA,NA,NA,NA,0.0005766760408273562
1318349594036756480,"RT @JohnFugelsang: All you need to know about the Trump Campaign is this:

They're asking people to trust the judgement of someone who marr…",1,Trump,NA,NA,NA,NA,0.0005766760408273562
1202357808907337728,The Democrat congress look to me like rotten corpses - Here in SWEDEN I have found large support for @realDonaldTrump - actually where-ever I have gone !!! They even have commented on the absurdity of impeachment hearing - Democrats are subversive to our nation’s Safety https://t.co/A2JsXCgAry,2,@realDonaldTrump,NA,NA,NA,NA,0.0005766760408273562
1299177683868422144,@MikeBloomberg psst.....have an extra billion to put towards Joe Biden and Kamala Harris? Pleaseeeeee? https://t.co/iQDWZnvYQg,1,Joe Biden,NA,NA,NA,NA,0.0005766760408273562
1291707955277189120,"RT @davidaxelrod: One thing we know is that @JoeBiden is a man of deep faith, which is what allowed him to survive unthinkable tragedies in…",1,@JoeBiden,NA,NA,NA,NA,0.0005766760408273562
1213668906654552064,"ISIS targets cultural sites. The Taliban destroys cultural sites.  The United States of America should not join this list. Please @DeptofDefense @StateDept, roll back this horrific statement by @realDonaldTrump &amp; make clear that we will not target Iranian cultural sites.",3,@StateDept,NA,NA,NA,NA,0.0005766760408273562
1224937172530106368,RT @SarahHuckabee: Nancy Pelosi tearing up President @realDonaldTrump’s State of the Union address tells you everything you need to know ab…,1,President @realDonaldTrump,NA,NA,NA,NA,0.0005766760408273562
1255540100030660608,"Unpopular opinion I'm sure, but I'm not certain the Amash candidacy hurts Biden like people assume it will. If you keep in mind how tribal American partisanship is, you know there is a certain percentage of the Republican vote that is precisely that: tribal.",1,Biden,NA,NA,NA,NA,0.0005766760408273562
1359948398149791744,RT @TimRunsHisMouth: Marjorie Taylor Greene will be re-elected forever and might as well run for President with the promotion she's getting…,2,Marjorie Taylor Greene,NA,NA,NA,NA,0.0005766760408273562
1269823341382242304,"RT @fred_guttenberg: As long as these grifters are in OUR White House, they will continue to be exposed with brutal ads like this. https://…",1,White House,NA,NA,NA,NA,0.0005766760408273562
1309149863104442368,"Pelosi: ""Mr President -- you are in the United States of America. It is a democracy. So why don't you just try for a moment to honor your oath of office to the Constitution of the United States.""",2,Pelosi,NA,NA,NA,NA,0.0005766760408273562
1300523425258254336,@robbysoave Biden’s running mate personally raised money to bail out violent rioters in Minnesota.,1,Biden,NA,NA,NA,NA,0.0005766760408273562
1442876836568915968,@SenDanSullivan @CDCgov https://t.co/Hpd2D84unW,2,@CDCgov,NA,NA,NA,NA,0.0005766760408273562
1219354745397182464,RT @ProudResister: Stop being so damn afraid of Donald Trump. It’s going to cost us this election. Vote for the candidate who inspires you…,1,Donald Trump,NA,NA,NA,NA,0.0005766760408273562
1294586088267362304,Good Morning Kamala Harris will be your Vice President shortly #BidenHarrisLandslide2020 https://t.co/NRQgc7VdN3,1,Kamala Harris,NA,NA,NA,NA,0.0005766760408273562
1322899184802885632,"@wellboy @realDonaldTrump It’s like when Trump closed boarders to China in January, so the Chinese came through Europe until March when he closed them.",1,@realDonaldTrump,NA,NA,NA,NA,0.0005766760408273562
1347294383910100992,JUSTICE: Capitol Rioters Could Face Up to 10 Years in Prison Under Trump’s Monument Law https://t.co/kymtFFBtSO,1,Trump,NA,NA,NA,NA,0.0005766760408273562
1413126350743953408,"RT @dscc: The American Rescue Plan delivered $1,400 relief checks to over 160 million Americans. Not a single Republican in Congress voted…",1,Congress,NA,NA,NA,NA,0.0005766760408273562
1328051790508679168,"RT @WesSmith123: In case Trump &amp; his supporters don’t get it yet. ⬇️

Gen. Mark Milley: “We do not take an oath to a king or a queen, a tyr…",1,Trump,NA,NA,NA,NA,0.0005766760408273562
1242334881306120192,@LovesTheBern @BernieSanders @RashidaTlaib @BLeeForCongress @RepMaxineWaters @Ilhan @AOC @RepJayapal @cmkshama @CMTammyMorales and @CMTMosqueda deserve a shout out,2,@RashidaTlaib,NA,NA,NA,NA,0.0005766760408273562
1242334881306120192,@LovesTheBern @BernieSanders @RashidaTlaib @BLeeForCongress @RepMaxineWaters @Ilhan @AOC @RepJayapal @cmkshama @CMTammyMorales and @CMTMosqueda deserve a shout out,4,@Ilhan,NA,NA,NA,NA,0.0005766760408273562
1268511748459560960,"Went for a walk. Picked up an escort when I walked past DC National Guard Armory. Reminded @NationalGuard officer that I was on a public street. Understand ma’am. We’re concerned about vandalism. Ok. I’m the elected official for this area, tell me more. No comment. #dcprotests https://t.co/rIz2JaqioW",1,National Guard,NA,NA,NA,NA,0.0005766760408273562
1336484551783194624,"When I came to Congress, I knew I had a responsibility to pull back the curtain for the American people and expose corruption in real time. So, I’m filling you in on Senator McConnell’s attempts over the last 8 days to tank a *bipartisan* COVID relief bill. (THREAD)",1,Congress,NA,NA,NA,NA,0.0005766760408273562
1318381065770323968,"With Amy Coney Barrett on the bench, Trump likely would have *won* this case—and hundreds of thousands of valid Pennsylvania votes that leaned heavily toward Biden may have been thrown in the trash. Democracy is on a knife's edge, in SCOTUS and elsewhere. https://t.co/x7r8CzNHt7",1,SCOTUS,NA,NA,NA,NA,0.0005766760408273562
1318381065770323968,"With Amy Coney Barrett on the bench, Trump likely would have *won* this case—and hundreds of thousands of valid Pennsylvania votes that leaned heavily toward Biden may have been thrown in the trash. Democracy is on a knife's edge, in SCOTUS and elsewhere. https://t.co/x7r8CzNHt7",3,Biden,NA,NA,NA,NA,0.0005766760408273562
1204596217537290240,"Can this be right ?

If a Democrat is President, lying about a blow-job is grounds for impeachment

If a Republican is President, betraying his country's defence policy again Russia...isn't

What am I missing here ?",1,President,NA,NA,NA,NA,0.0005766760408273562
1250104261222043648,Are ventilators being overused? Doctors weigh in https://t.co/4PdsbXCnBB   #CBSNews  #ABCNews  #NBCNews   #PBS  #CNN  #ChicagoTribune  #POTUS   #IDPH  #USAToday   #NBC5Chicago  @CBSNY  @ABCLA   @NBCny   @Today  #COVID19  #CDC #FlattenTheCurve  @NBCChicagoNews https://t.co/6giStdp71m,2,CDC,NA,NA,NA,NA,0.0005766760408273562
1318937663618109440,@alexsalvinews @realDonaldTrump https://t.co/h9KmwEsG5T,1,@realDonaldTrump,NA,NA,NA,NA,0.0005766760408273562
1354125178968522752,"Okay D-student Hannity a reminder:  The first amendment states that the GOVERNMENT won't deny your right to free speech.  Twitter is not the government, facebook is not the government. By the way what are you doing?  Communicating!! https://t.co/BxuQ0ptj4u",1,GOVERNMENT,NA,NA,NA,NA,0.0005766760408273562
1257125433029660672,RT @_crm95: I love seeing my president on here 😻,1,president,NA,NA,NA,NA,0.0005766760408273562
1268671484790218752,"#BREAKING: A Secret Service Spokesperson tells @FoxNews: The Secret Service has determined that no agency personnel used tear gas or capsicum spray during its efforts to secure the area near Lafayette Park on Monday, June 1st, 2020",1,Secret Service,NA,NA,NA,NA,0.0005766760408273562
1364792684989276160,I would love to know if @BarackObama believes Joe Biden received more votes than he did in the past election? https://t.co/y4qsuvkXke,1,Joe Biden,NA,NA,NA,NA,0.0005766760408273562
1210624006090641408,"RT @CREWcrew: The very inspector general report that House Minority Leader Kevin McCarthy urged people to read as proof of the FBI ""broke i…",1,FBI,NA,NA,NA,NA,0.0005766760408273562
1275890079282708480,"RT @TocRadio: NEW: ""NASA Administrator Jim Bridenstine announced Wednesday the agency’s headquarters building in Washington, D.C., will be…",1,Administrator,NA,NA,NA,NA,0.0005766760408273562
1346910710991712256,@NYMag Trump made this happen!!!,1,Trump,NA,NA,NA,NA,0.0005766760408273562
1259481380939018240,"RT @DrDGrossman: Today marks 60 years since the FDA approved the birth control pill. As we celebrate that anniversary, we must honor the Pu…",1,FDA,NA,NA,NA,NA,0.0005766760408273562
1354046429036163072,"So according to the supreme court they make their decisions based on the constitution, the same document their decisions claim the president doesn't have to follow..????",1,supreme court,NA,NA,NA,NA,0.0005766760408273562
1276231278728114176,"Biden on Trump: ""He's like a child who can't believe this has happened to him. And all his whining and self-pity. This pandemic didn't happen to him, it happened to all of us. His job isn't to whine about it. His job is to do something about it.""",1,Biden,NA,NA,NA,NA,0.0005766760408273562
1324409370042662912,"RT @AriBerman: Dems have won popular vote in 7 of last 8 presidential elections

Biden leads Trump by 3 million votes

Senate Ds represent…",1,Senate,NA,NA,NA,NA,0.0005766760408273562
1324409370042662912,"RT @AriBerman: Dems have won popular vote in 7 of last 8 presidential elections

Biden leads Trump by 3 million votes

Senate Ds represent…",3,Trump,NA,NA,NA,NA,0.0005766760408273562
1393899682171166720,"I just posted ""CIA Replaces Waterboarding With 12-Hour Lectures On Intersectional Feminism"" on Reddit

https://t.co/kQa92Tuvqj",1,CIA,NA,NA,NA,NA,0.0005766760408273562
1299410105360953344,"RT @JoeBiden: We can't let George Floyd and Jacob Blake become just another pair of hashtags.

This is a moment of action.

It's long past…",1,@JoeBiden,NA,NA,NA,NA,0.0005766760408273562
1405395114663415808,"Please do @TheDemocrats @JoeBiden @KamalaHarris 

The majority of American citizens are counting on you to push this through for them. Countless future generations as well. Stop stalling and get it going. https://t.co/ynsMB1vZFw",1,@JoeBiden,NA,NA,NA,NA,0.0005766760408273562
1310566911864864768,"A lot of Americans want to know: 

Will Chris Wallace ask Trump on Tuesday night:

“Mr. Trump, to whom do you owe that $410M?",1,Trump,NA,NA,NA,NA,0.0005766760408273562
1360020285420929024,⁦@JoeBiden⁩ what the fuck is wrong with you? https://t.co/qExsDwbYrL,1,@JoeBiden,NA,NA,NA,NA,0.0005766760408273562
1313577928467329024,RT @SpeakerPelosi: President Trump has shown his true colors: walking away from coronavirus relief negotiations and refusing to give real h…,2,@SpeakerPelosi,NA,NA,NA,NA,0.0005766760408273562
1270527784247582720,I reported a couple of Trump tweets.  Let's see how long it is before I get suspended again,1,Trump,NA,NA,NA,NA,0.0005766760408273562
1382130780240027648,Risky. Rapid antigen tests are not supposed to be used in this way—anybody recall the infamous Trump WH #COVID19 outbreak? Rapid antigen tests are like big rakes— combs out the most infectious cases but not all cases. Masks and distancing still needed. NL is slow on vaccines too. https://t.co/uC3ZQBs3GP,1,Trump,NA,NA,NA,NA,0.0005766760408273562
1277704726742777856,"RT @ananavarro: What a ridiculous, embarrassing milquetoast tweet, basically not saying anything meaningfuk...from the Senate Intelligence…",1,Senate,NA,NA,NA,NA,0.0005766760408273562
1226296233473593344,@rosamon94 @ravimunien @Pithygirl @realDonaldTrump @RepDebDingell Still Acquitted for Life.,1,@realDonaldTrump,NA,NA,NA,NA,0.0005766760408273562
1386005856303517696,"@MilliganWalker @CarlyAtch @GovStitt @KevinWestOKRep Oklahomans have a way of using words interchangeably(protest, demonstration,strike,rally,riot,insurrection,massacre). Its not asking2 much4 clear definitions when talking abt the freedom2 take a human life.Even the DA memo on the Tulsa incident called the people ""protestors.""",1,@GovStitt,NA,NA,NA,NA,0.0005766760408273562
1272680956319674368,The last thing President Trump should do is get involved in the region formerly known as “CHAZ.” Let it play out.  They’ll eventually get bored playing hacky sack.,1,President Trump,NA,NA,NA,NA,0.0005766760408273562
1451453280249434112,"?✋???????✋?
#facemasks #facemasks4all
#gifts #shoppingonline #healthandsafety#onlineshopping #socialdistancing #Quarantine
CDC recommends the use of cloth face coverings to supplement social distancing in fight against spread of  #covid19
https://t.co/U3PLC00eep https://t.co/bqWepX5Ssd",1,CDC,NA,NA,NA,NA,0.0005766760408273562
1293739590608728064,RT @kylegriffin1: Trump says the U.S. Postal Service is incapable of facilitating mail-in voting because it cannot access the emergency fun…,1,Postal Service,NA,NA,NA,NA,0.0005766760408273562
1310336685574680576,"President Trump paid $750 in federal income taxes in 2016, and nothing in 10 of the prior 15 years — largely because he reported losing much more money than he made. 

Read the takeaways from our exclusive look at decades of Trump’s tax records. https://t.co/XpNCUbPfDn",1,President Trump,NA,NA,NA,NA,0.0005766760408273562
1304142398230900736,"RT @ChanelRion: #HappeningNow: @realDonaldTrump holds press briefing.

- Fastest economic recovery in history
- New Covid cases down 44% si…",1,@realDonaldTrump,NA,NA,NA,NA,0.0005766760408273562
1320903245674500096,Pelosi: “The President’s Supreme Court manipulation threatens the very values and rights that define and distinguish our nation... and the right of every American to have a voice in our democracy.”,2,Supreme Court,NA,NA,NA,NA,0.0005766760408273562
1326159242278080512,"Michigan Judge to Trump campaign lawyers “You haven’t presented several things, and one of them is any evidence at all.”",1,Trump,NA,NA,NA,NA,0.0005766760408273562
1293309638130184192,@NYCBroadwayBaby @katiecouric @JoeBiden Then you're endorsing Trump by default.,2,Trump,NA,NA,NA,NA,0.0005766760408273562
1341492930901667840,"@PeteButtigieg That is well and good if you have the money to buy an electric vehicle, but most retirees don't have those funds",1,@PeteButtigieg,NA,NA,NA,NA,0.0005766760408273562
1294341530346553344,RT @LizMarieAllen: Happening soon: @KamalaHarris first interview as VP nominee for #19thRepresents w/ @emarvelous https://t.co/8aC3LPiHDx,2,VP,NA,NA,NA,NA,0.0005766760408273562
1377997337793073152,"With a new law, Virginia recreates the gutted VRA within itself: “requires all local administrators to receive public feedback or advance approval from the AG for changes like moving voting precincts, &amp; allows voters &amp; the AG to sue over voter suppression” https://t.co/mKhGmBwJ0a",1,administrator,NA,NA,NA,NA,0.0005766760408273562
1235818028501065728,"RT @JoeBiden: Here's the deal, folks: social security is on the ballot this year, and the choice couldn't be clearer: 

I'll protect and ex…",1,@JoeBiden,NA,NA,NA,NA,0.0005766760408273562
1268919228855451648,"Reader Tip: Coming Later

Our Daily Presidential Tracking poll today shows Black Likely Voter approval of the job @realDonaldTrump is now over 40%.",1,@realDonaldTrump,NA,NA,NA,NA,0.0005766760408273562
1232138204318457856,RT @brhodes: Trump has repeatedly introduced budgets cutting funds for pandemic preparedness at the CDC and other agencies. https://t.co/p4…,1,CDC,NA,NA,NA,NA,0.0005766760408273562
1338641669017759744,@RepPaulMitchell There’s no way a man who hid in his basement won. Dems cheated. U should be proud that Trump is fighting for the legal votes,1,@RepPaulMitchell,NA,NA,NA,NA,0.0005766760408273562
1308102460230250496,"The most important election in HISTORY, not just for ⁦@POTUS⁩ but all branches of Gov’t.  Why does no one seem to care about the elephant in the room? #doyourhomework ⁦@FoxNews⁩ ⁦@CNN⁩ ⁦@MSNBC⁩ ⁦@espn⁩ ⁦@marthamaccallum⁩ @JudgeJeanine⁩ https://t.co/QBRzq1SUSj",1,@POTUS,NA,NA,NA,NA,0.0005766760408273562
1350281516723523584,RT @BadAstronomer: I'd like to call the first witness for the Senate impeachment trial...,1,Senate,NA,NA,NA,NA,0.0005766760408273562
1284981415726243840,RT @Scottcrates: That was nice of Trump to film that Biden ad today with Chris Wallace.,2,Biden,NA,NA,NA,NA,0.0005766760408273562
1295380998893576192,RT @JoeBiden: The hard truth is that our economy wasn't working for folks long before this crisis. It's why we can't just go back to the wa…,1,@JoeBiden,NA,NA,NA,NA,0.0005766760408273562
1231376935642652672,RT @amyklobuchar: Thank you to the San Francisco Chronicle and Seattle Times for your endorsements. Newspapers across the country are endor…,1,@amyklobuchar,NA,NA,NA,NA,0.0005766760408273562
1299742591957819392,Name a reason Joe Biden should be President,1,Joe Biden,NA,NA,NA,NA,0.0005766760408273562
1319457342509903872,@realDonaldTrump seems to know more about @JoeBiden's healthcare plan than he does his own.  #Debate2020,2,@JoeBiden,NA,NA,NA,NA,0.0005766760408273562
1275833707543265280,"According to Russian Intel. Operatives Parnas &amp; Igor Trump’s Campaign &amp; Repub. GOP, RNC, NRA &amp; Repub. PACs All took Russian Intel Payments-Copies are now in the hands of the FBI &amp; Prosecutors. This is why Trump &amp; Barr want the invest. Stopped! https://t.co/A6Hecoct4E",2,Trump,NA,NA,NA,NA,0.0005766760408273562
1222942043338629120,"🚨‼️ BREAKING: The House JUST PASSED my amendment to finally repeal the 2002 AUMF.

It's more urgent than ever for Congress to do its job and prevent the President from using military force without Congressional authorization. #StopEndlessWar",1,Congress,NA,NA,NA,NA,0.0005766760408273562
1240269132278280192,RT @glennkirschner2: CDC chief says it's wrong to call COVID-19 a 'Chinese virus' | TheHill https://t.co/vrBZMqwz9x,1,CDC,NA,NA,NA,NA,0.0005766760408273562
1356059694494752768,"The Republican Accountability Project kicked off a $1 mil billboard campaign calling for members of Congress to resign for inciting the Capitol attack, targeting Ted Cruz, Josh Hawley, and Reps. Nunes, McCarthy, Brooks, Greene, Cawthorn, Bishop, Jordan, Gaetz, Gohmert, Stefanik.",1,Congress,NA,NA,NA,NA,0.0005766760408273562
1356059694494752768,"The Republican Accountability Project kicked off a $1 mil billboard campaign calling for members of Congress to resign for inciting the Capitol attack, targeting Ted Cruz, Josh Hawley, and Reps. Nunes, McCarthy, Brooks, Greene, Cawthorn, Bishop, Jordan, Gaetz, Gohmert, Stefanik.",3,Josh Hawley,NA,NA,NA,NA,0.0005766760408273562
1328355292086562816,#WhitehouseKaren  @realDonaldTrump 👇🏽😂 https://t.co/SmHy6bicdY,1,@realDonaldTrump,NA,NA,NA,NA,0.0005766760408273562
1410203252055056384,"In the last four administrations, the average number of judicial nominations before July 4th of the President's first year has been 14.

Today, @POTUS is announcing his 32nd judicial nominee.  

https://t.co/DhbTcEKx7z",2,@POTUS,NA,NA,NA,NA,0.0005766760408273562
1321095550188572672,@realDonaldTrump https://t.co/0ZSUnddKBf,1,@realDonaldTrump,NA,NA,NA,NA,0.0005766760408273562
1242094252458475520,@realDonaldTrump https://t.co/4aMiiG0dPE,1,@realDonaldTrump,NA,NA,NA,NA,0.0005766760408273562
1325859406349799424,"I am pleased to announce that Christopher C. Miller, the highly respected Director of the National Counterterrorism Center (unanimously confirmed by the Senate), will be Acting Secretary of Defense, effective immediately..",2,Senate,NA,NA,NA,NA,0.0005766760408273562
1204703919479361536,"RT @LouiseL89669454: @FortySix_TW0 @SethAbramson If so, Steele may know a lot more about Trump's Russian connections than we have heard.",1,Trump,NA,NA,NA,NA,0.0005766760408273562
1268294445851705344,President Obama gave Trump time to lead. And to respond. He’s clearly given up on Trump. Today Obama did what a president does. He challenged all mayors to analyze their use of force. He challenged all electeds to do better. And gave ideas. Because Obama is a real President.,1,President,NA,NA,NA,NA,0.0005766760408273562
1209196138894630912,"RT @TheDemCoalition: How Eric Trump, at the direction of his father, the future president, shifted money that was supposed to go to help ki…",1,president,NA,NA,NA,NA,0.0005766760408273562
1355960672861868032,RT @BeschlossDC: I was the greatest President of them all. https://t.co/jp40aCRnNT,1,President,NA,NA,NA,NA,0.0005766760408273562
1306345994053877760,"RT @PalmerReport: The media is trying to keep you tuned in by pretending Trump can just magically stay in office after he loses, which is a…",1,Trump,NA,NA,NA,NA,0.0005766760408273562
1324924271886471168,"Thank you, President Biden.",1,President Biden,NA,NA,NA,NA,0.0005766760408273562
1223646113443397632,"RT @JohnRLottJr: China slams Trump's coronavirus travel limits: 'Not a gesture of goodwill'
China is slashing out at countries that are res…",1,Trump,NA,NA,NA,NA,0.0005766760408273562
1353198198832164864,RT @Christi59567943: Biden is talking about hiring 100k people in the medical field and training them for free.Jump on board if he does peo…,1,Biden,NA,NA,NA,NA,0.0005766760408273562
1215622773869023232,@ThePlumLineGS @tomwatson The saddest part is the people who cheer enthusiastically at this. They want their president to act this way.,1,president,NA,NA,NA,NA,0.0005766760408273562
1256008792564576256,"'Pathetic': Trump Says No to Additional Covid-19 Stimulus Checks, Backs Cutting Tax That Funds Social Security Instead - https://t.co/BETpToqztY via @commondreams",1,Trump,NA,NA,NA,NA,0.0005766760408273562
1304239053404069888,RT @Bakari_Sellers: Y’all surprised by the boos? Trump is POTUS. They are his voters,2,Trump,NA,NA,NA,NA,0.0005766760408273562
1432824536509079552,"RT @nytimes: Social Security will be depleted in 2033, a year earlier than previously projected, according to a government report, as the p…",1,government,NA,NA,NA,NA,0.0005766760408273562
1335752478701318144,"The bipartisan COVID deal America urgently needs is now on the table thanks to @SenatorCollins @Sen_JoeManchin, &amp; @SenBillCassidy. It's time for the leadership to act. @NoLabelsOrg demands @SpeakerPelosi &amp; @senatemajldr put it to a vote now! #LetCongressVote",4,@SpeakerPelosi,NA,NA,NA,NA,0.0005766760408273562
1234316052349292544,"@BenAybar Biden is honestly significantly better than her as

1: He'd very likely be only a 1 term president (progressivism still a factor in 2024)
2: He has a better chance of winning than Tulsi in general (Supreme Court is vital)
3: He isn't an assad apologist",2,Supreme Court,NA,NA,NA,NA,0.0005766760408273562
1311124265513689088,"RT @ShawnInArizona: Trump says Biden, who worked under the country's first black President, is the one who's racist 😂

#PresidentialDebate2…",1,President,NA,NA,NA,NA,0.0005766760408273562
1311124265513689088,"RT @ShawnInArizona: Trump says Biden, who worked under the country's first black President, is the one who's racist 😂

#PresidentialDebate2…",3,Biden,NA,NA,NA,NA,0.0005766760408273562
1293291261768749056,RT @kylegriffin1: A reminder that Kamala Harris took part in protests outside the White House in the wake of George Floyd's death. https://…,2,White House,NA,NA,NA,NA,0.0005766760408273562
1414759759891345408,"@JoyceWhiteVance @lfkraus Yes, very peaceful--that's why a woman was trampled to death, and a Capitol Police officer died from the treatment he got at this ""Love Fest"".",1,Capitol Police,NA,NA,NA,NA,0.0005766760408273562
1349859178479812608,Wilt Chamberlain was not a real person dawg that nigga was a government experiment,1,government,NA,NA,NA,NA,0.0005766760408273562
1324022719248302080,"RT @dcdufour: This gives some credence to the Trump camp's argument in a call with reporters that it expects to pull ahead in Arizona, beca…",1,Trump,NA,NA,NA,NA,0.0005766760408273562
1283462056541401088,"President @realDonaldTrump has departed for Atlanta, Georgia! https://t.co/lUnBZKP6bW",1,President @realDonaldTrump,NA,NA,NA,NA,0.0005766760408273562
1307448189080023040,"Let's be precise. GOP-controlled Senate didn't ""reject"" Obama's 2016 SCOTUS nominee; they didn't assess Garland's fitness, hold a vote, vote him down
Rather, McConnell refused to hold vote or even a single hearing. He invented a rule to steal a seat &amp; hoard it for a GOP successor",1,SCOTUS,NA,NA,NA,NA,0.0005766760408273562
1303397592055844864,"RT @DineshDSouza: The Atlantic launched a political bomb at Trump which has exploded—in their face! 

The lies in question were manufacture…",1,Trump,NA,NA,NA,NA,0.0005766760408273562
1437908128453087232,"RT @lindyli: Trump: “I don't want to be your friend anymore if you don't do this”

Pence was such a coward ass that he would’ve caved to hi…",1,Trump,NA,NA,NA,NA,0.0005766760408273562
1427338084190932992,@PilotDebby Your right the plan was stated by May he said as things were going it would be by Sept 11th. Heck Trump praised Biden for withdrawing not he should be impeached 😂😂😂😂 he says. Plus what you described with Biden not taking action is the same action Trump did with the kurds...,2,Biden,NA,NA,NA,NA,0.0005766760408273562
1334902935155859456,Report: Trump Wavering on Pardoning Kids Because He Thinks it Will Make Them Look Like Criminals https://t.co/UCzMagZ25w,1,Trump,NA,NA,NA,NA,0.0005766760408273562
1362150595331846144,"🌸✋🌼😷💮👐🌸😷🌼✋💮
#facemasks #facemasks4all
#socialdistancing #gifts #shoppingonline #healthandsafety #onlineshopping  #Quarantine
CDC recommends the use of cloth face coverings to supplement social distancing in fight against spread of  #covid19
https://t.co/U3PLC00eep https://t.co/0iFoCMGQ6G",1,CDC,NA,NA,NA,NA,0.0005766760408273562
1353352059551174656,Don’t make Biden answer any tough questions https://t.co/65KgpXJWps,1,Biden,NA,NA,NA,NA,0.0005766760408273562
1324149594515677184,"Biden - 264
Trump - 214
Blink - 182",2,Trump,NA,NA,NA,NA,0.0005766760408273562
1367261623535206400,DOJ got an official referral to open a 'criminal investigation' into ex-Sec. Elaine Chao: report https://t.co/dfbEE67yRQ,2,Elaine Chao,NA,NA,NA,NA,0.0005766760408273562
1275465046500442112,Dr. Fauci talks about coronavirus vaccine before Congress: ‘It will be when and not if’ https://t.co/Q3ycbl2Fvq,2,Congress,NA,NA,NA,NA,0.0005766760408273562
1361386550806913024,Please share across all platforms. Do you Know this person?? Please contact the FBI with FBI 149-AFO if you do! #SeditionHunters #DCRIOTS #CapitolRiots #Doyouknow Please DO NOT post names on social media #bandanawolverine https://t.co/LFHrm0jEGx,1,FBI,NA,NA,NA,NA,0.0005766760408273562
1312360685586743296,"RT @jonfavs: Trump and Republicans held a mask-less, crowded, superspreader event at the White House in order to jam through a Supreme Cour…",1,White House,NA,NA,NA,NA,0.0005766760408273562
1331057221128519680,RT @HadleySheley: Since the The Christmas tree arrived at the White House today- What better time to kick off the festive season with my fa…,1,White House,NA,NA,NA,NA,0.0005766760408273562
1278370006825349120,"RT @mmpadellan: What a bizarre life when it's necessary for a press secretary to credibly declare ""The President reads.""

And NOBODY believ…",1,President,NA,NA,NA,NA,0.0005766760408273562
1315122062361538560,"You Asked For It: Download, print your own 'TRUMP 200,000' yard sign | POCHO https://t.co/UvSKul0qKM",1,TRUMP,NA,NA,NA,NA,0.0005766760408273562
1359900639975903232,RT @kylegriffin1: Speaker Pelosi says she's introducing legislation to give the Congressional Gold Medal to the Capitol Police and other la…,2,Capitol Police,NA,NA,NA,NA,0.0005766760408273562
1207866495767924736,Sanders won’t back off Medicare-for-all https://t.co/6oUUbS4t5v,2,Sanders,NA,NA,NA,NA,0.0005766760408273562
1311138322304192512,"I teach elementary school children aged 6-10 years. If a kid were ever to behave like the American ""president"" did tonight, I would send her or him out of the classroom immediately and have a very serious talk with the parents.

#Debates2020 ""Trump and Biden"" ""CLOWN"" ""Omg Trump"" https://t.co/0QZrBrGpkF",3,Biden,NA,NA,NA,NA,0.0005766760408273562
1224452070545080320,"Tomorrow night, during the SOTU, I'm going to mute the TV, put on some Latinx music, make some drinks, and shake my ass at Trump.

What are you going to do?",1,Trump,NA,NA,NA,NA,0.0005766760408273562
1206247457740345344,"RT @GrahamLedger: I’ve always loved this song, the Spinners; it’s a fitting Chronicle to a President who has been under withering attack fo…",1,President,NA,NA,NA,NA,0.0005766760408273562
1240319090448891904,"Trump being asked why non-symptomatic NBA athletes are getting tested while others can't. Should the ""well connected"" be able to get to the front of the line?

""No, I wouldn't say so, but perhaps that's been the story of life. That does happen on occasion"" https://t.co/E3ZUiqTwXv",1,Trump,NA,NA,NA,NA,0.0005766760408273562
1275218981641547776,@realDonaldTrump I will wait for a non-fiction book to come out about you. Can’t wait to read John Bolton‘s book,1,@realDonaldTrump,NA,NA,NA,NA,0.0005766760408273562
1363952674530594816,"@DearAuntCrabby OOOPS! Guess Ol' Sleepy Joe must have got his hands on that Top Secret Weather Machine they have hidden in the White House.  🌨️🤦‍♂️

P.S. Trump ""Advisors"" are expected to be idiots though, right?",1,White House,NA,NA,NA,NA,0.0005766760408273562
1320261906754531328,"RT @benleemusic: The CDC reported over 82,000 new Covid cases yesterday, the single highest day increase since the start of the pandemic. S…",1,CDC,NA,NA,NA,NA,0.0005766760408273562
1265857032441270272,"RT @DahlELama2: @realTuckFrumper @PressSec 
Translation: Trump is going to violate the First Amendment and stifle free speech because he go…",1,@PressSec,NA,NA,NA,NA,0.0005766760408273562
1255995599184433152,"RT @BenjaminPDixon: 📣 New Podcast! ""Epsiode 862 | 30.3 Million Unemployed | Where are Democrats in this Crisis?! | Nancy Pelosi on Reade/Bi…",1,Nancy Pelosi,NA,NA,NA,NA,0.0005766760408273562
1361459030925987840,"@musicom67 @LindseyGrahamSC Lady G keeps getting mushroom marks on his cheeks, at both ends, courtesy of Toad.",1,@LindseyGrahamSC,NA,NA,NA,NA,0.0005766760408273562
1202124617298657280,"Oakland's rising homelessness crisis prompts DIY effort using large logs https://t.co/mbCvOV3C42 #FoxNews ...
In the year 2100 your problems will be halfway solved. Schiff has got more important matters at hand. Actually ,all CA lawmakers have very important Trump charges.",1,Trump,NA,NA,NA,NA,0.0005766760408273562
1262551181588598784,".@SpeakerPelosi just said that Trump shouldn't take Plaquenil because he is ""morbidly obese.""

Don't RT this or it'll piss off @realDonaldTrump. https://t.co/ucOEFa69jd",2,@SpeakerPelosi,NA,NA,NA,NA,0.0005766760408273562
1253439500019093504,RT @OfficialJLD: .@JoeBiden I accept but I’m a completely unqualified tv personality. Are you sure I shouldn’t be president?,1,@JoeBiden,NA,NA,NA,NA,0.0005766760408273562
1362435897598169088,"RT @EmeraldRobinson: Media outlets are reporting the FBI is investigating Gov. Cuomo about nursing home deaths. 

The same FBI that hid Hun…",1,FBI,NA,NA,NA,NA,0.0005766760408273562
1317333903997202432,"RT @PalmerReport: Oh cool, John Kelly is privately trashing Donald Trump. Wake me when he has the balls to do it in public.",1,Donald Trump,NA,NA,NA,NA,0.0005766760408273562
1316353887129882624,"@hughhewitt @debates @realDonaldTrump Either Trump never had coronavirus in the first place, or he is not ""fine.""

The Debates Commission did the right thing for public safety.",2,Trump,NA,NA,NA,NA,0.0005766760408273562
1202443595384606720,"RT @dvillella: @realDonaldTrump So, why is your personal lawyer CURRENTLY in Ukraine?https://t.co/mwdTf2XjIx",1,@realDonaldTrump,NA,NA,NA,NA,0.0005766760408273562
1356790271661518848,"RT @Lawrence: This is a big deal. 

@SenWarren now has committee jurisdiction over virtually all of government’s revenue &amp; most spending.…",2,@SenWarren,NA,NA,NA,NA,0.0005766760408273562
1269724684393705472,"RT @justinamash: End qualified immunity.
End civil asset forfeiture.
End the drug war.
End overcriminalization.
End no-knock warrants.
End…",1,@justinamash,NA,NA,NA,NA,0.0005766760408273562
1407105970015248384,"RT @SenSchumer: Donald Trump lost an election legitimately

He can’t face that—that it was his failure

So he lied and lied

He created the…",2,@SenSchumer,NA,NA,NA,NA,0.0005766760408273562
1252728863853068288,"We must, starting now, make life so uncomfortable for Biden that his only choice will be to ignore powerful corporate pressure and do what movements are demanding — just as FDR and LBJ did. https://t.co/G7KodyPG7c @NaomiAKlein @MMFlint @codepink @iPhilSomething",1,Biden,NA,NA,NA,NA,0.0005766760408273562
1329844336155127808,RT @sarahmucha: Joe Biden tested negative for COVID today ahead of his in-person meeting with House Speaker Nancy Pelosi and Senate Minorit…,2,Nancy Pelosi,NA,NA,NA,NA,0.0005766760408273562
1345095642482438144,BREAKING: Senate overrides Trump’s defense bill veto by vote of 81-13,1,Senate,NA,NA,NA,NA,0.0005766760408273562
1236371202811162624,RT @GayRepublicSwag: So far at the #Deplorapalooza not a single Trump supporter has attacked me for my sexuality. It's almost like Trump su…,1,Trump,NA,NA,NA,NA,0.0005766760408273562
1302280233916088320,"She could have said if cleared by the CDC, Fauci and Birx and scientists then yes and she would encourage others, but she did this instead... and that's why she dropped out before Iowa. https://t.co/tm9Gpq6cv1",1,CDC,NA,NA,NA,NA,0.0005766760408273562
1325130351233048576,But there were enough Natives to defeat Trump. #JoeBiden #PresidentElectJoe #NativeAmericanHeritageMonth #YoureFiredTrump https://t.co/V9W3BKfZla,1,Trump,NA,NA,NA,NA,0.0005766760408273562
1300966854739914752,"A majority of Utahns passed ballot measures on fair voting districts, medical marijuana, and Medicaid expansion. But politicians immediately watered-down these laws. I will protect propositions. #TimeForChange #UtPol https://t.co/FKFDZRoWQa",1,Medicaid,NA,NA,NA,NA,0.0005766760408273562
1353944323620921344,RT @parlertakes: Replies to @HawleyMO saying “I think ex-president’s rhetoric on the day was inflammatory. I think it was irresponsible. I…,2,@HawleyMO,NA,NA,NA,NA,0.0005766760408273562
1338809984470093824,The New York Daily News is giving Donald Trump quite the send off #ElectoralCollege #Election2020 https://t.co/hQfSS3aIIf,1,Donald Trump,NA,NA,NA,NA,0.0005766760408273562
1421831492733390848,"This is the first time that I heard Kevin McCarthy’s “joke” about hitting Speaker Nancy Pelosi. I don't think that I've been so angry at a person as I am now.
https://t.co/4bJ1NafEp3",2,Kevin McCarthy,NA,NA,NA,NA,0.0005766760408273562
1386160033608708096,"RT @TheLeoTerrell: Attention State of Texas!  You have a Trump’s hater named Michael Wood running for Congress.  Moreover, Wood is endorsed…",1,Congress,NA,NA,NA,NA,0.0005766760408273562
1354857196509532160,"“Assigning her to the Education Committee when she has mocked the killing of little children at Sandy Hook… What could they be thinking?”

Thank you @SpeakerPelosi for calling out GOP leaders who so far have ignored @mtgreenee’s vile behavior. https://t.co/Yc6hqJMOxA",1,@SpeakerPelosi,NA,NA,NA,NA,0.0005766760408273562
1232654187231662080,"RT @CDCgov: While CDC considers #COVID19 a serious situation and is taking preparedness measures, the immediate risk in the U.S. is conside…",1,CDC,NA,NA,NA,NA,0.0005766760408273562
1292905036704620544,"RT @mmpadellan: Yeah, I'm sure it's coincidence that riots break out in Chicago just a few weeks after trump announced he's sending federal…",1,trump,NA,NA,NA,NA,0.0005766760408273562
1327370710134779904,Trump predictably takes no questions from reporters asking when he will concede the election. Other Warp Speed members in attendance applaud over those questions.,1,Trump,NA,NA,NA,NA,0.0005766760408273562
1327470306571800576,"Grilled by an angry Lou Dobbs about what Republicans are doing to save Trump, Devin Nunes bizarrely pivots to suggesting everyone should get on Parler. Beyond parody. https://t.co/tuNycUaJqz",2,Devin Nunes,NA,NA,NA,NA,0.0005766760408273562
1411005188932997120,"RT @Strandjunker: Bill Barr’s daughter worked at Treasury to hide Trump’s tax returns and his loans at Deutsche Bank.

Rudy Giuliani’s son…",1,Treasury,NA,NA,NA,NA,0.0005766760408273562
1411005188932997120,"RT @Strandjunker: Bill Barr’s daughter worked at Treasury to hide Trump’s tax returns and his loans at Deutsche Bank.

Rudy Giuliani’s son…",3,Bill Barr,NA,NA,NA,NA,0.0005766760408273562
1443640441929232384,"Wow, talk about opening a can of worms, Durham's indictment seems to have put Alfa Bank back on the front burner, frankly when this came up in 2016 I felt there had to be something to it, best possible explanation is it was disinformation planted to compromise Trump. https://t.co/bfcqDVTgeI",1,Trump,NA,NA,NA,NA,0.0005766760408273562
1429187552477687808,"RT @robertfranek: If you thought ‘infrastructure week’ was a blast, just wait for Trump’s ‘Afghanistan week’. 

- @Acosta",1,Trump,NA,NA,NA,NA,0.0005766760408273562
1325400172189405184,#FelizDomingo #Saltillo ☀️ Hoy en portada: ¡Es Biden! 👉👨‍💼🇱🇷https://t.co/R1GMEbLLVG https://t.co/QbReJV09xG,1,Biden,NA,NA,NA,NA,0.0005766760408273562
1408588423615688704,"In the former Soviet Union, for example, government agencies decided the number of automobiles—including models, styles, and colors—to be produced each year.",1,government,NA,NA,NA,NA,0.0005766760408273562
1351060588663894016,RT @mkraju: Lindsey Graham says of Trump: “You’re the most important figure in the Republican Party. You can shape the direction of the par…,2,Lindsey Graham,NA,NA,NA,NA,0.0005766760408273562
1437479985434988544,RT if you agree: we should pass @JoeBiden’s Build Back Better Agenda and make massive investments in the middle class—and we should do it by making corporations and the wealthy pay their fair share.,1,@JoeBiden,NA,NA,NA,NA,0.0005766760408273562
1291178269539274752,"This is the most Joe Bideny video ever. Raybans, Corvette, a corny pun and an homage to his dad and Beau. Only thing missing is he doesn’t say “hey man,” anywhere in it, man. https://t.co/cMO2KWB9ln",1,Joe Biden,NA,NA,NA,NA,0.0005766760408273562
1263099488585109504,"We are so proud of our brilliant colleague @K_JeanPierre, who's taking a leave of absence from MoveOn to join the senior leadership of the Biden campaign. A great sign about the direction of the campaign. Congrats Karine!  https://t.co/I54LhlWN42 https://t.co/hFJ5eTy5Os",1,Biden,NA,NA,NA,NA,0.0005766760408273562
1222551611639246848,"Trump’s lawyers gave thousands to Mitch McConnell, Lindsey Graham and Ted Cruz before the impeachment trial began https://t.co/8qW6LUEABU",2,Mitch McConnell,NA,NA,NA,NA,0.0005766760408273562
1222551611639246848,"Trump’s lawyers gave thousands to Mitch McConnell, Lindsey Graham and Ted Cruz before the impeachment trial began https://t.co/8qW6LUEABU",4,Ted Cruz,NA,NA,NA,NA,0.0005766760408273562
1356673765011165184,"RT @kylegriffin1: Fred Guttenberg to CNN on MTG:

""I want Kevin McCarthy to grow a spine today. He needs to do more than talk. And if we've…",2,Kevin McCarthy,NA,NA,NA,NA,0.0005766760408273562
1354588973750915072,What Rand Paul’s Procedural Failure Says About Donald Trump’s Survival https://t.co/SFqTN1pOOi via @Yahoo,2,Rand Paul,NA,NA,NA,NA,0.0005766760408273562
1251190760013279232,"A good day to read this @gtconway3d piece about the president's mental health: 
https://t.co/gOSl3o389D",1,president,NA,NA,NA,NA,0.0005766760408273562
1320443706260992000,With 9 days to go Kamala is being dispatched to Texas to campaign in person. They definitely think it's winnable. Biden slightly ahead in most recent polls.,2,Biden,NA,NA,NA,NA,0.0005766760408273562
1396073356714070016,"Ted Cruz insulted a 'woke, emasculated' U.S. Army ad. Angry veterans fired back.

""Perhaps a U.S. Senator shouldn't suggest that the *Russian* military is better than the American military.""
https://t.co/cwZspAxakn",2,Senator,NA,NA,NA,NA,0.0005766760408273562
1352585143245025280,Lawyer for 'QAnon Shaman' says he feels 'duped' by Trump after not getting a pardon https://t.co/MUuQ8Xkqhi,1,Trump,NA,NA,NA,NA,0.0005766760408273562
1398199245786783744,I am feeling a little down and depressed ia anyone up and would be willing to cheer me up I want my president back this really sucks a lot and yes I understand his rallies and stuff are coming back I just need some encourgment,1,president,NA,NA,NA,NA,0.0005766760408273562
1231277110200848384,"Obama said repeatedly Trump would never be president. When Trump became Republican nominee, Obama weaponized the most powerful agencies/offices in the world to stop him from winning, then to sabotage his incoming administration. Not one journo has asked him about it: https://t.co/YVXEEdXoKV",2,Trump,NA,NA,NA,NA,0.0005766760408273562
1290635470674722816,"Swan: ""I'm sure you've seen disturbing footage of people in fatigues beating the Navy veteran.""
Trump: ""No no no no no no. No. No. Here you go. Fake news.""
Swan: ""It's not fake news.""
Trump: ""No no.""
Swan: ""It's on video.""",1,Navy,NA,NA,NA,NA,0.0005766760408273562
1294824568952168448,The President’s brother has died https://t.co/1ZjRftErtF,1,President,NA,NA,NA,NA,0.0005766760408273562
1316838525493444608,"Unless Senator Ben Sasse puts his vote where his mouth is and comes out PUBLICLY in support of Joe Biden for President, this is all just impotent Romney-like noise. https://t.co/DLG2MEvjkT",2,President,NA,NA,NA,NA,0.0005766760408273562
1223035229130063872,"RT @funder: .@MittRomney-I just wanted to let you know if you vote against having witnesses, that will be all you are known for, for the re…",1,@MittRomney,NA,NA,NA,NA,0.0005766760408273562
1335297206883127296,"No, let's not make Neal Katyal AG nor put him on SCOTUS.

Earlier this week he was trying to let companies off the hook for child slavery: https://t.co/XVO88eiFZQ

He's currently helping Wells Fargo evade responsibility for predatory loans: https://t.co/GY64JkLi1x

/1 https://t.co/sPpl1zpVHm",1,SCOTUS,NA,NA,NA,NA,0.0005766760408273562
1371962654215012352,"To my new followers, my name is Sean Perryman. I quit my law firm when it defended Trump and joined Elijah Cummings in investigating Trump instead.

I’m a Democrat and will be Virginia’s next LG. I have 18k followers. Help me get to 20k by retweeting and following this account.",1,Trump,NA,NA,NA,NA,0.0005766760408273562
1324931076792459264,How many UHAULS full of Biden's ballots will show up in Michigan at 4AM overnight? Guess it...price is right style.,1,Biden,NA,NA,NA,NA,0.0005766760408273562
1311713146743205888,".@PressSec is asked to clarify President Trump's statement about finding ballots in a river.

Full video here: https://t.co/OcSaWpGbAE https://t.co/80dITnyffb",1,President Trump,NA,NA,NA,NA,0.0005766760408273562
1312874686041128960,"RT @kurteichenwald: “I finally get Covid. Now let me do a photo op exposing the Secret Service and staff to the virus, and go out to wave a…",1,Secret Service,NA,NA,NA,NA,0.0005766760408273562
1320561258274250752,"Donald Trump is only 3 years younger than Biden but the way they ask these fucking questions (and only to Biden) you would think Biden is 157 and Donald Trump is 35.

It's such bullshit.

And do you like how they got the age stuff in during the show and AGAIN as credits rolled.",2,Biden,NA,NA,NA,NA,0.0005766760408273562
1242117059921825792,RT @amyklobuchar: My husband has coronavirus. I love him &amp; not being able to be by his side is one of the hardest things about this disease…,1,@amyklobuchar,NA,NA,NA,NA,0.0005766760408273562
1324817182954524672,"RT @SkyNews: Mayor of Philadelphia Jim Kenney says Donald Trump needs to ""put his big boy pants on, he needs to acknowledge the fact that h…",1,Donald Trump,NA,NA,NA,NA,0.0005766760408273562
1287922366367105024,"So, @AOC just took to Instagram and raised $50,000 for immigrant families who've been frozen out of government help. Incredible. https://t.co/bzdWmdAALM",1,government,NA,NA,NA,NA,0.0005766760408273562
1360700946225848320,RT @_celia_bedelia_: Chuck Schumer should not be majority leader if he can’t stand up to Mitch McConnell’s bitch-ass.,2,Mitch McConnell,NA,NA,NA,NA,0.0005766760408273562
1296245738637123584,"RT @FBI: The FBI often receives information from members of the public, which is captured in our permanent files and released under FOIA la…",1,FBI,NA,NA,NA,NA,0.0005766760408273562
1287610142582743040,RT @socalaura: @ChidiNwatu @realDonaldTrump @FoxNews Defeated after his followers stop coming to rallies. Gives up on fighting Covid-19. Th…,1,@realDonaldTrump,NA,NA,NA,NA,0.0005766760408273562
1348666644252434432,RT @bhweingarten: It’s never really been about Trump. Sure they hated him as an individual. But what they really hated was the threat he po…,1,Trump,NA,NA,NA,NA,0.0005766760408273562
1419062506740408320,Congress MUST Now Investigate FBI/Kavanaugh Tips to See What The White House Knew and When It Knew It. The end of the Kavanaugh story has yet to be written. #JusticeMatters https://t.co/uM16zpWGqg via @YouTube,2,FBI,NA,NA,NA,NA,0.0005766760408273562
1307045470909485056,"@seanspicer @JoeBiden Sean, seriously,  no one cares what you have to say.",1,@JoeBiden,NA,NA,NA,NA,0.0005766760408273562
1268167411230007296,"In 3 1/2 years, I’ve done much more for our Black population than Joe Biden has done in 43 years. Actually, he set them back big time with his Crime Bill, which he doesn’t even remember. I’ve done more for Black Americans, in fact, than any President in U.S. history, with...",2,President,NA,NA,NA,NA,0.0005766760408273562
1318681999201259520,@realDonaldTrump Electoral intrusion 🤔,1,@realDonaldTrump,NA,NA,NA,NA,0.0005766760408273562
1264984401361936384,RT @EdwardBeebout: @realDonaldTrump I would call riding around in a golf cart all day VERY little exercise. Which is one reason why you are…,1,@realDonaldTrump,NA,NA,NA,NA,0.0005766760408273562
1272935526123876352,NOT TRUE what @realDonaldTrump  said that @BarackObama &amp;  @JoeBiden did nothing! The Obama admin had 21st Century Policing enforced by the DOJ &amp; its Civil Rights Division. Pattern &amp; Practice &amp; body cams were part of the accountability then. Trump abolished the Civil Rights office,3,DOJ,NA,NA,NA,NA,0.0005766760408273562
1278199043420610560,"I want to say again ...do not get comfortable with the polls
He was behind last time too ...
I think a  lot of trump stumpers don’t answer surveys 
But they vote .
Which makes for surprises 
And they’re going to cheat
And the Russians will try to mess it up any way they can",1,trump,NA,NA,NA,NA,0.0005766760408273562
1325554412551593984,"Joe Biden is calling for unity. That’s nice. I look forward to his condemnation of Michelle Obama, who suggested that 70 million Americans who didn’t vote for Biden supported “lies, hate, chaos and division” in order to vote for the “status quo.”",1,Joe Biden,NA,NA,NA,NA,0.0005766760408273562
1216814637569712128,"I just called @FEMA in Washington DC to find out if there was a status update on whether or not President Trump will sign the major disaster declaration request for Puerto Rico, due to ongoing, damaging earthquakes.

I was told: ""it's still under consideration:""",2,@FEMA,NA,NA,NA,NA,0.0005766760408273562
1431040709138780160,'We will hunt you down and make you pay': Biden vows justice for US Marines killed by ISIS-K - Raw Story - Celebrating 17 Years of Independent Journalism https://t.co/yHOcSnNuxg,1,Biden,NA,NA,NA,NA,0.0005766760408273562
1268268556141166592,"RT @BarackObama: And third, an extraordinary essay by the former Chairman of the Joint Chiefs of Staff of the U.S. Armed Forces, Mike Mulle…",2,U.S. Armed Forces,NA,NA,NA,NA,0.0005766760408273562
1250100597963075584,Don’t lecture the rest of us Senator. Get some balls. Address this publicly &amp; directly to Donald Trump. https://t.co/iQSFXkPi6R,1,Donald Trump,NA,NA,NA,NA,0.0005766760408273562
1416427752618668032,"RT @pilitobar46: .@POTUS statement on #DACA decision 👇🏽

“DOJ intends to appeal this decision. As the court recognized, @DHSgov plans to is…",1,@POTUS,NA,NA,NA,NA,0.0005766760408273562
1416427752618668032,"RT @pilitobar46: .@POTUS statement on #DACA decision 👇🏽

“DOJ intends to appeal this decision. As the court recognized, @DHSgov plans to is…",3,@DHSgov,NA,NA,NA,NA,0.0005766760408273562
1295933524386574336,"Because unlike the President of the United States, we understand that we're expected to play by the rules. Candidates that come to the convention over a delegate threshold receive a nomination. Senator Sanders did, so he gets a nomination. It's unity and respect, not division. https://t.co/H2aRx2iBNV",2,Senator Sanders,NA,NA,NA,NA,0.0005766760408273562
1463673849132822528,Weakening someone else’s rights weakens your rights as well. Giving the government the power to silence one viewpoint gives it the power to silence your viewpoint. The other side would love that power. https://t.co/5NVsD32c7O,1,government,NA,NA,NA,NA,0.0005766760408273562
1316182399152078848,"RT @mishacollins: 🚨Stop what you’re doing &amp; complete the Census now! 🚨

Trump just won a Supreme Court case to shut it down prematurely. Th…",2,Trump,NA,NA,NA,NA,0.0005766760408273562
1428008469924220928,"Trinity Mount Ministries - NCMEC - AMBER Alerts - Active Missing Children Posters - UPDATE II - 08/18/2021

https://t.co/lQU9GnNHU3

#TrinityMountMinistries #NCMEC #AMBERAlerts #MissingChildren #ChildSafety #OnlineSafety #CyberTipline #ReportAbuse #DOJ #FBI #BrettFletcher https://t.co/c1jyjT4HM5",1,DOJ,NA,NA,NA,NA,0.0005766760408273562
1363957885470990336,"RT @DemocracyDocket: ⚖️A case 8 years in the making, Brnovich v. DNC is the biggest election case this #SCOTUS term. Here’s everything you…",1,SCOTUS,NA,NA,NA,NA,0.0005766760408273562
1452605821141938176,@POTUS puppies? China virus from wuhan? Come on man. Fire Fauci.,1,@POTUS,NA,NA,NA,NA,0.0005766760408273562
1349439159061127168,RT @DWUhlfelderLaw: Twitter locks account of congresswoman who live-tweeted about Nancy Pelosi's location during riot  https://t.co/hSAkBgV…,2,congresswoman,NA,NA,NA,NA,0.0005766760408273562
1224780166725087232,BREAKING! McConnell orders special toilet paper to celebrate Senate’s pending acquittal of trump. #MoscowMitchTraitor #GOPCoverup https://t.co/SzohD1vu9K,1,Senate,NA,NA,NA,NA,0.0005766760408273562
1223770716308418560,Here’s how things look in Cedar Rapids at tonight’s @BernieSanders rally. Easily the biggest crowd since Queens back in October. https://t.co/07nFQqD4SM,1,@BernieSanders,NA,NA,NA,NA,0.0005766760408273562
1267245799844524032,RT @YourAnonCentral: #Anonymous offensive against Trump and the U.S. police to stop systematic impunity and the rampant state-sanctioned st…,1,Trump,NA,NA,NA,NA,0.0005766760408273562
1213265064469229568,"RT @marcorubio: Recent strike triggered a fresh debate in Congress about War Powers? 

Why?

@potus doesn’t need approval from Congress to…",1,Congress,NA,NA,NA,NA,0.0005766760408273562
1213265064469229568,"RT @marcorubio: Recent strike triggered a fresh debate in Congress about War Powers? 

Why?

@potus doesn’t need approval from Congress to…",3,@marcorubio,NA,NA,NA,NA,0.0005766760408273562
1401314089406767104,"RT @SenSchumer: WATCH: I'm talking with @SenGianaris, Bishop @MitchellGTaylor and @UrbanUpbound_NY, and @KBainNYC in Queens about how we're…",1,@SenSchumer,NA,NA,NA,NA,0.0005766760408273562
1325293805436891136,"@Optimus_D_ @Anna26639661 @PastorTimothyJ @JoeBiden We did get rid of him. You can leave too. BIDEN is president, it's over.",2,president,NA,NA,NA,NA,0.0005766760408273562
1319310184280432640,"@justinbaragona the trump administration is DESPERATE to connect with non-foxnews viewers...they are realizing that they keep talking to same 4-5 million people night after night. The same voters go to trump rallies, 10-20 times in past 5 years. There is NO trump voter growth.",1,trump administration,NA,NA,NA,NA,0.0005766760408273562
1332711378596061184,RT @RepDavids: Kansas small businesses need our support more than ever in these tough times. Remember to #ShopSmall and support our local e…,1,@RepDavid,NA,NA,NA,NA,0.0005766760408273562
1324711742774026240,"RT @PpollingNumbers: BREAKING NEWS:
Joe Biden has been elected the 46th President of the United States of America.

Via @DecisionDeskHQ",2,President,NA,NA,NA,NA,0.0005766760408273562
1270695174654566400,"Washington, D.C., National Guardsmen test positive for COVID-19 https://t.co/tr08ROd57s via @TODAYshow 
Well, we saw this coming, didn't we ???",1,National Guard,NA,NA,NA,NA,0.0005766760408273562
1325640882796761088,"Biden team has only 10 weeks to complete a massive transition.  By his childish antics, Trump threatens to gum up the works &amp; delay help for tens of millions of Americans.  No President in history has been more selfish.  @CNN",2,Biden,NA,NA,NA,NA,0.0005766760408273562
1289241881537392640,"NEW from CDC: #COVID19 outbreak at an overnight camp in Georgia infects *at least* 260 campers &amp; staff.
-51% of positives 6-10yo
-44% 11-17 yo
-Camp required a test &lt;12 days before arriving &amp; attempted ""pods""
-Masks required for staff but NOT campers
(1/2)",1,CDC,NA,NA,NA,NA,0.0005766760408273562
1305521751238025216,"Even Joe Biden knows it is safe to vote in person!
https://t.co/tMKfJvUjsL",1,Joe Biden,NA,NA,NA,NA,0.0005766760408273562
1370934301123051520,"RT @VP: Today, I #SayHerName. Breonna Taylor. Her life and her dreams were needlessly cut short. @POTUS and I will continue to push for pol…",1,@VP,NA,NA,NA,NA,0.0005766760408273562
1336903466711724032,"You guys, who knew that all we had to do if we didn't like the results of the 2016 election was to file 100 crazy lawsuits and just claim fraud and we won, Hillary would have been President. Let's just redo 2016.🙄",1,President,NA,NA,NA,NA,0.0005766760408273562
1346685732363116544,"@nathanwall03674 @sunrisemvmt A new approach is needed, outside the two party racket. Support for Biden did more damage for progress than what four years of Trump couldn't do",2,Trump,NA,NA,NA,NA,0.0005766760408273562
1292645025046843392,RT @joncoopertweets: FUN FACT: Trump announced that he plans to end Social Security if he’s re-elected.,1,Trump,NA,NA,NA,NA,0.0005766760408273562
1434702051892736000,"An interesting theory by ⁦@tribelaw⁩ - Texas abortion law as a federal criminal civil rights violation, prosecutable by DOJ.  https://t.co/QagPULQiBx",1,DOJ,NA,NA,NA,NA,0.0005766760408273562
1338932163098648576,"RT @GovMikeDeWine: During the week of New Year’s, we should receive an additional 148,000 @Pfizer vaccines and an additional 89,000 doses o…",1,@GovMikeDeWine,NA,NA,NA,NA,0.0005766760408273562
1260941526705864704,@realDonaldTrump Shhh...I'd rather hear from him than you.,1,@realDonaldTrump,NA,NA,NA,NA,0.0005766760408273562
1222814996075360256,"RT @HuffPost: Democrats said they were ""stunned"" by the argument delivered by White House deputy counsel Patrick Philbin. https://t.co/plRp…",1,White House,NA,NA,NA,NA,0.0005766760408273562
1340399606014865408,"So the president is discussing appointing as a special counsel someone whose deranged crackpot conspiracy theories have been laughed out of court, while consulting a retired general who has been musing about using the military to force new elections in states Biden won. https://t.co/36faZNDlHr",2,Biden,NA,NA,NA,NA,0.0005766760408273562
1277936895377448960,"Biden: “I'm going to get rid of most of Trump's tax cuts” - I’m sure that would be good for the economy, wages, jobs and 401k’s 🙄 https://t.co/Jw7EjrRHbD",2,Trump,NA,NA,NA,NA,0.0005766760408273562
1369308247254044672,"President Trump issued a fiery statement, telling #TrumpSupporters “No more money for RINOS,” directing donations to his campaign website and the Save America political action committee, instead of the #RNC. https://t.co/e8VWqWBW4F",1,President Trump,NA,NA,NA,NA,0.0005766760408273562
1289403650209529856,"RT @jenjones207: @RedTRaccoon @Zillanna My 20 and 21 year olds both hate Trump and are ready to check that Biden box, even my 18 is going t…",1,Trump,NA,NA,NA,NA,0.0005766760408273562
1331231037553324032,"Joe Biden is rolling in Obama Administration alumni as if Trump wasn’t elected because of Obama’s Administration. 

There is nothing like repeating parts of history that aren’t worth repeating. Why not just elect a segregationist while we are at it?

Oh, wait...",1,Joe Biden,NA,NA,NA,NA,0.0005766760408273562
1273682188756832256,"RT @JoeBiden: Thanks, Barack. You're right — and we won't stop until every Dreamer feels safe in this country. https://t.co/fVoZRhabRy",1,@JoeBiden,NA,NA,NA,NA,0.0005766760408273562
1244657449489125376,"RT @PopCrave: Cardi B calls out celebrities &amp; the government:

“If [Trump] is saying ‘if you don’t have any symptoms of the Coronavirus do…",1,government,NA,NA,NA,NA,0.0005766760408273562
1350108412214996992,RT @BarbaraBoxer: As I listened to our president elect forcefully address the twin issues that are ravaging our country-covid and job loss-…,1,president,NA,NA,NA,NA,0.0005766760408273562
1261781679691227136,Trump is going to lose his mind tonight isn't he?,1,Trump,NA,NA,NA,NA,0.0005766760408273562
1215709437215825920,"BREAKING: Trump privately said one reason he had the Iranian General killed was to ensure some Republican Senators would support him in the upcoming impeachment trial. Trump is a disgrace and a danger to us all. The Senate must remove him, and then he should be thrown in prison.",1,Republican Senators,NA,NA,NA,NA,0.0005766760408273562
1307197821234315264,"The Notorious RBG

#AddRuthImproveAnything https://t.co/wbgzZvaipU",1,Notorious RBG,NA,NA,NA,NA,0.0005766760408273562
1237130759774896128,"@Impulse725 @IRHotTakes In what universe is ""winning 573 delegates to Biden's 664 so far, with votes that will probably narrow the margin still out in California and a recount impending in Texas"" a strategic collapse? I look forward to your statement being proven wrong tomorrow",1,Biden,NA,NA,NA,NA,0.0005766760408273562
1354138948617043968,"White House press secretary Jen Psaki says Biden called Putin this afternoon and spoke about the SolarWinds hack, alleged Russian bounties on US troops, 2020 election interference, and the Navalny poisoning.",2,Biden,NA,NA,NA,NA,0.0005766760408273562
1325350120129519616,Can’t wait til tomorrow when the Trump campaign has press conferences at the Days Inn Manure Factory and the Hilton Toxic Waste Dump,1,Trump,NA,NA,NA,NA,0.0005766760408273562
1321463656278855680,"As a senator, Joe Biden voted to raise taxes on Social Security benefits.

As vice president, Biden broke his promise and enacted new taxes on middle-class Americans.

Now he's running on a far-left agenda that will cost the average American family $6,500 per year.",3,senator,NA,NA,NA,NA,0.0005766760408273562
1300861874498686976,RT if you demand @realDonaldTrump release his tax returns and medical records like @JoeBiden has done!,1,@realDonaldTrump,NA,NA,NA,NA,0.0005766760408273562
1223389444843233280,"If Chuck Schumer has the right to put forward amendments, and if the Senate has to debate those amendments, why couldn't he put forward 3 amendments to force the recusal of those 3 GOP jurors who are witnesses in the case? In argument, the managers could establish their conflict.",1,Senate,NA,NA,NA,NA,0.0005766760408273562
1260625700853354496,"Trump’s team is pushing the CDC to change how US coronavirus deaths are calculated, so the number is lower. The biggest coverup in American history.",1,CDC,NA,NA,NA,NA,0.0005766760408273562
1228794428359200768,RT @BamjcastA: We've heard no complaints for months. That gives the appearance of a happy Trump. The Fed pouring in  money to artificially…,2,Trump,NA,NA,NA,NA,0.0005766760408273562
1233083480696852480,"TTT. There were ~180 narco subs last year, most got through. I tried to estimate the total. #NarcoSubs #Narcos narcosubmarino #SubThursday #Navy @USCG
https://t.co/y1nHxV1SYv",2,@USCG,NA,NA,NA,NA,0.0005766760408273562
1303920030464212992,"We need 20,000 retweets on this: @JoeBiden has 9.3 million followers. Retweet, follow him get to 10 million followers.",1,@JoeBiden,NA,NA,NA,NA,0.0005766760408273562
1206608354371612672,"Hey folks, I need your help. There's a bad situation right now with Trump's Department of Health and Human Services. First, I'm going to tell you what happened, and then, I'm going to tell you what we can all do about it immediately. (thread)",2,Trump,NA,NA,NA,NA,0.0005766760408273562
1348746199151599616,RT @JoyAnnReid: It's clear that Trump's fanatical supporters -- the obvious ones and even some of the seemingly ordinary ones -- pose a cle…,1,Trump,NA,NA,NA,NA,0.0005766760408273562
1313977616647417856,"May the fierce be with her.
@KamalaHarris @HamillHimself 
#VPDebate https://t.co/WAIF1q6dIg",1,@KamalaHarris,NA,NA,NA,NA,0.0005766760408273562
1241861386705256448,RT @RepMaxineWaters: The way Dr. Fauci bowed his head in shame &amp; disgust listening to Trump spout his Fox News talking points is how all of…,1,Dr. Fauci,NA,NA,NA,NA,0.0005766760408273562
1241861386705256448,RT @RepMaxineWaters: The way Dr. Fauci bowed his head in shame &amp; disgust listening to Trump spout his Fox News talking points is how all of…,3,Trump,NA,NA,NA,NA,0.0005766760408273562
1221664553387339776,@realDonaldTrump https://t.co/Ec6AuRpo7q,1,@realDonaldTrump,NA,NA,NA,NA,0.0005766760408273562
1293611289353363456,RT @lexatrexa: maybe unpopular opinion ?? but a celebrity publicly supporting biden/harris doesn’t necessarily mean they’re that moderate/c…,2,harris,NA,NA,NA,NA,0.0005766760408273562
1210336008962789376,"#BlueWave2020 #Resistance We need to rally everyone you know in KY! I know that every single friend and relative of mine, in that state, will be voting for  @AmyMcGrathKY 
#MoscowMitch has run his course in the Senate and it's time to put him into retirement! https://t.co/GrRspNm0r6",2,Senate,NA,NA,NA,NA,0.0005766760408273562
1212624809764540416,"RT @fred_guttenberg: Follow this thread.  It is clear to me @BernieSanders supporters are like Trump supporters. Same tactics like lying, i…",1,@BernieSanders,NA,NA,NA,NA,0.0005766760408273562
1274811368714178560,"@devinfoley8625 @Qwarantinebored @Bri871Ed @spinninpeen @Kelly7500 @Ramb_Stonk @realDonaldTrump @JoeBiden Yes but we’ll over 100,000 have died and hospitals in many places have been and will be overwhelmed.",1,@realDonaldTrump,NA,NA,NA,NA,0.0005766760408273562
1248765009527574528,@Joe_Friedman_ @AgiaTheBun @WagsKoop @SteFonzie @usclimatestrike @JoeBiden (Libs don’t care about them),1,@JoeBiden,NA,NA,NA,NA,0.0005766760408273562
1207403033732120576,"@justinamash
 represent your constituents in MI &amp; vote NO on the articles of impeachment of President Donald John Trump.  No proof of High Crimes &amp; Misdemeanors has been presented.  This is not ""your"" vote, rather it is ""our vote"", the people who sent you to DC. 
@realDonaldTrump",2,@realDonaldTrump,NA,NA,T,NA,0.0377184782244607
1248617123506614272,@Strandjunker @realDonaldTrump He is doing a great job.,1,@realDonaldTrump,NA,NA,T,NA,0.0377184782244607
1353849346622558208,"I’d like to know if Steven Mnuchin will be investigated and charged with funneling $500B of PPP Covid relief loans, giving millions to himself, Kushner, Devin Nunes, Betsy DeVos, Joel Osteen, Kanye West, Tom Brady, $334K to Moscow Mitch’s wife Elaine Chao. Give that money back.",1,Moscow Mitch,NA,NA,D,NA,0.06691171076667372
1353849346622558208,"I’d like to know if Steven Mnuchin will be investigated and charged with funneling $500B of PPP Covid relief loans, giving millions to himself, Kushner, Devin Nunes, Betsy DeVos, Joel Osteen, Kanye West, Tom Brady, $334K to Moscow Mitch’s wife Elaine Chao. Give that money back.",4,Betsy DeVos,NA,NA,D,NA,0.06691171076667372
1362839037556400128,"If the below is true, Louis DeJoy committed perjury. That’s a crime.

Last August @RepJeffries and I requested the @FBI to investigate Postmaster General DeJoy. No one should be above the law. https://t.co/QHq2LjhU2a",2,Postmaster General DeJoy,NA,NA,D,NA,0.06691171076667372
1338870418686545920,RT @AndyOstroy: Interesting how @senatemajldr #MoscowMitch #McConnell waited for #Putin to congratulate #Biden before he did. I guess it's…,1,@senatemajldr,NA,NA,D,NA,0.06691171076667372
1274191428189552640,"RT @funder: BREAKING: Trump “is ethically unfit and intellectually unprepared to be president of the United States."" Speaker Pelosi",3,Trump,NA,NA,D,NA,0.06691171076667372
1333150095370383360,"RT @MSNBC: Obama: ""I'm less surprised by Donald Trump doing this. He has shown only a flimsy relationship to the truth. I'm more troubled t…",1,Donald Trump,NA,NA,D,NA,0.06691171076667372
1334316126096986112,"RT @JuddLegum: In rambling video posted on Facebook and YouTube, Trump says the last four years have been like ""living in hell.""",1,Trump,NA,NA,D,NA,0.06691171076667372
1464971896865312768,No one makes me miss President Trump more than Biden.,2,Biden,NA,NA,D,NA,0.06691171076667372
1272936285267730432,Trump's executive order did not ban chokeholds. Don't repeat his words that have no meaning.,1,Trump,NA,NA,D,NA,0.06691171076667372
1381951308463288320,"If you believe Matt Gaetz should be expelled from Congress please retweet this, because I would like to follow you.",2,Matt Gaetz,NA,NA,D,NA,0.06691171076667372
1326316879925964800,"DONALD TRUMP, recount Stop the Count Proof Read &amp; check it all twice,  it’s over DIKC STAIN . Get the Boxes &amp; Tape bring in the moving Trucks. F YOU. https://t.co/XBl63l0l1G",1,DONALD TRUMP,NA,NA,D,NA,0.06691171076667372
1300818976759582720,"RT @brianstelter: Everyone in Portland, Oregon knows that the president is lying when he says ""the entire city is ablaze all the time."" So…",1,president,NA,NA,D,NA,0.06691171076667372
1341549161498423296,"RT @YAppelbaum: 3. “Trump is a war-crimes enthusiast,” writes @AdamSerwer, adding that the president seeks to ""forge the [military] into a…",1,president,NA,NA,D,NA,0.06691171076667372
1262852407412883456,"BREAKING:  A US Federal Judge has just allowed a lawsuit accusing President Trump and his 3 children of preying on investors, to proceed.

The Judge has DENIED the request of #PresidentPlump for a stay.",1,President Trump,NA,NA,D,NA,0.06691171076667372
1239250322217984000,"RT @charliekirk11: BREAKING:

New reports claim that the FBI &amp; DOJ have “lost” General Michael Flynn’s records

Is this just like how Bob M…",2,DOJ,NA,NA,D,NA,0.06691171076667372
1227455505704026112,"@Culinary226 Here's the facts.
What do your union members do when they're needing care out of network? 
They're screwed. #MedicareForAll fixes that. 
Maybe you should talk with @NationalNurses &amp; get the facts.
#Bernie2020",1,Medicare,NA,T,NA,NA,0.08531238307615178
1306430235127296000,"Is it just me, or did Nixon do a hell of a lot less than Trump at this point?",1,Trump,T,NA,NA,NA,0.08733974266170172
1287882884028612608,@RepsForBiden Biden is the ONLY CHOICE!,1,Biden,T,NA,NA,NA,0.08733974266170172
1456274378845409280,"Look sheeple, a gallon of milk was FREE when Donald Trump (🇺🇸) was our REEL PRESIDENT and now it costs $37 a gallon under LOSER SLEePY JOE BIDEN. My family drinks 27 gallons of milk a week because WE ARE PATRIOTS WHO LOVE GOD and we are now broke AND constipated. LET'S GO BRANDON",2,PRESIDENT,T,NA,NA,NA,0.08733974266170172
1305502619608195072,@realDonaldTrump I don't know... you gave away the surplus from Obama's Administration to the wealthiest 1%...,1,@realDonaldTrump,NA,D,NA,NA,0.1650878863528996
1360652815807500288,Chuck Schumer should not be majority leader if he can’t stand up to Mitch McConnell’s bitch-ass.,2,Mitch McConnell,NA,D,NA,NA,0.1650878863528996
1295432956216053760,Veterans should be able to count on @USPS to quickly deliver their prescription drugs. But veterans across the country are reporting major delays. I'm joining my colleagues in calling on the Postmaster General to immediately reverse the operational changes causing these issues.,1,@USPS,NA,D,NA,NA,0.1650878863528996
1283572317117771776,RT @atrupar: Trump has numbed us to how unethical it is for White House officials (including the president) to promote private businesses t…,1,White House,NA,D,NA,NA,0.1650878863528996
1250100597963075584,Don’t lecture the rest of us Senator. Get some balls. Address this publicly &amp; directly to Donald Trump. https://t.co/iQSFXkPi6R,2,Senator,NA,D,NA,NA,0.1650878863528996
1276380722912096256,"@KhrissyKitten @TheCollectiveQ @POTUS The country is circling the drain. The GOP had the majority in both houses for 6 years, 2 of them with trump in power. How in the world is everything going wrong on the Dems while any tiny success is 100% trump's genius?",1,@POTUS,NA,D,NA,NA,0.1650878863528996
1346685732363116544,"@nathanwall03674 @sunrisemvmt A new approach is needed, outside the two party racket. Support for Biden did more damage for progress than what four years of Trump couldn't do",1,Biden,NA,D,NA,NA,0.1650878863528996
1314256495983259648,@davidlipson @abcnews @realDonaldTrump Still going to ignore the existence of these domestic terror groups??,1,@realDonaldTrump,NA,D,NA,NA,0.1650878863528996
1358177701635366912,"@breannamorello According to Google, Joe Bidens net worth is 9m after 50 years in office. Meanwhile Hunter just bought a 5.4m home whilst never having a job. Nothing suspicious here at all",1,Joe Biden,NA,D,NA,NA,0.1650878863528996
1436767032519823360,ICYMI: Two Republican Senators  Blocked 9/11 Victims Funding Because They Said It Would Cost Too Much https://t.co/JVQya1ltVM,1,Republican Senators,D,NA,NA,NA,0.22268563186040022
1315433879067451392,Former top Postal Service official testifies Mnuchin and White House were involved in slowing mail - CBS News https://t.co/JVrI73BFOm,2,White House,D,NA,NA,NA,0.22268563186040022
1329822265274462208,RT @PeteButtigieg: Protecting the outgoing president's ego is not worth undermining national security.,2,@PeteButtigieg,D,NA,NA,NA,0.22268563186040022
1261040646632214528,Stand by for some news about taxpayer funds being paid to @realdonaldtrump's businesses!,1,@realdonaldtrump,D,NA,NA,NA,0.22268563186040022
1266097457399726080,New Report Claims Trump And Barr Are Reportedly Planning To Use Executive Order To Collect Information And Monitor People On Social Media https://t.co/yegP4kuoh1,1,Trump,D,NA,NA,NA,0.22268563186040022
1308482783480893440,@realDonaldTrump Voting your ass out!,1,@realDonaldTrump,D,NA,NA,NA,0.22268563186040022
1226946491551494144,"Every few years, DOD gets an idea to cut off this critical news lifeline to troops downrange. Usually, folks over there come to their senses before doing to much damage. Here's hoping that happens again this cycle. I imagine Congress will have plenty of questions. https://t.co/TVWImicJ4E",1,DOD,D,NA,NA,NA,0.22268563186040022
1290316102392659968,RT @IngrahamAngle: As predicted since April—Biden CANNOT debate Trump and thus will get cover from his media pals not to:  “Let’s Scrap the…,1,Biden,D,NA,NA,NA,0.22268563186040022
1311138322304192512,"I teach elementary school children aged 6-10 years. If a kid were ever to behave like the American ""president"" did tonight, I would send her or him out of the classroom immediately and have a very serious talk with the parents.

#Debates2020 ""Trump and Biden"" ""CLOWN"" ""Omg Trump"" https://t.co/0QZrBrGpkF",2,Trump,D,NA,NA,NA,0.22268563186040022
1348257933033938944,"RT @Eugene_Scott: “I got called a n****r 15 times today,” the veteran officer shouted. “Trump did this and we got all of these fucking peop…",1,Trump,D,NA,NA,NA,0.22268563186040022
1352012952925315072,"Congratulations to Georgia’s U.S. Senators, @ossoff and @ReverendWarnock, who were sworn in moments ago. I am proud to call you my Senators and my friends. #gapol #InaugurationDay https://t.co/Rq748ZgRMm",1,Senators,T,T,T,T,0.0003913549382214059
1352012952925315072,"Congratulations to Georgia’s U.S. Senators, @ossoff and @ReverendWarnock, who were sworn in moments ago. I am proud to call you my Senators and my friends. #gapol #InaugurationDay https://t.co/Rq748ZgRMm",3,@ReverendWarnock,T,T,T,T,0.0003913549382214059
1248423162070446080,"CONTACT YOUR REPS. The US Postal Service is how many people get paid, get their medications, and ship items as a small business. And, of course, VOTING. It's essential that we prevent the collapse of the USPS.

Can we get rid of this ""must pre-fund 75 years of pensions"" crap? https://t.co/Rjg2fk9Xeh",1,Postal Service,T,T,T,T,0.0003913549382214059
1295407319694680064,Getting ready to land in Minneapolis. Our great National Guard saved the city from further destruction. Should have been called up sooner by local government!,1,National Guard,T,T,T,T,0.0003913549382214059
1245883252264534016,"I have learned more about the deep roots of corruption in our government, politicians, and the media through 3+ years of President Trump than I did the entire previous 37 years of my life.

THAT’S why I trust in Trump.",1,President Trump,T,T,T,T,0.0003913549382214059
1293975572360486912,President Trump deserves the Nobel Peace Prize.,1,President Trump,T,T,T,T,0.0003913549382214059
1264692881450729472,Get on the Trump Train we will have a better life with Trump,1,Trump,T,T,T,T,0.0003913549382214059
1325859406349799424,"I am pleased to announce that Christopher C. Miller, the highly respected Director of the National Counterterrorism Center (unanimously confirmed by the Senate), will be Acting Secretary of Defense, effective immediately..",3,Christopher C. Miller,T,T,T,T,0.0003913549382214059
1335752478701318144,"The bipartisan COVID deal America urgently needs is now on the table thanks to @SenatorCollins @Sen_JoeManchin, &amp; @SenBillCassidy. It's time for the leadership to act. @NoLabelsOrg demands @SpeakerPelosi &amp; @senatemajldr put it to a vote now! #LetCongressVote",2,@Sen_JoeManchin,T,T,T,T,0.0003913549382214059
1239973564268154880,"For Donald Trump It’s Always Been AMERICA FIRST!

#AmericaFirst 

https://t.co/Ul9xJhxpze",1,Donald Trump,T,T,T,T,0.0003913549382214059
1314014952332632064,Kamala makes a great case about transparency. Mike Pence is there to obfuscate.,2,Kamala,T,T,T,T,0.0003913549382214059
1260254073078657024,"Our president is out every single day talking and working with others, yet @JoeBiden is hiding in his basement. Which kind of president do y'all want?",1,president,T,T,T,T,0.0003913549382214059
1366722946786590720,"Every morning, I wake up grateful that @JoeBiden is president.",2,president,T,T,T,T,0.0003913549382214059
1249883649979420672,"@realDonaldTrump Great job shaming the Fake News, Mr. President. https://t.co/gAfSnr2xk0",2,President,T,T,NA,T,0.12019967195774146
1360235705256079360,"Joe Biden is a decent human being.

After an era of bottomless indecency, that is a healing balm to wounds still fresh. https://t.co/gEf6ZRbutX",1,Joe Biden,T,T,NA,T,0.12019967195774146
1430568005554032640,"After a rigorous process, the FDA reaffirmed its findings that the Pfizer COVID-19 vaccine is safe and effective — and gave its full and final approval this week.

So please, get vaccinated today and let’s put an end to this pandemic.",1,FDA,T,T,NA,T,0.12019967195774146
1241445759272333312,"The best @JoeBiden add to date!

A briefing similar to this, (@RonaldKlain leading?) every weekday, (after Trump's BS brief) would allow Dems to immediately speak to lies, disinformation, and offer both solutions and an example of the kind of leadership America needs! Watch👇 https://t.co/aFGRNmfqZ8",1,@JoeBiden,NA,T,T,T,0.24626976807572962
1351954863962390528,Congratulations President Biden and Vice President Harris. So happy for you both and hopeful for the days ahead - Rick x #Inauguration2021 @POTUS @VP,1,President Biden,T,NA,T,T,0.2489300639380965
1351954863962390528,Congratulations President Biden and Vice President Harris. So happy for you both and hopeful for the days ahead - Rick x #Inauguration2021 @POTUS @VP,3,@POTUS,T,NA,T,T,0.2489300639380965
1456274378845409280,"Look sheeple, a gallon of milk was FREE when Donald Trump (🇺🇸) was our REEL PRESIDENT and now it costs $37 a gallon under LOSER SLEePY JOE BIDEN. My family drinks 27 gallons of milk a week because WE ARE PATRIOTS WHO LOVE GOD and we are now broke AND constipated. LET'S GO BRANDON",1,Donald Trump,T,NA,T,T,0.2489300639380965
